dataset,run_directory,kernel,requested_epoch,source_validation_index,layer_i,layer_j,similarity
standard_airfoil,/home/hwz/Transolver/LINEARNO/monitor/analysis/transolver_monitor_output_20260917_074049/LINEARNO/monitor/output/standard_airfoil/20260916_193631_standard_airfoil_Transolver_train,full,1,1,1,1,1
standard_airfoil,/home/hwz/Transolver/LINEARNO/monitor/analysis/transolver_monitor_output_20260917_074049/LINEARNO/monitor/output/standard_airfoil/20260916_193631_standard_airfoil_Transolver_train,full,1,1,1,2,0.9998633582
standard_airfoil,/home/hwz/Transolver/LINEARNO/monitor/analysis/transolver_monitor_output_20260917_074049/LINEARNO/monitor/output/standard_airfoil/20260916_193631_standard_airfoil_Transolver_train,full,1,1,1,3,0.9998536669
standard_airfoil,/home/hwz/Transolver/LINEARNO/monitor/analysis/transolver_monitor_output_20260917_074049/LINEARNO/monitor/output/standard_airfoil/20260916_193631_standard_airfoil_Transolver_train,full,1,1,1,4,0.9998534564
standard_airfoil,/home/hwz/Transolver/LINEARNO/monitor/analysis/transolver_monitor_output_20260917_074049/LINEARNO/monitor/output/standard_airfoil/20260916_193631_standard_airfoil_Transolver_train,full,1,1,1,5,0.9998716433
standard_airfoil,/home/hwz/Transolver/LINEARNO/monitor/analysis/transolver_monitor_output_20260917_074049/LINEARNO/monitor/output/standard_airfoil/20260916_193631_standard_airfoil_Transolver_train,full,1,1,1,6,0.999852607
standard_airfoil,/home/hwz/Transolver/LINEARNO/monitor/analysis/transolver_monitor_output_20260917_074049/LINEARNO/monitor/output/standard_airfoil/20260916_193631_standard_airfoil_Transolver_train,full,1,1,1,7,0.9998398423
standard_airfoil,/home/hwz/Transolver/LINEARNO/monitor/analysis/transolver_monitor_output_20260917_074049/LINEARNO/monitor/output/standard_airfoil/20260916_193631_standard_airfoil_Transolver_train,full,1,1,1,8,0.9998395965
standard_airfoil,/home/hwz/Transolver/LINEARNO/monitor/analysis/transolver_monitor_output_20260917_074049/LINEARNO/monitor/output/standard_airfoil/20260916_193631_standard_airfoil_Transolver_train,full,1,1,2,1,0.9998633582
standard_airfoil,/home/hwz/Transolver/LINEARNO/monitor/analysis/transolver_monitor_output_20260917_074049/LINEARNO/monitor/output/standard_airfoil/20260916_193631_standard_airfoil_Transolver_train,full,1,1,2,2,1
standard_airfoil,/home/hwz/Transolver/LINEARNO/monitor/analysis/transolver_monitor_output_20260917_074049/LINEARNO/monitor/output/standard_airfoil/20260916_193631_standard_airfoil_Transolver_train,full,1,1,2,3,1
standard_airfoil,/home/hwz/Transolver/LINEARNO/monitor/analysis/transolver_monitor_output_20260917_074049/LINEARNO/monitor/output/standard_airfoil/20260916_193631_standard_airfoil_Transolver_train,full,1,1,2,4,1
standard_airfoil,/home/hwz/Transolver/LINEARNO/monitor/analysis/transolver_monitor_output_20260917_074049/LINEARNO/monitor/output/standard_airfoil/20260916_193631_standard_airfoil_Transolver_train,full,1,1,2,5,1
standard_airfoil,/home/hwz/Transolver/LINEARNO/monitor/analysis/transolver_monitor_output_20260917_074049/LINEARNO/monitor/output/standard_airfoil/20260916_193631_standard_airfoil_Transolver_train,full,1,1,2,6,1
standard_airfoil,/home/hwz/Transolver/LINEARNO/monitor/analysis/transolver_monitor_output_20260917_074049/LINEARNO/monitor/output/standard_airfoil/20260916_193631_standard_airfoil_Transolver_train,full,1,1,2,7,1
standard_airfoil,/home/hwz/Transolver/LINEARNO/monitor/analysis/transolver_monitor_output_20260917_074049/LINEARNO/monitor/output/standard_airfoil/20260916_193631_standard_airfoil_Transolver_train,full,1,1,2,8,1
standard_airfoil,/home/hwz/Transolver/LINEARNO/monitor/analysis/transolver_monitor_output_20260917_074049/LINEARNO/monitor/output/standard_airfoil/20260916_193631_standard_airfoil_Transolver_train,full,1,1,3,1,0.9998536669
standard_airfoil,/home/hwz/Transolver/LINEARNO/monitor/analysis/transolver_monitor_output_20260917_074049/LINEARNO/monitor/output/standard_airfoil/20260916_193631_standard_airfoil_Transolver_train,full,1,1,3,2,1
standard_airfoil,/home/hwz/Transolver/LINEARNO/monitor/analysis/transolver_monitor_output_20260917_074049/LINEARNO/monitor/output/standard_airfoil/20260916_193631_standard_airfoil_Transolver_train,full,1,1,3,3,1
standard_airfoil,/home/hwz/Transolver/LINEARNO/monitor/analysis/transolver_monitor_output_20260917_074049/LINEARNO/monitor/output/standard_airfoil/20260916_193631_standard_airfoil_Transolver_train,full,1,1,3,4,1
standard_airfoil,/home/hwz/Transolver/LINEARNO/monitor/analysis/transolver_monitor_output_20260917_074049/LINEARNO/monitor/output/standard_airfoil/20260916_193631_standard_airfoil_Transolver_train,full,1,1,3,5,1
standard_airfoil,/home/hwz/Transolver/LINEARNO/monitor/analysis/transolver_monitor_output_20260917_074049/LINEARNO/monitor/output/standard_airfoil/20260916_193631_standard_airfoil_Transolver_train,full,1,1,3,6,1
standard_airfoil,/home/hwz/Transolver/LINEARNO/monitor/analysis/transolver_monitor_output_20260917_074049/LINEARNO/monitor/output/standard_airfoil/20260916_193631_standard_airfoil_Transolver_train,full,1,1,3,7,1
standard_airfoil,/home/hwz/Transolver/LINEARNO/monitor/analysis/transolver_monitor_output_20260917_074049/LINEARNO/monitor/output/standard_airfoil/20260916_193631_standard_airfoil_Transolver_train,full,1,1,3,8,1
standard_airfoil,/home/hwz/Transolver/LINEARNO/monitor/analysis/transolver_monitor_output_20260917_074049/LINEARNO/monitor/output/standard_airfoil/20260916_193631_standard_airfoil_Transolver_train,full,1,1,4,1,0.9998534564
standard_airfoil,/home/hwz/Transolver/LINEARNO/monitor/analysis/transolver_monitor_output_20260917_074049/LINEARNO/monitor/output/standard_airfoil/20260916_193631_standard_airfoil_Transolver_train,full,1,1,4,2,1
standard_airfoil,/home/hwz/Transolver/LINEARNO/monitor/analysis/transolver_monitor_output_20260917_074049/LINEARNO/monitor/output/standard_airfoil/20260916_193631_standard_airfoil_Transolver_train,full,1,1,4,3,1
standard_airfoil,/home/hwz/Transolver/LINEARNO/monitor/analysis/transolver_monitor_output_20260917_074049/LINEARNO/monitor/output/standard_airfoil/20260916_193631_standard_airfoil_Transolver_train,full,1,1,4,4,1
standard_airfoil,/home/hwz/Transolver/LINEARNO/monitor/analysis/transolver_monitor_output_20260917_074049/LINEARNO/monitor/output/standard_airfoil/20260916_193631_standard_airfoil_Transolver_train,full,1,1,4,5,1
standard_airfoil,/home/hwz/Transolver/LINEARNO/monitor/analysis/transolver_monitor_output_20260917_074049/LINEARNO/monitor/output/standard_airfoil/20260916_193631_standard_airfoil_Transolver_train,full,1,1,4,6,1
standard_airfoil,/home/hwz/Transolver/LINEARNO/monitor/analysis/transolver_monitor_output_20260917_074049/LINEARNO/monitor/output/standard_airfoil/20260916_193631_standard_airfoil_Transolver_train,full,1,1,4,7,1
standard_airfoil,/home/hwz/Transolver/LINEARNO/monitor/analysis/transolver_monitor_output_20260917_074049/LINEARNO/monitor/output/standard_airfoil/20260916_193631_standard_airfoil_Transolver_train,full,1,1,4,8,1
standard_airfoil,/home/hwz/Transolver/LINEARNO/monitor/analysis/transolver_monitor_output_20260917_074049/LINEARNO/monitor/output/standard_airfoil/20260916_193631_standard_airfoil_Transolver_train,full,1,1,5,1,0.9998716433
standard_airfoil,/home/hwz/Transolver/LINEARNO/monitor/analysis/transolver_monitor_output_20260917_074049/LINEARNO/monitor/output/standard_airfoil/20260916_193631_standard_airfoil_Transolver_train,full,1,1,5,2,1
standard_airfoil,/home/hwz/Transolver/LINEARNO/monitor/analysis/transolver_monitor_output_20260917_074049/LINEARNO/monitor/output/standard_airfoil/20260916_193631_standard_airfoil_Transolver_train,full,1,1,5,3,1
standard_airfoil,/home/hwz/Transolver/LINEARNO/monitor/analysis/transolver_monitor_output_20260917_074049/LINEARNO/monitor/output/standard_airfoil/20260916_193631_standard_airfoil_Transolver_train,full,1,1,5,4,1
standard_airfoil,/home/hwz/Transolver/LINEARNO/monitor/analysis/transolver_monitor_output_20260917_074049/LINEARNO/monitor/output/standard_airfoil/20260916_193631_standard_airfoil_Transolver_train,full,1,1,5,5,1
standard_airfoil,/home/hwz/Transolver/LINEARNO/monitor/analysis/transolver_monitor_output_20260917_074049/LINEARNO/monitor/output/standard_airfoil/20260916_193631_standard_airfoil_Transolver_train,full,1,1,5,6,1
standard_airfoil,/home/hwz/Transolver/LINEARNO/monitor/analysis/transolver_monitor_output_20260917_074049/LINEARNO/monitor/output/standard_airfoil/20260916_193631_standard_airfoil_Transolver_train,full,1,1,5,7,1
standard_airfoil,/home/hwz/Transolver/LINEARNO/monitor/analysis/transolver_monitor_output_20260917_074049/LINEARNO/monitor/output/standard_airfoil/20260916_193631_standard_airfoil_Transolver_train,full,1,1,5,8,1
standard_airfoil,/home/hwz/Transolver/LINEARNO/monitor/analysis/transolver_monitor_output_20260917_074049/LINEARNO/monitor/output/standard_airfoil/20260916_193631_standard_airfoil_Transolver_train,full,1,1,6,1,0.999852607
standard_airfoil,/home/hwz/Transolver/LINEARNO/monitor/analysis/transolver_monitor_output_20260917_074049/LINEARNO/monitor/output/standard_airfoil/20260916_193631_standard_airfoil_Transolver_train,full,1,1,6,2,1
standard_airfoil,/home/hwz/Transolver/LINEARNO/monitor/analysis/transolver_monitor_output_20260917_074049/LINEARNO/monitor/output/standard_airfoil/20260916_193631_standard_airfoil_Transolver_train,full,1,1,6,3,1
standard_airfoil,/home/hwz/Transolver/LINEARNO/monitor/analysis/transolver_monitor_output_20260917_074049/LINEARNO/monitor/output/standard_airfoil/20260916_193631_standard_airfoil_Transolver_train,full,1,1,6,4,1
standard_airfoil,/home/hwz/Transolver/LINEARNO/monitor/analysis/transolver_monitor_output_20260917_074049/LINEARNO/monitor/output/standard_airfoil/20260916_193631_standard_airfoil_Transolver_train,full,1,1,6,5,1
standard_airfoil,/home/hwz/Transolver/LINEARNO/monitor/analysis/transolver_monitor_output_20260917_074049/LINEARNO/monitor/output/standard_airfoil/20260916_193631_standard_airfoil_Transolver_train,full,1,1,6,6,1
standard_airfoil,/home/hwz/Transolver/LINEARNO/monitor/analysis/transolver_monitor_output_20260917_074049/LINEARNO/monitor/output/standard_airfoil/20260916_193631_standard_airfoil_Transolver_train,full,1,1,6,7,1
standard_airfoil,/home/hwz/Transolver/LINEARNO/monitor/analysis/transolver_monitor_output_20260917_074049/LINEARNO/monitor/output/standard_airfoil/20260916_193631_standard_airfoil_Transolver_train,full,1,1,6,8,1
standard_airfoil,/home/hwz/Transolver/LINEARNO/monitor/analysis/transolver_monitor_output_20260917_074049/LINEARNO/monitor/output/standard_airfoil/20260916_193631_standard_airfoil_Transolver_train,full,1,1,7,1,0.9998398423
standard_airfoil,/home/hwz/Transolver/LINEARNO/monitor/analysis/transolver_monitor_output_20260917_074049/LINEARNO/monitor/output/standard_airfoil/20260916_193631_standard_airfoil_Transolver_train,full,1,1,7,2,1
standard_airfoil,/home/hwz/Transolver/LINEARNO/monitor/analysis/transolver_monitor_output_20260917_074049/LINEARNO/monitor/output/standard_airfoil/20260916_193631_standard_airfoil_Transolver_train,full,1,1,7,3,1
standard_airfoil,/home/hwz/Transolver/LINEARNO/monitor/analysis/transolver_monitor_output_20260917_074049/LINEARNO/monitor/output/standard_airfoil/20260916_193631_standard_airfoil_Transolver_train,full,1,1,7,4,1
standard_airfoil,/home/hwz/Transolver/LINEARNO/monitor/analysis/transolver_monitor_output_20260917_074049/LINEARNO/monitor/output/standard_airfoil/20260916_193631_standard_airfoil_Transolver_train,full,1,1,7,5,1
standard_airfoil,/home/hwz/Transolver/LINEARNO/monitor/analysis/transolver_monitor_output_20260917_074049/LINEARNO/monitor/output/standard_airfoil/20260916_193631_standard_airfoil_Transolver_train,full,1,1,7,6,1
standard_airfoil,/home/hwz/Transolver/LINEARNO/monitor/analysis/transolver_monitor_output_20260917_074049/LINEARNO/monitor/output/standard_airfoil/20260916_193631_standard_airfoil_Transolver_train,full,1,1,7,7,1
standard_airfoil,/home/hwz/Transolver/LINEARNO/monitor/analysis/transolver_monitor_output_20260917_074049/LINEARNO/monitor/output/standard_airfoil/20260916_193631_standard_airfoil_Transolver_train,full,1,1,7,8,1
standard_airfoil,/home/hwz/Transolver/LINEARNO/monitor/analysis/transolver_monitor_output_20260917_074049/LINEARNO/monitor/output/standard_airfoil/20260916_193631_standard_airfoil_Transolver_train,full,1,1,8,1,0.9998395965
standard_airfoil,/home/hwz/Transolver/LINEARNO/monitor/analysis/transolver_monitor_output_20260917_074049/LINEARNO/monitor/output/standard_airfoil/20260916_193631_standard_airfoil_Transolver_train,full,1,1,8,2,1
standard_airfoil,/home/hwz/Transolver/LINEARNO/monitor/analysis/transolver_monitor_output_20260917_074049/LINEARNO/monitor/output/standard_airfoil/20260916_193631_standard_airfoil_Transolver_train,full,1,1,8,3,1
standard_airfoil,/home/hwz/Transolver/LINEARNO/monitor/analysis/transolver_monitor_output_20260917_074049/LINEARNO/monitor/output/standard_airfoil/20260916_193631_standard_airfoil_Transolver_train,full,1,1,8,4,1
standard_airfoil,/home/hwz/Transolver/LINEARNO/monitor/analysis/transolver_monitor_output_20260917_074049/LINEARNO/monitor/output/standard_airfoil/20260916_193631_standard_airfoil_Transolver_train,full,1,1,8,5,1
standard_airfoil,/home/hwz/Transolver/LINEARNO/monitor/analysis/transolver_monitor_output_20260917_074049/LINEARNO/monitor/output/standard_airfoil/20260916_193631_standard_airfoil_Transolver_train,full,1,1,8,6,1
standard_airfoil,/home/hwz/Transolver/LINEARNO/monitor/analysis/transolver_monitor_output_20260917_074049/LINEARNO/monitor/output/standard_airfoil/20260916_193631_standard_airfoil_Transolver_train,full,1,1,8,7,1
standard_airfoil,/home/hwz/Transolver/LINEARNO/monitor/analysis/transolver_monitor_output_20260917_074049/LINEARNO/monitor/output/standard_airfoil/20260916_193631_standard_airfoil_Transolver_train,full,1,1,8,8,1
standard_airfoil,/home/hwz/Transolver/LINEARNO/monitor/analysis/transolver_monitor_output_20260917_074049/LINEARNO/monitor/output/standard_airfoil/20260916_193631_standard_airfoil_Transolver_train,full,100,100,1,1,1
standard_airfoil,/home/hwz/Transolver/LINEARNO/monitor/analysis/transolver_monitor_output_20260917_074049/LINEARNO/monitor/output/standard_airfoil/20260916_193631_standard_airfoil_Transolver_train,full,100,100,1,2,0.54589222
standard_airfoil,/home/hwz/Transolver/LINEARNO/monitor/analysis/transolver_monitor_output_20260917_074049/LINEARNO/monitor/output/standard_airfoil/20260916_193631_standard_airfoil_Transolver_train,full,100,100,1,3,0.2950054815
standard_airfoil,/home/hwz/Transolver/LINEARNO/monitor/analysis/transolver_monitor_output_20260917_074049/LINEARNO/monitor/output/standard_airfoil/20260916_193631_standard_airfoil_Transolver_train,full,100,100,1,4,0.264874788
standard_airfoil,/home/hwz/Transolver/LINEARNO/monitor/analysis/transolver_monitor_output_20260917_074049/LINEARNO/monitor/output/standard_airfoil/20260916_193631_standard_airfoil_Transolver_train,full,100,100,1,5,0.5042391806
standard_airfoil,/home/hwz/Transolver/LINEARNO/monitor/analysis/transolver_monitor_output_20260917_074049/LINEARNO/monitor/output/standard_airfoil/20260916_193631_standard_airfoil_Transolver_train,full,100,100,1,6,0.5332653616
standard_airfoil,/home/hwz/Transolver/LINEARNO/monitor/analysis/transolver_monitor_output_20260917_074049/LINEARNO/monitor/output/standard_airfoil/20260916_193631_standard_airfoil_Transolver_train,full,100,100,1,7,0.531634063
standard_airfoil,/home/hwz/Transolver/LINEARNO/monitor/analysis/transolver_monitor_output_20260917_074049/LINEARNO/monitor/output/standard_airfoil/20260916_193631_standard_airfoil_Transolver_train,full,100,100,1,8,0.4784724387
standard_airfoil,/home/hwz/Transolver/LINEARNO/monitor/analysis/transolver_monitor_output_20260917_074049/LINEARNO/monitor/output/standard_airfoil/20260916_193631_standard_airfoil_Transolver_train,full,100,100,2,1,0.54589222
standard_airfoil,/home/hwz/Transolver/LINEARNO/monitor/analysis/transolver_monitor_output_20260917_074049/LINEARNO/monitor/output/standard_airfoil/20260916_193631_standard_airfoil_Transolver_train,full,100,100,2,2,1
standard_airfoil,/home/hwz/Transolver/LINEARNO/monitor/analysis/transolver_monitor_output_20260917_074049/LINEARNO/monitor/output/standard_airfoil/20260916_193631_standard_airfoil_Transolver_train,full,100,100,2,3,0.3561243047
standard_airfoil,/home/hwz/Transolver/LINEARNO/monitor/analysis/transolver_monitor_output_20260917_074049/LINEARNO/monitor/output/standard_airfoil/20260916_193631_standard_airfoil_Transolver_train,full,100,100,2,4,0.3353063543
standard_airfoil,/home/hwz/Transolver/LINEARNO/monitor/analysis/transolver_monitor_output_20260917_074049/LINEARNO/monitor/output/standard_airfoil/20260916_193631_standard_airfoil_Transolver_train,full,100,100,2,5,0.7823189776
standard_airfoil,/home/hwz/Transolver/LINEARNO/monitor/analysis/transolver_monitor_output_20260917_074049/LINEARNO/monitor/output/standard_airfoil/20260916_193631_standard_airfoil_Transolver_train,full,100,100,2,6,0.9198972881
standard_airfoil,/home/hwz/Transolver/LINEARNO/monitor/analysis/transolver_monitor_output_20260917_074049/LINEARNO/monitor/output/standard_airfoil/20260916_193631_standard_airfoil_Transolver_train,full,100,100,2,7,0.9403688665
standard_airfoil,/home/hwz/Transolver/LINEARNO/monitor/analysis/transolver_monitor_output_20260917_074049/LINEARNO/monitor/output/standard_airfoil/20260916_193631_standard_airfoil_Transolver_train,full,100,100,2,8,0.7578239998
standard_airfoil,/home/hwz/Transolver/LINEARNO/monitor/analysis/transolver_monitor_output_20260917_074049/LINEARNO/monitor/output/standard_airfoil/20260916_193631_standard_airfoil_Transolver_train,full,100,100,3,1,0.2950054815
standard_airfoil,/home/hwz/Transolver/LINEARNO/monitor/analysis/transolver_monitor_output_20260917_074049/LINEARNO/monitor/output/standard_airfoil/20260916_193631_standard_airfoil_Transolver_train,full,100,100,3,2,0.3561243047
standard_airfoil,/home/hwz/Transolver/LINEARNO/monitor/analysis/transolver_monitor_output_20260917_074049/LINEARNO/monitor/output/standard_airfoil/20260916_193631_standard_airfoil_Transolver_train,full,100,100,3,3,1
standard_airfoil,/home/hwz/Transolver/LINEARNO/monitor/analysis/transolver_monitor_output_20260917_074049/LINEARNO/monitor/output/standard_airfoil/20260916_193631_standard_airfoil_Transolver_train,full,100,100,3,4,0.389283977
standard_airfoil,/home/hwz/Transolver/LINEARNO/monitor/analysis/transolver_monitor_output_20260917_074049/LINEARNO/monitor/output/standard_airfoil/20260916_193631_standard_airfoil_Transolver_train,full,100,100,3,5,0.3377510621
standard_airfoil,/home/hwz/Transolver/LINEARNO/monitor/analysis/transolver_monitor_output_20260917_074049/LINEARNO/monitor/output/standard_airfoil/20260916_193631_standard_airfoil_Transolver_train,full,100,100,3,6,0.3685200009
standard_airfoil,/home/hwz/Transolver/LINEARNO/monitor/analysis/transolver_monitor_output_20260917_074049/LINEARNO/monitor/output/standard_airfoil/20260916_193631_standard_airfoil_Transolver_train,full,100,100,3,7,0.3932905602
standard_airfoil,/home/hwz/Transolver/LINEARNO/monitor/analysis/transolver_monitor_output_20260917_074049/LINEARNO/monitor/output/standard_airfoil/20260916_193631_standard_airfoil_Transolver_train,full,100,100,3,8,0.3488696451
standard_airfoil,/home/hwz/Transolver/LINEARNO/monitor/analysis/transolver_monitor_output_20260917_074049/LINEARNO/monitor/output/standard_airfoil/20260916_193631_standard_airfoil_Transolver_train,full,100,100,4,1,0.264874788
standard_airfoil,/home/hwz/Transolver/LINEARNO/monitor/analysis/transolver_monitor_output_20260917_074049/LINEARNO/monitor/output/standard_airfoil/20260916_193631_standard_airfoil_Transolver_train,full,100,100,4,2,0.3353063543
standard_airfoil,/home/hwz/Transolver/LINEARNO/monitor/analysis/transolver_monitor_output_20260917_074049/LINEARNO/monitor/output/standard_airfoil/20260916_193631_standard_airfoil_Transolver_train,full,100,100,4,3,0.389283977
standard_airfoil,/home/hwz/Transolver/LINEARNO/monitor/analysis/transolver_monitor_output_20260917_074049/LINEARNO/monitor/output/standard_airfoil/20260916_193631_standard_airfoil_Transolver_train,full,100,100,4,4,1
standard_airfoil,/home/hwz/Transolver/LINEARNO/monitor/analysis/transolver_monitor_output_20260917_074049/LINEARNO/monitor/output/standard_airfoil/20260916_193631_standard_airfoil_Transolver_train,full,100,100,4,5,0.3838094005
standard_airfoil,/home/hwz/Transolver/LINEARNO/monitor/analysis/transolver_monitor_output_20260917_074049/LINEARNO/monitor/output/standard_airfoil/20260916_193631_standard_airfoil_Transolver_train,full,100,100,4,6,0.3751989943
standard_airfoil,/home/hwz/Transolver/LINEARNO/monitor/analysis/transolver_monitor_output_20260917_074049/LINEARNO/monitor/output/standard_airfoil/20260916_193631_standard_airfoil_Transolver_train,full,100,100,4,7,0.3713390462
standard_airfoil,/home/hwz/Transolver/LINEARNO/monitor/analysis/transolver_monitor_output_20260917_074049/LINEARNO/monitor/output/standard_airfoil/20260916_193631_standard_airfoil_Transolver_train,full,100,100,4,8,0.3579981788
standard_airfoil,/home/hwz/Transolver/LINEARNO/monitor/analysis/transolver_monitor_output_20260917_074049/LINEARNO/monitor/output/standard_airfoil/20260916_193631_standard_airfoil_Transolver_train,full,100,100,5,1,0.5042391806
standard_airfoil,/home/hwz/Transolver/LINEARNO/monitor/analysis/transolver_monitor_output_20260917_074049/LINEARNO/monitor/output/standard_airfoil/20260916_193631_standard_airfoil_Transolver_train,full,100,100,5,2,0.7823189776
standard_airfoil,/home/hwz/Transolver/LINEARNO/monitor/analysis/transolver_monitor_output_20260917_074049/LINEARNO/monitor/output/standard_airfoil/20260916_193631_standard_airfoil_Transolver_train,full,100,100,5,3,0.3377510621
standard_airfoil,/home/hwz/Transolver/LINEARNO/monitor/analysis/transolver_monitor_output_20260917_074049/LINEARNO/monitor/output/standard_airfoil/20260916_193631_standard_airfoil_Transolver_train,full,100,100,5,4,0.3838094005
standard_airfoil,/home/hwz/Transolver/LINEARNO/monitor/analysis/transolver_monitor_output_20260917_074049/LINEARNO/monitor/output/standard_airfoil/20260916_193631_standard_airfoil_Transolver_train,full,100,100,5,5,1
standard_airfoil,/home/hwz/Transolver/LINEARNO/monitor/analysis/transolver_monitor_output_20260917_074049/LINEARNO/monitor/output/standard_airfoil/20260916_193631_standard_airfoil_Transolver_train,full,100,100,5,6,0.7676902767
standard_airfoil,/home/hwz/Transolver/LINEARNO/monitor/analysis/transolver_monitor_output_20260917_074049/LINEARNO/monitor/output/standard_airfoil/20260916_193631_standard_airfoil_Transolver_train,full,100,100,5,7,0.7798981015
standard_airfoil,/home/hwz/Transolver/LINEARNO/monitor/analysis/transolver_monitor_output_20260917_074049/LINEARNO/monitor/output/standard_airfoil/20260916_193631_standard_airfoil_Transolver_train,full,100,100,5,8,0.6291926538
standard_airfoil,/home/hwz/Transolver/LINEARNO/monitor/analysis/transolver_monitor_output_20260917_074049/LINEARNO/monitor/output/standard_airfoil/20260916_193631_standard_airfoil_Transolver_train,full,100,100,6,1,0.5332653616
standard_airfoil,/home/hwz/Transolver/LINEARNO/monitor/analysis/transolver_monitor_output_20260917_074049/LINEARNO/monitor/output/standard_airfoil/20260916_193631_standard_airfoil_Transolver_train,full,100,100,6,2,0.9198972881
standard_airfoil,/home/hwz/Transolver/LINEARNO/monitor/analysis/transolver_monitor_output_20260917_074049/LINEARNO/monitor/output/standard_airfoil/20260916_193631_standard_airfoil_Transolver_train,full,100,100,6,3,0.3685200009
standard_airfoil,/home/hwz/Transolver/LINEARNO/monitor/analysis/transolver_monitor_output_20260917_074049/LINEARNO/monitor/output/standard_airfoil/20260916_193631_standard_airfoil_Transolver_train,full,100,100,6,4,0.3751989943
standard_airfoil,/home/hwz/Transolver/LINEARNO/monitor/analysis/transolver_monitor_output_20260917_074049/LINEARNO/monitor/output/standard_airfoil/20260916_193631_standard_airfoil_Transolver_train,full,100,100,6,5,0.7676902767
standard_airfoil,/home/hwz/Transolver/LINEARNO/monitor/analysis/transolver_monitor_output_20260917_074049/LINEARNO/monitor/output/standard_airfoil/20260916_193631_standard_airfoil_Transolver_train,full,100,100,6,6,1
standard_airfoil,/home/hwz/Transolver/LINEARNO/monitor/analysis/transolver_monitor_output_20260917_074049/LINEARNO/monitor/output/standard_airfoil/20260916_193631_standard_airfoil_Transolver_train,full,100,100,6,7,0.9031944964
standard_airfoil,/home/hwz/Transolver/LINEARNO/monitor/analysis/transolver_monitor_output_20260917_074049/LINEARNO/monitor/output/standard_airfoil/20260916_193631_standard_airfoil_Transolver_train,full,100,100,6,8,0.7826931892
standard_airfoil,/home/hwz/Transolver/LINEARNO/monitor/analysis/transolver_monitor_output_20260917_074049/LINEARNO/monitor/output/standard_airfoil/20260916_193631_standard_airfoil_Transolver_train,full,100,100,7,1,0.531634063
standard_airfoil,/home/hwz/Transolver/LINEARNO/monitor/analysis/transolver_monitor_output_20260917_074049/LINEARNO/monitor/output/standard_airfoil/20260916_193631_standard_airfoil_Transolver_train,full,100,100,7,2,0.9403688665
standard_airfoil,/home/hwz/Transolver/LINEARNO/monitor/analysis/transolver_monitor_output_20260917_074049/LINEARNO/monitor/output/standard_airfoil/20260916_193631_standard_airfoil_Transolver_train,full,100,100,7,3,0.3932905602
standard_airfoil,/home/hwz/Transolver/LINEARNO/monitor/analysis/transolver_monitor_output_20260917_074049/LINEARNO/monitor/output/standard_airfoil/20260916_193631_standard_airfoil_Transolver_train,full,100,100,7,4,0.3713390462
standard_airfoil,/home/hwz/Transolver/LINEARNO/monitor/analysis/transolver_monitor_output_20260917_074049/LINEARNO/monitor/output/standard_airfoil/20260916_193631_standard_airfoil_Transolver_train,full,100,100,7,5,0.7798981015
standard_airfoil,/home/hwz/Transolver/LINEARNO/monitor/analysis/transolver_monitor_output_20260917_074049/LINEARNO/monitor/output/standard_airfoil/20260916_193631_standard_airfoil_Transolver_train,full,100,100,7,6,0.9031944964
standard_airfoil,/home/hwz/Transolver/LINEARNO/monitor/analysis/transolver_monitor_output_20260917_074049/LINEARNO/monitor/output/standard_airfoil/20260916_193631_standard_airfoil_Transolver_train,full,100,100,7,7,1
standard_airfoil,/home/hwz/Transolver/LINEARNO/monitor/analysis/transolver_monitor_output_20260917_074049/LINEARNO/monitor/output/standard_airfoil/20260916_193631_standard_airfoil_Transolver_train,full,100,100,7,8,0.7564830263
standard_airfoil,/home/hwz/Transolver/LINEARNO/monitor/analysis/transolver_monitor_output_20260917_074049/LINEARNO/monitor/output/standard_airfoil/20260916_193631_standard_airfoil_Transolver_train,full,100,100,8,1,0.4784724387
standard_airfoil,/home/hwz/Transolver/LINEARNO/monitor/analysis/transolver_monitor_output_20260917_074049/LINEARNO/monitor/output/standard_airfoil/20260916_193631_standard_airfoil_Transolver_train,full,100,100,8,2,0.7578239998
standard_airfoil,/home/hwz/Transolver/LINEARNO/monitor/analysis/transolver_monitor_output_20260917_074049/LINEARNO/monitor/output/standard_airfoil/20260916_193631_standard_airfoil_Transolver_train,full,100,100,8,3,0.3488696451
standard_airfoil,/home/hwz/Transolver/LINEARNO/monitor/analysis/transolver_monitor_output_20260917_074049/LINEARNO/monitor/output/standard_airfoil/20260916_193631_standard_airfoil_Transolver_train,full,100,100,8,4,0.3579981788
standard_airfoil,/home/hwz/Transolver/LINEARNO/monitor/analysis/transolver_monitor_output_20260917_074049/LINEARNO/monitor/output/standard_airfoil/20260916_193631_standard_airfoil_Transolver_train,full,100,100,8,5,0.6291926538
standard_airfoil,/home/hwz/Transolver/LINEARNO/monitor/analysis/transolver_monitor_output_20260917_074049/LINEARNO/monitor/output/standard_airfoil/20260916_193631_standard_airfoil_Transolver_train,full,100,100,8,6,0.7826931892
standard_airfoil,/home/hwz/Transolver/LINEARNO/monitor/analysis/transolver_monitor_output_20260917_074049/LINEARNO/monitor/output/standard_airfoil/20260916_193631_standard_airfoil_Transolver_train,full,100,100,8,7,0.7564830263
standard_airfoil,/home/hwz/Transolver/LINEARNO/monitor/analysis/transolver_monitor_output_20260917_074049/LINEARNO/monitor/output/standard_airfoil/20260916_193631_standard_airfoil_Transolver_train,full,100,100,8,8,1
standard_airfoil,/home/hwz/Transolver/LINEARNO/monitor/analysis/transolver_monitor_output_20260917_074049/LINEARNO/monitor/output/standard_airfoil/20260916_193631_standard_airfoil_Transolver_train,full,200,200,1,1,1
standard_airfoil,/home/hwz/Transolver/LINEARNO/monitor/analysis/transolver_monitor_output_20260917_074049/LINEARNO/monitor/output/standard_airfoil/20260916_193631_standard_airfoil_Transolver_train,full,200,200,1,2,0.5066473201
standard_airfoil,/home/hwz/Transolver/LINEARNO/monitor/analysis/transolver_monitor_output_20260917_074049/LINEARNO/monitor/output/standard_airfoil/20260916_193631_standard_airfoil_Transolver_train,full,200,200,1,3,0.2567232637
standard_airfoil,/home/hwz/Transolver/LINEARNO/monitor/analysis/transolver_monitor_output_20260917_074049/LINEARNO/monitor/output/standard_airfoil/20260916_193631_standard_airfoil_Transolver_train,full,200,200,1,4,0.161458125
standard_airfoil,/home/hwz/Transolver/LINEARNO/monitor/analysis/transolver_monitor_output_20260917_074049/LINEARNO/monitor/output/standard_airfoil/20260916_193631_standard_airfoil_Transolver_train,full,200,200,1,5,0.3889576895
standard_airfoil,/home/hwz/Transolver/LINEARNO/monitor/analysis/transolver_monitor_output_20260917_074049/LINEARNO/monitor/output/standard_airfoil/20260916_193631_standard_airfoil_Transolver_train,full,200,200,1,6,0.2841406299
standard_airfoil,/home/hwz/Transolver/LINEARNO/monitor/analysis/transolver_monitor_output_20260917_074049/LINEARNO/monitor/output/standard_airfoil/20260916_193631_standard_airfoil_Transolver_train,full,200,200,1,7,0.2167732912
standard_airfoil,/home/hwz/Transolver/LINEARNO/monitor/analysis/transolver_monitor_output_20260917_074049/LINEARNO/monitor/output/standard_airfoil/20260916_193631_standard_airfoil_Transolver_train,full,200,200,1,8,0.3637372788
standard_airfoil,/home/hwz/Transolver/LINEARNO/monitor/analysis/transolver_monitor_output_20260917_074049/LINEARNO/monitor/output/standard_airfoil/20260916_193631_standard_airfoil_Transolver_train,full,200,200,2,1,0.5066473201
standard_airfoil,/home/hwz/Transolver/LINEARNO/monitor/analysis/transolver_monitor_output_20260917_074049/LINEARNO/monitor/output/standard_airfoil/20260916_193631_standard_airfoil_Transolver_train,full,200,200,2,2,1
standard_airfoil,/home/hwz/Transolver/LINEARNO/monitor/analysis/transolver_monitor_output_20260917_074049/LINEARNO/monitor/output/standard_airfoil/20260916_193631_standard_airfoil_Transolver_train,full,200,200,2,3,0.3633952322
standard_airfoil,/home/hwz/Transolver/LINEARNO/monitor/analysis/transolver_monitor_output_20260917_074049/LINEARNO/monitor/output/standard_airfoil/20260916_193631_standard_airfoil_Transolver_train,full,200,200,2,4,0.2551044042
standard_airfoil,/home/hwz/Transolver/LINEARNO/monitor/analysis/transolver_monitor_output_20260917_074049/LINEARNO/monitor/output/standard_airfoil/20260916_193631_standard_airfoil_Transolver_train,full,200,200,2,5,0.5731827957
standard_airfoil,/home/hwz/Transolver/LINEARNO/monitor/analysis/transolver_monitor_output_20260917_074049/LINEARNO/monitor/output/standard_airfoil/20260916_193631_standard_airfoil_Transolver_train,full,200,200,2,6,0.4815847233
standard_airfoil,/home/hwz/Transolver/LINEARNO/monitor/analysis/transolver_monitor_output_20260917_074049/LINEARNO/monitor/output/standard_airfoil/20260916_193631_standard_airfoil_Transolver_train,full,200,200,2,7,0.2986387035
standard_airfoil,/home/hwz/Transolver/LINEARNO/monitor/analysis/transolver_monitor_output_20260917_074049/LINEARNO/monitor/output/standard_airfoil/20260916_193631_standard_airfoil_Transolver_train,full,200,200,2,8,0.6082545119
standard_airfoil,/home/hwz/Transolver/LINEARNO/monitor/analysis/transolver_monitor_output_20260917_074049/LINEARNO/monitor/output/standard_airfoil/20260916_193631_standard_airfoil_Transolver_train,full,200,200,3,1,0.2567232637
standard_airfoil,/home/hwz/Transolver/LINEARNO/monitor/analysis/transolver_monitor_output_20260917_074049/LINEARNO/monitor/output/standard_airfoil/20260916_193631_standard_airfoil_Transolver_train,full,200,200,3,2,0.3633952322
standard_airfoil,/home/hwz/Transolver/LINEARNO/monitor/analysis/transolver_monitor_output_20260917_074049/LINEARNO/monitor/output/standard_airfoil/20260916_193631_standard_airfoil_Transolver_train,full,200,200,3,3,1
standard_airfoil,/home/hwz/Transolver/LINEARNO/monitor/analysis/transolver_monitor_output_20260917_074049/LINEARNO/monitor/output/standard_airfoil/20260916_193631_standard_airfoil_Transolver_train,full,200,200,3,4,0.360073082
standard_airfoil,/home/hwz/Transolver/LINEARNO/monitor/analysis/transolver_monitor_output_20260917_074049/LINEARNO/monitor/output/standard_airfoil/20260916_193631_standard_airfoil_Transolver_train,full,200,200,3,5,0.259274347
standard_airfoil,/home/hwz/Transolver/LINEARNO/monitor/analysis/transolver_monitor_output_20260917_074049/LINEARNO/monitor/output/standard_airfoil/20260916_193631_standard_airfoil_Transolver_train,full,200,200,3,6,0.229129022
standard_airfoil,/home/hwz/Transolver/LINEARNO/monitor/analysis/transolver_monitor_output_20260917_074049/LINEARNO/monitor/output/standard_airfoil/20260916_193631_standard_airfoil_Transolver_train,full,200,200,3,7,0.3133493302
standard_airfoil,/home/hwz/Transolver/LINEARNO/monitor/analysis/transolver_monitor_output_20260917_074049/LINEARNO/monitor/output/standard_airfoil/20260916_193631_standard_airfoil_Transolver_train,full,200,200,3,8,0.2683858748
standard_airfoil,/home/hwz/Transolver/LINEARNO/monitor/analysis/transolver_monitor_output_20260917_074049/LINEARNO/monitor/output/standard_airfoil/20260916_193631_standard_airfoil_Transolver_train,full,200,200,4,1,0.161458125
standard_airfoil,/home/hwz/Transolver/LINEARNO/monitor/analysis/transolver_monitor_output_20260917_074049/LINEARNO/monitor/output/standard_airfoil/20260916_193631_standard_airfoil_Transolver_train,full,200,200,4,2,0.2551044042
standard_airfoil,/home/hwz/Transolver/LINEARNO/monitor/analysis/transolver_monitor_output_20260917_074049/LINEARNO/monitor/output/standard_airfoil/20260916_193631_standard_airfoil_Transolver_train,full,200,200,4,3,0.360073082
standard_airfoil,/home/hwz/Transolver/LINEARNO/monitor/analysis/transolver_monitor_output_20260917_074049/LINEARNO/monitor/output/standard_airfoil/20260916_193631_standard_airfoil_Transolver_train,full,200,200,4,4,1
standard_airfoil,/home/hwz/Transolver/LINEARNO/monitor/analysis/transolver_monitor_output_20260917_074049/LINEARNO/monitor/output/standard_airfoil/20260916_193631_standard_airfoil_Transolver_train,full,200,200,4,5,0.2171445276
standard_airfoil,/home/hwz/Transolver/LINEARNO/monitor/analysis/transolver_monitor_output_20260917_074049/LINEARNO/monitor/output/standard_airfoil/20260916_193631_standard_airfoil_Transolver_train,full,200,200,4,6,0.1950203974
standard_airfoil,/home/hwz/Transolver/LINEARNO/monitor/analysis/transolver_monitor_output_20260917_074049/LINEARNO/monitor/output/standard_airfoil/20260916_193631_standard_airfoil_Transolver_train,full,200,200,4,7,0.2914068252
standard_airfoil,/home/hwz/Transolver/LINEARNO/monitor/analysis/transolver_monitor_output_20260917_074049/LINEARNO/monitor/output/standard_airfoil/20260916_193631_standard_airfoil_Transolver_train,full,200,200,4,8,0.235510129
standard_airfoil,/home/hwz/Transolver/LINEARNO/monitor/analysis/transolver_monitor_output_20260917_074049/LINEARNO/monitor/output/standard_airfoil/20260916_193631_standard_airfoil_Transolver_train,full,200,200,5,1,0.3889576895
standard_airfoil,/home/hwz/Transolver/LINEARNO/monitor/analysis/transolver_monitor_output_20260917_074049/LINEARNO/monitor/output/standard_airfoil/20260916_193631_standard_airfoil_Transolver_train,full,200,200,5,2,0.5731827957
standard_airfoil,/home/hwz/Transolver/LINEARNO/monitor/analysis/transolver_monitor_output_20260917_074049/LINEARNO/monitor/output/standard_airfoil/20260916_193631_standard_airfoil_Transolver_train,full,200,200,5,3,0.259274347
standard_airfoil,/home/hwz/Transolver/LINEARNO/monitor/analysis/transolver_monitor_output_20260917_074049/LINEARNO/monitor/output/standard_airfoil/20260916_193631_standard_airfoil_Transolver_train,full,200,200,5,4,0.2171445276
standard_airfoil,/home/hwz/Transolver/LINEARNO/monitor/analysis/transolver_monitor_output_20260917_074049/LINEARNO/monitor/output/standard_airfoil/20260916_193631_standard_airfoil_Transolver_train,full,200,200,5,5,1
standard_airfoil,/home/hwz/Transolver/LINEARNO/monitor/analysis/transolver_monitor_output_20260917_074049/LINEARNO/monitor/output/standard_airfoil/20260916_193631_standard_airfoil_Transolver_train,full,200,200,5,6,0.468926959
standard_airfoil,/home/hwz/Transolver/LINEARNO/monitor/analysis/transolver_monitor_output_20260917_074049/LINEARNO/monitor/output/standard_airfoil/20260916_193631_standard_airfoil_Transolver_train,full,200,200,5,7,0.2402375328
standard_airfoil,/home/hwz/Transolver/LINEARNO/monitor/analysis/transolver_monitor_output_20260917_074049/LINEARNO/monitor/output/standard_airfoil/20260916_193631_standard_airfoil_Transolver_train,full,200,200,5,8,0.529333513
standard_airfoil,/home/hwz/Transolver/LINEARNO/monitor/analysis/transolver_monitor_output_20260917_074049/LINEARNO/monitor/output/standard_airfoil/20260916_193631_standard_airfoil_Transolver_train,full,200,200,6,1,0.2841406299
standard_airfoil,/home/hwz/Transolver/LINEARNO/monitor/analysis/transolver_monitor_output_20260917_074049/LINEARNO/monitor/output/standard_airfoil/20260916_193631_standard_airfoil_Transolver_train,full,200,200,6,2,0.4815847233
standard_airfoil,/home/hwz/Transolver/LINEARNO/monitor/analysis/transolver_monitor_output_20260917_074049/LINEARNO/monitor/output/standard_airfoil/20260916_193631_standard_airfoil_Transolver_train,full,200,200,6,3,0.229129022
standard_airfoil,/home/hwz/Transolver/LINEARNO/monitor/analysis/transolver_monitor_output_20260917_074049/LINEARNO/monitor/output/standard_airfoil/20260916_193631_standard_airfoil_Transolver_train,full,200,200,6,4,0.1950203974
standard_airfoil,/home/hwz/Transolver/LINEARNO/monitor/analysis/transolver_monitor_output_20260917_074049/LINEARNO/monitor/output/standard_airfoil/20260916_193631_standard_airfoil_Transolver_train,full,200,200,6,5,0.468926959
standard_airfoil,/home/hwz/Transolver/LINEARNO/monitor/analysis/transolver_monitor_output_20260917_074049/LINEARNO/monitor/output/standard_airfoil/20260916_193631_standard_airfoil_Transolver_train,full,200,200,6,6,1
standard_airfoil,/home/hwz/Transolver/LINEARNO/monitor/analysis/transolver_monitor_output_20260917_074049/LINEARNO/monitor/output/standard_airfoil/20260916_193631_standard_airfoil_Transolver_train,full,200,200,6,7,0.220916597
standard_airfoil,/home/hwz/Transolver/LINEARNO/monitor/analysis/transolver_monitor_output_20260917_074049/LINEARNO/monitor/output/standard_airfoil/20260916_193631_standard_airfoil_Transolver_train,full,200,200,6,8,0.4793814754
standard_airfoil,/home/hwz/Transolver/LINEARNO/monitor/analysis/transolver_monitor_output_20260917_074049/LINEARNO/monitor/output/standard_airfoil/20260916_193631_standard_airfoil_Transolver_train,full,200,200,7,1,0.2167732912
standard_airfoil,/home/hwz/Transolver/LINEARNO/monitor/analysis/transolver_monitor_output_20260917_074049/LINEARNO/monitor/output/standard_airfoil/20260916_193631_standard_airfoil_Transolver_train,full,200,200,7,2,0.2986387035
standard_airfoil,/home/hwz/Transolver/LINEARNO/monitor/analysis/transolver_monitor_output_20260917_074049/LINEARNO/monitor/output/standard_airfoil/20260916_193631_standard_airfoil_Transolver_train,full,200,200,7,3,0.3133493302
standard_airfoil,/home/hwz/Transolver/LINEARNO/monitor/analysis/transolver_monitor_output_20260917_074049/LINEARNO/monitor/output/standard_airfoil/20260916_193631_standard_airfoil_Transolver_train,full,200,200,7,4,0.2914068252
standard_airfoil,/home/hwz/Transolver/LINEARNO/monitor/analysis/transolver_monitor_output_20260917_074049/LINEARNO/monitor/output/standard_airfoil/20260916_193631_standard_airfoil_Transolver_train,full,200,200,7,5,0.2402375328
standard_airfoil,/home/hwz/Transolver/LINEARNO/monitor/analysis/transolver_monitor_output_20260917_074049/LINEARNO/monitor/output/standard_airfoil/20260916_193631_standard_airfoil_Transolver_train,full,200,200,7,6,0.220916597
standard_airfoil,/home/hwz/Transolver/LINEARNO/monitor/analysis/transolver_monitor_output_20260917_074049/LINEARNO/monitor/output/standard_airfoil/20260916_193631_standard_airfoil_Transolver_train,full,200,200,7,7,0.9999973401
standard_airfoil,/home/hwz/Transolver/LINEARNO/monitor/analysis/transolver_monitor_output_20260917_074049/LINEARNO/monitor/output/standard_airfoil/20260916_193631_standard_airfoil_Transolver_train,full,200,200,7,8,0.2658362505
standard_airfoil,/home/hwz/Transolver/LINEARNO/monitor/analysis/transolver_monitor_output_20260917_074049/LINEARNO/monitor/output/standard_airfoil/20260916_193631_standard_airfoil_Transolver_train,full,200,200,8,1,0.3637372788
standard_airfoil,/home/hwz/Transolver/LINEARNO/monitor/analysis/transolver_monitor_output_20260917_074049/LINEARNO/monitor/output/standard_airfoil/20260916_193631_standard_airfoil_Transolver_train,full,200,200,8,2,0.6082545119
standard_airfoil,/home/hwz/Transolver/LINEARNO/monitor/analysis/transolver_monitor_output_20260917_074049/LINEARNO/monitor/output/standard_airfoil/20260916_193631_standard_airfoil_Transolver_train,full,200,200,8,3,0.2683858748
standard_airfoil,/home/hwz/Transolver/LINEARNO/monitor/analysis/transolver_monitor_output_20260917_074049/LINEARNO/monitor/output/standard_airfoil/20260916_193631_standard_airfoil_Transolver_train,full,200,200,8,4,0.235510129
standard_airfoil,/home/hwz/Transolver/LINEARNO/monitor/analysis/transolver_monitor_output_20260917_074049/LINEARNO/monitor/output/standard_airfoil/20260916_193631_standard_airfoil_Transolver_train,full,200,200,8,5,0.529333513
standard_airfoil,/home/hwz/Transolver/LINEARNO/monitor/analysis/transolver_monitor_output_20260917_074049/LINEARNO/monitor/output/standard_airfoil/20260916_193631_standard_airfoil_Transolver_train,full,200,200,8,6,0.4793814754
standard_airfoil,/home/hwz/Transolver/LINEARNO/monitor/analysis/transolver_monitor_output_20260917_074049/LINEARNO/monitor/output/standard_airfoil/20260916_193631_standard_airfoil_Transolver_train,full,200,200,8,7,0.2658362505
standard_airfoil,/home/hwz/Transolver/LINEARNO/monitor/analysis/transolver_monitor_output_20260917_074049/LINEARNO/monitor/output/standard_airfoil/20260916_193631_standard_airfoil_Transolver_train,full,200,200,8,8,1
standard_airfoil,/home/hwz/Transolver/LINEARNO/monitor/analysis/transolver_monitor_output_20260917_074049/LINEARNO/monitor/output/standard_airfoil/20260916_193631_standard_airfoil_Transolver_train,full,300,300,1,1,1
standard_airfoil,/home/hwz/Transolver/LINEARNO/monitor/analysis/transolver_monitor_output_20260917_074049/LINEARNO/monitor/output/standard_airfoil/20260916_193631_standard_airfoil_Transolver_train,full,300,300,1,2,0.4552531375
standard_airfoil,/home/hwz/Transolver/LINEARNO/monitor/analysis/transolver_monitor_output_20260917_074049/LINEARNO/monitor/output/standard_airfoil/20260916_193631_standard_airfoil_Transolver_train,full,300,300,1,3,0.2440475554
standard_airfoil,/home/hwz/Transolver/LINEARNO/monitor/analysis/transolver_monitor_output_20260917_074049/LINEARNO/monitor/output/standard_airfoil/20260916_193631_standard_airfoil_Transolver_train,full,300,300,1,4,0.1356464306
standard_airfoil,/home/hwz/Transolver/LINEARNO/monitor/analysis/transolver_monitor_output_20260917_074049/LINEARNO/monitor/output/standard_airfoil/20260916_193631_standard_airfoil_Transolver_train,full,300,300,1,5,0.3535380356
standard_airfoil,/home/hwz/Transolver/LINEARNO/monitor/analysis/transolver_monitor_output_20260917_074049/LINEARNO/monitor/output/standard_airfoil/20260916_193631_standard_airfoil_Transolver_train,full,300,300,1,6,0.2594943137
standard_airfoil,/home/hwz/Transolver/LINEARNO/monitor/analysis/transolver_monitor_output_20260917_074049/LINEARNO/monitor/output/standard_airfoil/20260916_193631_standard_airfoil_Transolver_train,full,300,300,1,7,0.1656423344
standard_airfoil,/home/hwz/Transolver/LINEARNO/monitor/analysis/transolver_monitor_output_20260917_074049/LINEARNO/monitor/output/standard_airfoil/20260916_193631_standard_airfoil_Transolver_train,full,300,300,1,8,0.3693561738
standard_airfoil,/home/hwz/Transolver/LINEARNO/monitor/analysis/transolver_monitor_output_20260917_074049/LINEARNO/monitor/output/standard_airfoil/20260916_193631_standard_airfoil_Transolver_train,full,300,300,2,1,0.4552531375
standard_airfoil,/home/hwz/Transolver/LINEARNO/monitor/analysis/transolver_monitor_output_20260917_074049/LINEARNO/monitor/output/standard_airfoil/20260916_193631_standard_airfoil_Transolver_train,full,300,300,2,2,1
standard_airfoil,/home/hwz/Transolver/LINEARNO/monitor/analysis/transolver_monitor_output_20260917_074049/LINEARNO/monitor/output/standard_airfoil/20260916_193631_standard_airfoil_Transolver_train,full,300,300,2,3,0.3407875551
standard_airfoil,/home/hwz/Transolver/LINEARNO/monitor/analysis/transolver_monitor_output_20260917_074049/LINEARNO/monitor/output/standard_airfoil/20260916_193631_standard_airfoil_Transolver_train,full,300,300,2,4,0.2144873616
standard_airfoil,/home/hwz/Transolver/LINEARNO/monitor/analysis/transolver_monitor_output_20260917_074049/LINEARNO/monitor/output/standard_airfoil/20260916_193631_standard_airfoil_Transolver_train,full,300,300,2,5,0.5325362263
standard_airfoil,/home/hwz/Transolver/LINEARNO/monitor/analysis/transolver_monitor_output_20260917_074049/LINEARNO/monitor/output/standard_airfoil/20260916_193631_standard_airfoil_Transolver_train,full,300,300,2,6,0.3843883719
standard_airfoil,/home/hwz/Transolver/LINEARNO/monitor/analysis/transolver_monitor_output_20260917_074049/LINEARNO/monitor/output/standard_airfoil/20260916_193631_standard_airfoil_Transolver_train,full,300,300,2,7,0.2566098581
standard_airfoil,/home/hwz/Transolver/LINEARNO/monitor/analysis/transolver_monitor_output_20260917_074049/LINEARNO/monitor/output/standard_airfoil/20260916_193631_standard_airfoil_Transolver_train,full,300,300,2,8,0.5773322964
standard_airfoil,/home/hwz/Transolver/LINEARNO/monitor/analysis/transolver_monitor_output_20260917_074049/LINEARNO/monitor/output/standard_airfoil/20260916_193631_standard_airfoil_Transolver_train,full,300,300,3,1,0.2440475554
standard_airfoil,/home/hwz/Transolver/LINEARNO/monitor/analysis/transolver_monitor_output_20260917_074049/LINEARNO/monitor/output/standard_airfoil/20260916_193631_standard_airfoil_Transolver_train,full,300,300,3,2,0.3407875551
standard_airfoil,/home/hwz/Transolver/LINEARNO/monitor/analysis/transolver_monitor_output_20260917_074049/LINEARNO/monitor/output/standard_airfoil/20260916_193631_standard_airfoil_Transolver_train,full,300,300,3,3,1
standard_airfoil,/home/hwz/Transolver/LINEARNO/monitor/analysis/transolver_monitor_output_20260917_074049/LINEARNO/monitor/output/standard_airfoil/20260916_193631_standard_airfoil_Transolver_train,full,300,300,3,4,0.3358357389
standard_airfoil,/home/hwz/Transolver/LINEARNO/monitor/analysis/transolver_monitor_output_20260917_074049/LINEARNO/monitor/output/standard_airfoil/20260916_193631_standard_airfoil_Transolver_train,full,300,300,3,5,0.2475490506
standard_airfoil,/home/hwz/Transolver/LINEARNO/monitor/analysis/transolver_monitor_output_20260917_074049/LINEARNO/monitor/output/standard_airfoil/20260916_193631_standard_airfoil_Transolver_train,full,300,300,3,6,0.2157355028
standard_airfoil,/home/hwz/Transolver/LINEARNO/monitor/analysis/transolver_monitor_output_20260917_074049/LINEARNO/monitor/output/standard_airfoil/20260916_193631_standard_airfoil_Transolver_train,full,300,300,3,7,0.2336317692
standard_airfoil,/home/hwz/Transolver/LINEARNO/monitor/analysis/transolver_monitor_output_20260917_074049/LINEARNO/monitor/output/standard_airfoil/20260916_193631_standard_airfoil_Transolver_train,full,300,300,3,8,0.2541096709
standard_airfoil,/home/hwz/Transolver/LINEARNO/monitor/analysis/transolver_monitor_output_20260917_074049/LINEARNO/monitor/output/standard_airfoil/20260916_193631_standard_airfoil_Transolver_train,full,300,300,4,1,0.1356464306
standard_airfoil,/home/hwz/Transolver/LINEARNO/monitor/analysis/transolver_monitor_output_20260917_074049/LINEARNO/monitor/output/standard_airfoil/20260916_193631_standard_airfoil_Transolver_train,full,300,300,4,2,0.2144873616
standard_airfoil,/home/hwz/Transolver/LINEARNO/monitor/analysis/transolver_monitor_output_20260917_074049/LINEARNO/monitor/output/standard_airfoil/20260916_193631_standard_airfoil_Transolver_train,full,300,300,4,3,0.3358357389
standard_airfoil,/home/hwz/Transolver/LINEARNO/monitor/analysis/transolver_monitor_output_20260917_074049/LINEARNO/monitor/output/standard_airfoil/20260916_193631_standard_airfoil_Transolver_train,full,300,300,4,4,1
standard_airfoil,/home/hwz/Transolver/LINEARNO/monitor/analysis/transolver_monitor_output_20260917_074049/LINEARNO/monitor/output/standard_airfoil/20260916_193631_standard_airfoil_Transolver_train,full,300,300,4,5,0.1932880231
standard_airfoil,/home/hwz/Transolver/LINEARNO/monitor/analysis/transolver_monitor_output_20260917_074049/LINEARNO/monitor/output/standard_airfoil/20260916_193631_standard_airfoil_Transolver_train,full,300,300,4,6,0.2261873203
standard_airfoil,/home/hwz/Transolver/LINEARNO/monitor/analysis/transolver_monitor_output_20260917_074049/LINEARNO/monitor/output/standard_airfoil/20260916_193631_standard_airfoil_Transolver_train,full,300,300,4,7,0.2536710221
standard_airfoil,/home/hwz/Transolver/LINEARNO/monitor/analysis/transolver_monitor_output_20260917_074049/LINEARNO/monitor/output/standard_airfoil/20260916_193631_standard_airfoil_Transolver_train,full,300,300,4,8,0.1959158451
standard_airfoil,/home/hwz/Transolver/LINEARNO/monitor/analysis/transolver_monitor_output_20260917_074049/LINEARNO/monitor/output/standard_airfoil/20260916_193631_standard_airfoil_Transolver_train,full,300,300,5,1,0.3535380356
standard_airfoil,/home/hwz/Transolver/LINEARNO/monitor/analysis/transolver_monitor_output_20260917_074049/LINEARNO/monitor/output/standard_airfoil/20260916_193631_standard_airfoil_Transolver_train,full,300,300,5,2,0.5325362263
standard_airfoil,/home/hwz/Transolver/LINEARNO/monitor/analysis/transolver_monitor_output_20260917_074049/LINEARNO/monitor/output/standard_airfoil/20260916_193631_standard_airfoil_Transolver_train,full,300,300,5,3,0.2475490506
standard_airfoil,/home/hwz/Transolver/LINEARNO/monitor/analysis/transolver_monitor_output_20260917_074049/LINEARNO/monitor/output/standard_airfoil/20260916_193631_standard_airfoil_Transolver_train,full,300,300,5,4,0.1932880231
standard_airfoil,/home/hwz/Transolver/LINEARNO/monitor/analysis/transolver_monitor_output_20260917_074049/LINEARNO/monitor/output/standard_airfoil/20260916_193631_standard_airfoil_Transolver_train,full,300,300,5,5,1
standard_airfoil,/home/hwz/Transolver/LINEARNO/monitor/analysis/transolver_monitor_output_20260917_074049/LINEARNO/monitor/output/standard_airfoil/20260916_193631_standard_airfoil_Transolver_train,full,300,300,5,6,0.3422001503
standard_airfoil,/home/hwz/Transolver/LINEARNO/monitor/analysis/transolver_monitor_output_20260917_074049/LINEARNO/monitor/output/standard_airfoil/20260916_193631_standard_airfoil_Transolver_train,full,300,300,5,7,0.214788331
standard_airfoil,/home/hwz/Transolver/LINEARNO/monitor/analysis/transolver_monitor_output_20260917_074049/LINEARNO/monitor/output/standard_airfoil/20260916_193631_standard_airfoil_Transolver_train,full,300,300,5,8,0.4985277595
standard_airfoil,/home/hwz/Transolver/LINEARNO/monitor/analysis/transolver_monitor_output_20260917_074049/LINEARNO/monitor/output/standard_airfoil/20260916_193631_standard_airfoil_Transolver_train,full,300,300,6,1,0.2594943137
standard_airfoil,/home/hwz/Transolver/LINEARNO/monitor/analysis/transolver_monitor_output_20260917_074049/LINEARNO/monitor/output/standard_airfoil/20260916_193631_standard_airfoil_Transolver_train,full,300,300,6,2,0.3843883719
standard_airfoil,/home/hwz/Transolver/LINEARNO/monitor/analysis/transolver_monitor_output_20260917_074049/LINEARNO/monitor/output/standard_airfoil/20260916_193631_standard_airfoil_Transolver_train,full,300,300,6,3,0.2157355028
standard_airfoil,/home/hwz/Transolver/LINEARNO/monitor/analysis/transolver_monitor_output_20260917_074049/LINEARNO/monitor/output/standard_airfoil/20260916_193631_standard_airfoil_Transolver_train,full,300,300,6,4,0.2261873203
standard_airfoil,/home/hwz/Transolver/LINEARNO/monitor/analysis/transolver_monitor_output_20260917_074049/LINEARNO/monitor/output/standard_airfoil/20260916_193631_standard_airfoil_Transolver_train,full,300,300,6,5,0.3422001503
standard_airfoil,/home/hwz/Transolver/LINEARNO/monitor/analysis/transolver_monitor_output_20260917_074049/LINEARNO/monitor/output/standard_airfoil/20260916_193631_standard_airfoil_Transolver_train,full,300,300,6,6,1
standard_airfoil,/home/hwz/Transolver/LINEARNO/monitor/analysis/transolver_monitor_output_20260917_074049/LINEARNO/monitor/output/standard_airfoil/20260916_193631_standard_airfoil_Transolver_train,full,300,300,6,7,0.2040333343
standard_airfoil,/home/hwz/Transolver/LINEARNO/monitor/analysis/transolver_monitor_output_20260917_074049/LINEARNO/monitor/output/standard_airfoil/20260916_193631_standard_airfoil_Transolver_train,full,300,300,6,8,0.376448593
standard_airfoil,/home/hwz/Transolver/LINEARNO/monitor/analysis/transolver_monitor_output_20260917_074049/LINEARNO/monitor/output/standard_airfoil/20260916_193631_standard_airfoil_Transolver_train,full,300,300,7,1,0.1656423344
standard_airfoil,/home/hwz/Transolver/LINEARNO/monitor/analysis/transolver_monitor_output_20260917_074049/LINEARNO/monitor/output/standard_airfoil/20260916_193631_standard_airfoil_Transolver_train,full,300,300,7,2,0.2566098581
standard_airfoil,/home/hwz/Transolver/LINEARNO/monitor/analysis/transolver_monitor_output_20260917_074049/LINEARNO/monitor/output/standard_airfoil/20260916_193631_standard_airfoil_Transolver_train,full,300,300,7,3,0.2336317692
standard_airfoil,/home/hwz/Transolver/LINEARNO/monitor/analysis/transolver_monitor_output_20260917_074049/LINEARNO/monitor/output/standard_airfoil/20260916_193631_standard_airfoil_Transolver_train,full,300,300,7,4,0.2536710221
standard_airfoil,/home/hwz/Transolver/LINEARNO/monitor/analysis/transolver_monitor_output_20260917_074049/LINEARNO/monitor/output/standard_airfoil/20260916_193631_standard_airfoil_Transolver_train,full,300,300,7,5,0.214788331
standard_airfoil,/home/hwz/Transolver/LINEARNO/monitor/analysis/transolver_monitor_output_20260917_074049/LINEARNO/monitor/output/standard_airfoil/20260916_193631_standard_airfoil_Transolver_train,full,300,300,7,6,0.2040333343
standard_airfoil,/home/hwz/Transolver/LINEARNO/monitor/analysis/transolver_monitor_output_20260917_074049/LINEARNO/monitor/output/standard_airfoil/20260916_193631_standard_airfoil_Transolver_train,full,300,300,7,7,1
standard_airfoil,/home/hwz/Transolver/LINEARNO/monitor/analysis/transolver_monitor_output_20260917_074049/LINEARNO/monitor/output/standard_airfoil/20260916_193631_standard_airfoil_Transolver_train,full,300,300,7,8,0.2295263869
standard_airfoil,/home/hwz/Transolver/LINEARNO/monitor/analysis/transolver_monitor_output_20260917_074049/LINEARNO/monitor/output/standard_airfoil/20260916_193631_standard_airfoil_Transolver_train,full,300,300,8,1,0.3693561738
standard_airfoil,/home/hwz/Transolver/LINEARNO/monitor/analysis/transolver_monitor_output_20260917_074049/LINEARNO/monitor/output/standard_airfoil/20260916_193631_standard_airfoil_Transolver_train,full,300,300,8,2,0.5773322964
standard_airfoil,/home/hwz/Transolver/LINEARNO/monitor/analysis/transolver_monitor_output_20260917_074049/LINEARNO/monitor/output/standard_airfoil/20260916_193631_standard_airfoil_Transolver_train,full,300,300,8,3,0.2541096709
standard_airfoil,/home/hwz/Transolver/LINEARNO/monitor/analysis/transolver_monitor_output_20260917_074049/LINEARNO/monitor/output/standard_airfoil/20260916_193631_standard_airfoil_Transolver_train,full,300,300,8,4,0.1959158451
standard_airfoil,/home/hwz/Transolver/LINEARNO/monitor/analysis/transolver_monitor_output_20260917_074049/LINEARNO/monitor/output/standard_airfoil/20260916_193631_standard_airfoil_Transolver_train,full,300,300,8,5,0.4985277595
standard_airfoil,/home/hwz/Transolver/LINEARNO/monitor/analysis/transolver_monitor_output_20260917_074049/LINEARNO/monitor/output/standard_airfoil/20260916_193631_standard_airfoil_Transolver_train,full,300,300,8,6,0.376448593
standard_airfoil,/home/hwz/Transolver/LINEARNO/monitor/analysis/transolver_monitor_output_20260917_074049/LINEARNO/monitor/output/standard_airfoil/20260916_193631_standard_airfoil_Transolver_train,full,300,300,8,7,0.2295263869
standard_airfoil,/home/hwz/Transolver/LINEARNO/monitor/analysis/transolver_monitor_output_20260917_074049/LINEARNO/monitor/output/standard_airfoil/20260916_193631_standard_airfoil_Transolver_train,full,300,300,8,8,1
standard_airfoil,/home/hwz/Transolver/LINEARNO/monitor/analysis/transolver_monitor_output_20260917_074049/LINEARNO/monitor/output/standard_airfoil/20260916_193631_standard_airfoil_Transolver_train,full,400,400,1,1,1
standard_airfoil,/home/hwz/Transolver/LINEARNO/monitor/analysis/transolver_monitor_output_20260917_074049/LINEARNO/monitor/output/standard_airfoil/20260916_193631_standard_airfoil_Transolver_train,full,400,400,1,2,0.4478458632
standard_airfoil,/home/hwz/Transolver/LINEARNO/monitor/analysis/transolver_monitor_output_20260917_074049/LINEARNO/monitor/output/standard_airfoil/20260916_193631_standard_airfoil_Transolver_train,full,400,400,1,3,0.2475307019
standard_airfoil,/home/hwz/Transolver/LINEARNO/monitor/analysis/transolver_monitor_output_20260917_074049/LINEARNO/monitor/output/standard_airfoil/20260916_193631_standard_airfoil_Transolver_train,full,400,400,1,4,0.1255386403
standard_airfoil,/home/hwz/Transolver/LINEARNO/monitor/analysis/transolver_monitor_output_20260917_074049/LINEARNO/monitor/output/standard_airfoil/20260916_193631_standard_airfoil_Transolver_train,full,400,400,1,5,0.3437685871
standard_airfoil,/home/hwz/Transolver/LINEARNO/monitor/analysis/transolver_monitor_output_20260917_074049/LINEARNO/monitor/output/standard_airfoil/20260916_193631_standard_airfoil_Transolver_train,full,400,400,1,6,0.2340653502
standard_airfoil,/home/hwz/Transolver/LINEARNO/monitor/analysis/transolver_monitor_output_20260917_074049/LINEARNO/monitor/output/standard_airfoil/20260916_193631_standard_airfoil_Transolver_train,full,400,400,1,7,0.1699313154
standard_airfoil,/home/hwz/Transolver/LINEARNO/monitor/analysis/transolver_monitor_output_20260917_074049/LINEARNO/monitor/output/standard_airfoil/20260916_193631_standard_airfoil_Transolver_train,full,400,400,1,8,0.3671469867
standard_airfoil,/home/hwz/Transolver/LINEARNO/monitor/analysis/transolver_monitor_output_20260917_074049/LINEARNO/monitor/output/standard_airfoil/20260916_193631_standard_airfoil_Transolver_train,full,400,400,2,1,0.4478458632
standard_airfoil,/home/hwz/Transolver/LINEARNO/monitor/analysis/transolver_monitor_output_20260917_074049/LINEARNO/monitor/output/standard_airfoil/20260916_193631_standard_airfoil_Transolver_train,full,400,400,2,2,1
standard_airfoil,/home/hwz/Transolver/LINEARNO/monitor/analysis/transolver_monitor_output_20260917_074049/LINEARNO/monitor/output/standard_airfoil/20260916_193631_standard_airfoil_Transolver_train,full,400,400,2,3,0.34818064
standard_airfoil,/home/hwz/Transolver/LINEARNO/monitor/analysis/transolver_monitor_output_20260917_074049/LINEARNO/monitor/output/standard_airfoil/20260916_193631_standard_airfoil_Transolver_train,full,400,400,2,4,0.2067324372
standard_airfoil,/home/hwz/Transolver/LINEARNO/monitor/analysis/transolver_monitor_output_20260917_074049/LINEARNO/monitor/output/standard_airfoil/20260916_193631_standard_airfoil_Transolver_train,full,400,400,2,5,0.5123212547
standard_airfoil,/home/hwz/Transolver/LINEARNO/monitor/analysis/transolver_monitor_output_20260917_074049/LINEARNO/monitor/output/standard_airfoil/20260916_193631_standard_airfoil_Transolver_train,full,400,400,2,6,0.3438404224
standard_airfoil,/home/hwz/Transolver/LINEARNO/monitor/analysis/transolver_monitor_output_20260917_074049/LINEARNO/monitor/output/standard_airfoil/20260916_193631_standard_airfoil_Transolver_train,full,400,400,2,7,0.2563199408
standard_airfoil,/home/hwz/Transolver/LINEARNO/monitor/analysis/transolver_monitor_output_20260917_074049/LINEARNO/monitor/output/standard_airfoil/20260916_193631_standard_airfoil_Transolver_train,full,400,400,2,8,0.5640641847
standard_airfoil,/home/hwz/Transolver/LINEARNO/monitor/analysis/transolver_monitor_output_20260917_074049/LINEARNO/monitor/output/standard_airfoil/20260916_193631_standard_airfoil_Transolver_train,full,400,400,3,1,0.2475307019
standard_airfoil,/home/hwz/Transolver/LINEARNO/monitor/analysis/transolver_monitor_output_20260917_074049/LINEARNO/monitor/output/standard_airfoil/20260916_193631_standard_airfoil_Transolver_train,full,400,400,3,2,0.34818064
standard_airfoil,/home/hwz/Transolver/LINEARNO/monitor/analysis/transolver_monitor_output_20260917_074049/LINEARNO/monitor/output/standard_airfoil/20260916_193631_standard_airfoil_Transolver_train,full,400,400,3,3,1
standard_airfoil,/home/hwz/Transolver/LINEARNO/monitor/analysis/transolver_monitor_output_20260917_074049/LINEARNO/monitor/output/standard_airfoil/20260916_193631_standard_airfoil_Transolver_train,full,400,400,3,4,0.3179661835
standard_airfoil,/home/hwz/Transolver/LINEARNO/monitor/analysis/transolver_monitor_output_20260917_074049/LINEARNO/monitor/output/standard_airfoil/20260916_193631_standard_airfoil_Transolver_train,full,400,400,3,5,0.2376598245
standard_airfoil,/home/hwz/Transolver/LINEARNO/monitor/analysis/transolver_monitor_output_20260917_074049/LINEARNO/monitor/output/standard_airfoil/20260916_193631_standard_airfoil_Transolver_train,full,400,400,3,6,0.195745073
standard_airfoil,/home/hwz/Transolver/LINEARNO/monitor/analysis/transolver_monitor_output_20260917_074049/LINEARNO/monitor/output/standard_airfoil/20260916_193631_standard_airfoil_Transolver_train,full,400,400,3,7,0.2332006112
standard_airfoil,/home/hwz/Transolver/LINEARNO/monitor/analysis/transolver_monitor_output_20260917_074049/LINEARNO/monitor/output/standard_airfoil/20260916_193631_standard_airfoil_Transolver_train,full,400,400,3,8,0.2464197881
standard_airfoil,/home/hwz/Transolver/LINEARNO/monitor/analysis/transolver_monitor_output_20260917_074049/LINEARNO/monitor/output/standard_airfoil/20260916_193631_standard_airfoil_Transolver_train,full,400,400,4,1,0.1255386403
standard_airfoil,/home/hwz/Transolver/LINEARNO/monitor/analysis/transolver_monitor_output_20260917_074049/LINEARNO/monitor/output/standard_airfoil/20260916_193631_standard_airfoil_Transolver_train,full,400,400,4,2,0.2067324372
standard_airfoil,/home/hwz/Transolver/LINEARNO/monitor/analysis/transolver_monitor_output_20260917_074049/LINEARNO/monitor/output/standard_airfoil/20260916_193631_standard_airfoil_Transolver_train,full,400,400,4,3,0.3179661835
standard_airfoil,/home/hwz/Transolver/LINEARNO/monitor/analysis/transolver_monitor_output_20260917_074049/LINEARNO/monitor/output/standard_airfoil/20260916_193631_standard_airfoil_Transolver_train,full,400,400,4,4,1
standard_airfoil,/home/hwz/Transolver/LINEARNO/monitor/analysis/transolver_monitor_output_20260917_074049/LINEARNO/monitor/output/standard_airfoil/20260916_193631_standard_airfoil_Transolver_train,full,400,400,4,5,0.1722286102
standard_airfoil,/home/hwz/Transolver/LINEARNO/monitor/analysis/transolver_monitor_output_20260917_074049/LINEARNO/monitor/output/standard_airfoil/20260916_193631_standard_airfoil_Transolver_train,full,400,400,4,6,0.1778248925
standard_airfoil,/home/hwz/Transolver/LINEARNO/monitor/analysis/transolver_monitor_output_20260917_074049/LINEARNO/monitor/output/standard_airfoil/20260916_193631_standard_airfoil_Transolver_train,full,400,400,4,7,0.2755924409
standard_airfoil,/home/hwz/Transolver/LINEARNO/monitor/analysis/transolver_monitor_output_20260917_074049/LINEARNO/monitor/output/standard_airfoil/20260916_193631_standard_airfoil_Transolver_train,full,400,400,4,8,0.1851456646
standard_airfoil,/home/hwz/Transolver/LINEARNO/monitor/analysis/transolver_monitor_output_20260917_074049/LINEARNO/monitor/output/standard_airfoil/20260916_193631_standard_airfoil_Transolver_train,full,400,400,5,1,0.3437685871
standard_airfoil,/home/hwz/Transolver/LINEARNO/monitor/analysis/transolver_monitor_output_20260917_074049/LINEARNO/monitor/output/standard_airfoil/20260916_193631_standard_airfoil_Transolver_train,full,400,400,5,2,0.5123212547
standard_airfoil,/home/hwz/Transolver/LINEARNO/monitor/analysis/transolver_monitor_output_20260917_074049/LINEARNO/monitor/output/standard_airfoil/20260916_193631_standard_airfoil_Transolver_train,full,400,400,5,3,0.2376598245
standard_airfoil,/home/hwz/Transolver/LINEARNO/monitor/analysis/transolver_monitor_output_20260917_074049/LINEARNO/monitor/output/standard_airfoil/20260916_193631_standard_airfoil_Transolver_train,full,400,400,5,4,0.1722286102
standard_airfoil,/home/hwz/Transolver/LINEARNO/monitor/analysis/transolver_monitor_output_20260917_074049/LINEARNO/monitor/output/standard_airfoil/20260916_193631_standard_airfoil_Transolver_train,full,400,400,5,5,1
standard_airfoil,/home/hwz/Transolver/LINEARNO/monitor/analysis/transolver_monitor_output_20260917_074049/LINEARNO/monitor/output/standard_airfoil/20260916_193631_standard_airfoil_Transolver_train,full,400,400,5,6,0.2899240522
standard_airfoil,/home/hwz/Transolver/LINEARNO/monitor/analysis/transolver_monitor_output_20260917_074049/LINEARNO/monitor/output/standard_airfoil/20260916_193631_standard_airfoil_Transolver_train,full,400,400,5,7,0.1954388635
standard_airfoil,/home/hwz/Transolver/LINEARNO/monitor/analysis/transolver_monitor_output_20260917_074049/LINEARNO/monitor/output/standard_airfoil/20260916_193631_standard_airfoil_Transolver_train,full,400,400,5,8,0.477130463
standard_airfoil,/home/hwz/Transolver/LINEARNO/monitor/analysis/transolver_monitor_output_20260917_074049/LINEARNO/monitor/output/standard_airfoil/20260916_193631_standard_airfoil_Transolver_train,full,400,400,6,1,0.2340653502
standard_airfoil,/home/hwz/Transolver/LINEARNO/monitor/analysis/transolver_monitor_output_20260917_074049/LINEARNO/monitor/output/standard_airfoil/20260916_193631_standard_airfoil_Transolver_train,full,400,400,6,2,0.3438404224
standard_airfoil,/home/hwz/Transolver/LINEARNO/monitor/analysis/transolver_monitor_output_20260917_074049/LINEARNO/monitor/output/standard_airfoil/20260916_193631_standard_airfoil_Transolver_train,full,400,400,6,3,0.195745073
standard_airfoil,/home/hwz/Transolver/LINEARNO/monitor/analysis/transolver_monitor_output_20260917_074049/LINEARNO/monitor/output/standard_airfoil/20260916_193631_standard_airfoil_Transolver_train,full,400,400,6,4,0.1778248925
standard_airfoil,/home/hwz/Transolver/LINEARNO/monitor/analysis/transolver_monitor_output_20260917_074049/LINEARNO/monitor/output/standard_airfoil/20260916_193631_standard_airfoil_Transolver_train,full,400,400,6,5,0.2899240522
standard_airfoil,/home/hwz/Transolver/LINEARNO/monitor/analysis/transolver_monitor_output_20260917_074049/LINEARNO/monitor/output/standard_airfoil/20260916_193631_standard_airfoil_Transolver_train,full,400,400,6,6,1
standard_airfoil,/home/hwz/Transolver/LINEARNO/monitor/analysis/transolver_monitor_output_20260917_074049/LINEARNO/monitor/output/standard_airfoil/20260916_193631_standard_airfoil_Transolver_train,full,400,400,6,7,0.2073839843
standard_airfoil,/home/hwz/Transolver/LINEARNO/monitor/analysis/transolver_monitor_output_20260917_074049/LINEARNO/monitor/output/standard_airfoil/20260916_193631_standard_airfoil_Transolver_train,full,400,400,6,8,0.3679197967
standard_airfoil,/home/hwz/Transolver/LINEARNO/monitor/analysis/transolver_monitor_output_20260917_074049/LINEARNO/monitor/output/standard_airfoil/20260916_193631_standard_airfoil_Transolver_train,full,400,400,7,1,0.1699313154
standard_airfoil,/home/hwz/Transolver/LINEARNO/monitor/analysis/transolver_monitor_output_20260917_074049/LINEARNO/monitor/output/standard_airfoil/20260916_193631_standard_airfoil_Transolver_train,full,400,400,7,2,0.2563199408
standard_airfoil,/home/hwz/Transolver/LINEARNO/monitor/analysis/transolver_monitor_output_20260917_074049/LINEARNO/monitor/output/standard_airfoil/20260916_193631_standard_airfoil_Transolver_train,full,400,400,7,3,0.2332006112
standard_airfoil,/home/hwz/Transolver/LINEARNO/monitor/analysis/transolver_monitor_output_20260917_074049/LINEARNO/monitor/output/standard_airfoil/20260916_193631_standard_airfoil_Transolver_train,full,400,400,7,4,0.2755924409
standard_airfoil,/home/hwz/Transolver/LINEARNO/monitor/analysis/transolver_monitor_output_20260917_074049/LINEARNO/monitor/output/standard_airfoil/20260916_193631_standard_airfoil_Transolver_train,full,400,400,7,5,0.1954388635
standard_airfoil,/home/hwz/Transolver/LINEARNO/monitor/analysis/transolver_monitor_output_20260917_074049/LINEARNO/monitor/output/standard_airfoil/20260916_193631_standard_airfoil_Transolver_train,full,400,400,7,6,0.2073839843
standard_airfoil,/home/hwz/Transolver/LINEARNO/monitor/analysis/transolver_monitor_output_20260917_074049/LINEARNO/monitor/output/standard_airfoil/20260916_193631_standard_airfoil_Transolver_train,full,400,400,7,7,1
standard_airfoil,/home/hwz/Transolver/LINEARNO/monitor/analysis/transolver_monitor_output_20260917_074049/LINEARNO/monitor/output/standard_airfoil/20260916_193631_standard_airfoil_Transolver_train,full,400,400,7,8,0.3326580294
standard_airfoil,/home/hwz/Transolver/LINEARNO/monitor/analysis/transolver_monitor_output_20260917_074049/LINEARNO/monitor/output/standard_airfoil/20260916_193631_standard_airfoil_Transolver_train,full,400,400,8,1,0.3671469867
standard_airfoil,/home/hwz/Transolver/LINEARNO/monitor/analysis/transolver_monitor_output_20260917_074049/LINEARNO/monitor/output/standard_airfoil/20260916_193631_standard_airfoil_Transolver_train,full,400,400,8,2,0.5640641847
standard_airfoil,/home/hwz/Transolver/LINEARNO/monitor/analysis/transolver_monitor_output_20260917_074049/LINEARNO/monitor/output/standard_airfoil/20260916_193631_standard_airfoil_Transolver_train,full,400,400,8,3,0.2464197881
standard_airfoil,/home/hwz/Transolver/LINEARNO/monitor/analysis/transolver_monitor_output_20260917_074049/LINEARNO/monitor/output/standard_airfoil/20260916_193631_standard_airfoil_Transolver_train,full,400,400,8,4,0.1851456646
standard_airfoil,/home/hwz/Transolver/LINEARNO/monitor/analysis/transolver_monitor_output_20260917_074049/LINEARNO/monitor/output/standard_airfoil/20260916_193631_standard_airfoil_Transolver_train,full,400,400,8,5,0.477130463
standard_airfoil,/home/hwz/Transolver/LINEARNO/monitor/analysis/transolver_monitor_output_20260917_074049/LINEARNO/monitor/output/standard_airfoil/20260916_193631_standard_airfoil_Transolver_train,full,400,400,8,6,0.3679197967
standard_airfoil,/home/hwz/Transolver/LINEARNO/monitor/analysis/transolver_monitor_output_20260917_074049/LINEARNO/monitor/output/standard_airfoil/20260916_193631_standard_airfoil_Transolver_train,full,400,400,8,7,0.3326580294
standard_airfoil,/home/hwz/Transolver/LINEARNO/monitor/analysis/transolver_monitor_output_20260917_074049/LINEARNO/monitor/output/standard_airfoil/20260916_193631_standard_airfoil_Transolver_train,full,400,400,8,8,0.9999999981
standard_airfoil,/home/hwz/Transolver/LINEARNO/monitor/analysis/transolver_monitor_output_20260917_074049/LINEARNO/monitor/output/standard_airfoil/20260916_193631_standard_airfoil_Transolver_train,full,500,500,1,1,1
standard_airfoil,/home/hwz/Transolver/LINEARNO/monitor/analysis/transolver_monitor_output_20260917_074049/LINEARNO/monitor/output/standard_airfoil/20260916_193631_standard_airfoil_Transolver_train,full,500,500,1,2,0.4443304259
standard_airfoil,/home/hwz/Transolver/LINEARNO/monitor/analysis/transolver_monitor_output_20260917_074049/LINEARNO/monitor/output/standard_airfoil/20260916_193631_standard_airfoil_Transolver_train,full,500,500,1,3,0.243388114
standard_airfoil,/home/hwz/Transolver/LINEARNO/monitor/analysis/transolver_monitor_output_20260917_074049/LINEARNO/monitor/output/standard_airfoil/20260916_193631_standard_airfoil_Transolver_train,full,500,500,1,4,0.1242748337
standard_airfoil,/home/hwz/Transolver/LINEARNO/monitor/analysis/transolver_monitor_output_20260917_074049/LINEARNO/monitor/output/standard_airfoil/20260916_193631_standard_airfoil_Transolver_train,full,500,500,1,5,0.3357578139
standard_airfoil,/home/hwz/Transolver/LINEARNO/monitor/analysis/transolver_monitor_output_20260917_074049/LINEARNO/monitor/output/standard_airfoil/20260916_193631_standard_airfoil_Transolver_train,full,500,500,1,6,0.2181158238
standard_airfoil,/home/hwz/Transolver/LINEARNO/monitor/analysis/transolver_monitor_output_20260917_074049/LINEARNO/monitor/output/standard_airfoil/20260916_193631_standard_airfoil_Transolver_train,full,500,500,1,7,0.151332132
standard_airfoil,/home/hwz/Transolver/LINEARNO/monitor/analysis/transolver_monitor_output_20260917_074049/LINEARNO/monitor/output/standard_airfoil/20260916_193631_standard_airfoil_Transolver_train,full,500,500,1,8,0.3556974211
standard_airfoil,/home/hwz/Transolver/LINEARNO/monitor/analysis/transolver_monitor_output_20260917_074049/LINEARNO/monitor/output/standard_airfoil/20260916_193631_standard_airfoil_Transolver_train,full,500,500,2,1,0.4443304259
standard_airfoil,/home/hwz/Transolver/LINEARNO/monitor/analysis/transolver_monitor_output_20260917_074049/LINEARNO/monitor/output/standard_airfoil/20260916_193631_standard_airfoil_Transolver_train,full,500,500,2,2,1
standard_airfoil,/home/hwz/Transolver/LINEARNO/monitor/analysis/transolver_monitor_output_20260917_074049/LINEARNO/monitor/output/standard_airfoil/20260916_193631_standard_airfoil_Transolver_train,full,500,500,2,3,0.3467662618
standard_airfoil,/home/hwz/Transolver/LINEARNO/monitor/analysis/transolver_monitor_output_20260917_074049/LINEARNO/monitor/output/standard_airfoil/20260916_193631_standard_airfoil_Transolver_train,full,500,500,2,4,0.2091931493
standard_airfoil,/home/hwz/Transolver/LINEARNO/monitor/analysis/transolver_monitor_output_20260917_074049/LINEARNO/monitor/output/standard_airfoil/20260916_193631_standard_airfoil_Transolver_train,full,500,500,2,5,0.4945719098
standard_airfoil,/home/hwz/Transolver/LINEARNO/monitor/analysis/transolver_monitor_output_20260917_074049/LINEARNO/monitor/output/standard_airfoil/20260916_193631_standard_airfoil_Transolver_train,full,500,500,2,6,0.3188448274
standard_airfoil,/home/hwz/Transolver/LINEARNO/monitor/analysis/transolver_monitor_output_20260917_074049/LINEARNO/monitor/output/standard_airfoil/20260916_193631_standard_airfoil_Transolver_train,full,500,500,2,7,0.2318778076
standard_airfoil,/home/hwz/Transolver/LINEARNO/monitor/analysis/transolver_monitor_output_20260917_074049/LINEARNO/monitor/output/standard_airfoil/20260916_193631_standard_airfoil_Transolver_train,full,500,500,2,8,0.5540762628
standard_airfoil,/home/hwz/Transolver/LINEARNO/monitor/analysis/transolver_monitor_output_20260917_074049/LINEARNO/monitor/output/standard_airfoil/20260916_193631_standard_airfoil_Transolver_train,full,500,500,3,1,0.243388114
standard_airfoil,/home/hwz/Transolver/LINEARNO/monitor/analysis/transolver_monitor_output_20260917_074049/LINEARNO/monitor/output/standard_airfoil/20260916_193631_standard_airfoil_Transolver_train,full,500,500,3,2,0.3467662618
standard_airfoil,/home/hwz/Transolver/LINEARNO/monitor/analysis/transolver_monitor_output_20260917_074049/LINEARNO/monitor/output/standard_airfoil/20260916_193631_standard_airfoil_Transolver_train,full,500,500,3,3,1
standard_airfoil,/home/hwz/Transolver/LINEARNO/monitor/analysis/transolver_monitor_output_20260917_074049/LINEARNO/monitor/output/standard_airfoil/20260916_193631_standard_airfoil_Transolver_train,full,500,500,3,4,0.3146970797
standard_airfoil,/home/hwz/Transolver/LINEARNO/monitor/analysis/transolver_monitor_output_20260917_074049/LINEARNO/monitor/output/standard_airfoil/20260916_193631_standard_airfoil_Transolver_train,full,500,500,3,5,0.2345153128
standard_airfoil,/home/hwz/Transolver/LINEARNO/monitor/analysis/transolver_monitor_output_20260917_074049/LINEARNO/monitor/output/standard_airfoil/20260916_193631_standard_airfoil_Transolver_train,full,500,500,3,6,0.1970656535
standard_airfoil,/home/hwz/Transolver/LINEARNO/monitor/analysis/transolver_monitor_output_20260917_074049/LINEARNO/monitor/output/standard_airfoil/20260916_193631_standard_airfoil_Transolver_train,full,500,500,3,7,0.2026856776
standard_airfoil,/home/hwz/Transolver/LINEARNO/monitor/analysis/transolver_monitor_output_20260917_074049/LINEARNO/monitor/output/standard_airfoil/20260916_193631_standard_airfoil_Transolver_train,full,500,500,3,8,0.2453400744
standard_airfoil,/home/hwz/Transolver/LINEARNO/monitor/analysis/transolver_monitor_output_20260917_074049/LINEARNO/monitor/output/standard_airfoil/20260916_193631_standard_airfoil_Transolver_train,full,500,500,4,1,0.1242748337
standard_airfoil,/home/hwz/Transolver/LINEARNO/monitor/analysis/transolver_monitor_output_20260917_074049/LINEARNO/monitor/output/standard_airfoil/20260916_193631_standard_airfoil_Transolver_train,full,500,500,4,2,0.2091931493
standard_airfoil,/home/hwz/Transolver/LINEARNO/monitor/analysis/transolver_monitor_output_20260917_074049/LINEARNO/monitor/output/standard_airfoil/20260916_193631_standard_airfoil_Transolver_train,full,500,500,4,3,0.3146970797
standard_airfoil,/home/hwz/Transolver/LINEARNO/monitor/analysis/transolver_monitor_output_20260917_074049/LINEARNO/monitor/output/standard_airfoil/20260916_193631_standard_airfoil_Transolver_train,full,500,500,4,4,1
standard_airfoil,/home/hwz/Transolver/LINEARNO/monitor/analysis/transolver_monitor_output_20260917_074049/LINEARNO/monitor/output/standard_airfoil/20260916_193631_standard_airfoil_Transolver_train,full,500,500,4,5,0.1655465122
standard_airfoil,/home/hwz/Transolver/LINEARNO/monitor/analysis/transolver_monitor_output_20260917_074049/LINEARNO/monitor/output/standard_airfoil/20260916_193631_standard_airfoil_Transolver_train,full,500,500,4,6,0.1887691711
standard_airfoil,/home/hwz/Transolver/LINEARNO/monitor/analysis/transolver_monitor_output_20260917_074049/LINEARNO/monitor/output/standard_airfoil/20260916_193631_standard_airfoil_Transolver_train,full,500,500,4,7,0.2721641063
standard_airfoil,/home/hwz/Transolver/LINEARNO/monitor/analysis/transolver_monitor_output_20260917_074049/LINEARNO/monitor/output/standard_airfoil/20260916_193631_standard_airfoil_Transolver_train,full,500,500,4,8,0.2104853499
standard_airfoil,/home/hwz/Transolver/LINEARNO/monitor/analysis/transolver_monitor_output_20260917_074049/LINEARNO/monitor/output/standard_airfoil/20260916_193631_standard_airfoil_Transolver_train,full,500,500,5,1,0.3357578139
standard_airfoil,/home/hwz/Transolver/LINEARNO/monitor/analysis/transolver_monitor_output_20260917_074049/LINEARNO/monitor/output/standard_airfoil/20260916_193631_standard_airfoil_Transolver_train,full,500,500,5,2,0.4945719098
standard_airfoil,/home/hwz/Transolver/LINEARNO/monitor/analysis/transolver_monitor_output_20260917_074049/LINEARNO/monitor/output/standard_airfoil/20260916_193631_standard_airfoil_Transolver_train,full,500,500,5,3,0.2345153128
standard_airfoil,/home/hwz/Transolver/LINEARNO/monitor/analysis/transolver_monitor_output_20260917_074049/LINEARNO/monitor/output/standard_airfoil/20260916_193631_standard_airfoil_Transolver_train,full,500,500,5,4,0.1655465122
standard_airfoil,/home/hwz/Transolver/LINEARNO/monitor/analysis/transolver_monitor_output_20260917_074049/LINEARNO/monitor/output/standard_airfoil/20260916_193631_standard_airfoil_Transolver_train,full,500,500,5,5,1
standard_airfoil,/home/hwz/Transolver/LINEARNO/monitor/analysis/transolver_monitor_output_20260917_074049/LINEARNO/monitor/output/standard_airfoil/20260916_193631_standard_airfoil_Transolver_train,full,500,500,5,6,0.2601931777
standard_airfoil,/home/hwz/Transolver/LINEARNO/monitor/analysis/transolver_monitor_output_20260917_074049/LINEARNO/monitor/output/standard_airfoil/20260916_193631_standard_airfoil_Transolver_train,full,500,500,5,7,0.1664674853
standard_airfoil,/home/hwz/Transolver/LINEARNO/monitor/analysis/transolver_monitor_output_20260917_074049/LINEARNO/monitor/output/standard_airfoil/20260916_193631_standard_airfoil_Transolver_train,full,500,500,5,8,0.4664298537
standard_airfoil,/home/hwz/Transolver/LINEARNO/monitor/analysis/transolver_monitor_output_20260917_074049/LINEARNO/monitor/output/standard_airfoil/20260916_193631_standard_airfoil_Transolver_train,full,500,500,6,1,0.2181158238
standard_airfoil,/home/hwz/Transolver/LINEARNO/monitor/analysis/transolver_monitor_output_20260917_074049/LINEARNO/monitor/output/standard_airfoil/20260916_193631_standard_airfoil_Transolver_train,full,500,500,6,2,0.3188448274
standard_airfoil,/home/hwz/Transolver/LINEARNO/monitor/analysis/transolver_monitor_output_20260917_074049/LINEARNO/monitor/output/standard_airfoil/20260916_193631_standard_airfoil_Transolver_train,full,500,500,6,3,0.1970656535
standard_airfoil,/home/hwz/Transolver/LINEARNO/monitor/analysis/transolver_monitor_output_20260917_074049/LINEARNO/monitor/output/standard_airfoil/20260916_193631_standard_airfoil_Transolver_train,full,500,500,6,4,0.1887691711
standard_airfoil,/home/hwz/Transolver/LINEARNO/monitor/analysis/transolver_monitor_output_20260917_074049/LINEARNO/monitor/output/standard_airfoil/20260916_193631_standard_airfoil_Transolver_train,full,500,500,6,5,0.2601931777
standard_airfoil,/home/hwz/Transolver/LINEARNO/monitor/analysis/transolver_monitor_output_20260917_074049/LINEARNO/monitor/output/standard_airfoil/20260916_193631_standard_airfoil_Transolver_train,full,500,500,6,6,1
standard_airfoil,/home/hwz/Transolver/LINEARNO/monitor/analysis/transolver_monitor_output_20260917_074049/LINEARNO/monitor/output/standard_airfoil/20260916_193631_standard_airfoil_Transolver_train,full,500,500,6,7,0.1898543332
standard_airfoil,/home/hwz/Transolver/LINEARNO/monitor/analysis/transolver_monitor_output_20260917_074049/LINEARNO/monitor/output/standard_airfoil/20260916_193631_standard_airfoil_Transolver_train,full,500,500,6,8,0.3550724143
standard_airfoil,/home/hwz/Transolver/LINEARNO/monitor/analysis/transolver_monitor_output_20260917_074049/LINEARNO/monitor/output/standard_airfoil/20260916_193631_standard_airfoil_Transolver_train,full,500,500,7,1,0.151332132
standard_airfoil,/home/hwz/Transolver/LINEARNO/monitor/analysis/transolver_monitor_output_20260917_074049/LINEARNO/monitor/output/standard_airfoil/20260916_193631_standard_airfoil_Transolver_train,full,500,500,7,2,0.2318778076
standard_airfoil,/home/hwz/Transolver/LINEARNO/monitor/analysis/transolver_monitor_output_20260917_074049/LINEARNO/monitor/output/standard_airfoil/20260916_193631_standard_airfoil_Transolver_train,full,500,500,7,3,0.2026856776
standard_airfoil,/home/hwz/Transolver/LINEARNO/monitor/analysis/transolver_monitor_output_20260917_074049/LINEARNO/monitor/output/standard_airfoil/20260916_193631_standard_airfoil_Transolver_train,full,500,500,7,4,0.2721641063
standard_airfoil,/home/hwz/Transolver/LINEARNO/monitor/analysis/transolver_monitor_output_20260917_074049/LINEARNO/monitor/output/standard_airfoil/20260916_193631_standard_airfoil_Transolver_train,full,500,500,7,5,0.1664674853
standard_airfoil,/home/hwz/Transolver/LINEARNO/monitor/analysis/transolver_monitor_output_20260917_074049/LINEARNO/monitor/output/standard_airfoil/20260916_193631_standard_airfoil_Transolver_train,full,500,500,7,6,0.1898543332
standard_airfoil,/home/hwz/Transolver/LINEARNO/monitor/analysis/transolver_monitor_output_20260917_074049/LINEARNO/monitor/output/standard_airfoil/20260916_193631_standard_airfoil_Transolver_train,full,500,500,7,7,1
standard_airfoil,/home/hwz/Transolver/LINEARNO/monitor/analysis/transolver_monitor_output_20260917_074049/LINEARNO/monitor/output/standard_airfoil/20260916_193631_standard_airfoil_Transolver_train,full,500,500,7,8,0.2783401681
standard_airfoil,/home/hwz/Transolver/LINEARNO/monitor/analysis/transolver_monitor_output_20260917_074049/LINEARNO/monitor/output/standard_airfoil/20260916_193631_standard_airfoil_Transolver_train,full,500,500,8,1,0.3556974211
standard_airfoil,/home/hwz/Transolver/LINEARNO/monitor/analysis/transolver_monitor_output_20260917_074049/LINEARNO/monitor/output/standard_airfoil/20260916_193631_standard_airfoil_Transolver_train,full,500,500,8,2,0.5540762628
standard_airfoil,/home/hwz/Transolver/LINEARNO/monitor/analysis/transolver_monitor_output_20260917_074049/LINEARNO/monitor/output/standard_airfoil/20260916_193631_standard_airfoil_Transolver_train,full,500,500,8,3,0.2453400744
standard_airfoil,/home/hwz/Transolver/LINEARNO/monitor/analysis/transolver_monitor_output_20260917_074049/LINEARNO/monitor/output/standard_airfoil/20260916_193631_standard_airfoil_Transolver_train,full,500,500,8,4,0.2104853499
standard_airfoil,/home/hwz/Transolver/LINEARNO/monitor/analysis/transolver_monitor_output_20260917_074049/LINEARNO/monitor/output/standard_airfoil/20260916_193631_standard_airfoil_Transolver_train,full,500,500,8,5,0.4664298537
standard_airfoil,/home/hwz/Transolver/LINEARNO/monitor/analysis/transolver_monitor_output_20260917_074049/LINEARNO/monitor/output/standard_airfoil/20260916_193631_standard_airfoil_Transolver_train,full,500,500,8,6,0.3550724143
standard_airfoil,/home/hwz/Transolver/LINEARNO/monitor/analysis/transolver_monitor_output_20260917_074049/LINEARNO/monitor/output/standard_airfoil/20260916_193631_standard_airfoil_Transolver_train,full,500,500,8,7,0.2783401681
standard_airfoil,/home/hwz/Transolver/LINEARNO/monitor/analysis/transolver_monitor_output_20260917_074049/LINEARNO/monitor/output/standard_airfoil/20260916_193631_standard_airfoil_Transolver_train,full,500,500,8,8,1
darcy,/home/hwz/Transolver/LINEARNO/monitor/analysis/transolver_monitor_output_20260917_074049/LINEARNO/monitor/output/darcy/20260916_193756_darcy_UniPDE_train,full,1,1,1,1,1
darcy,/home/hwz/Transolver/LINEARNO/monitor/analysis/transolver_monitor_output_20260917_074049/LINEARNO/monitor/output/darcy/20260916_193756_darcy_UniPDE_train,full,1,1,1,2,0.9999810513
darcy,/home/hwz/Transolver/LINEARNO/monitor/analysis/transolver_monitor_output_20260917_074049/LINEARNO/monitor/output/darcy/20260916_193756_darcy_UniPDE_train,full,1,1,1,3,0.9999783672
darcy,/home/hwz/Transolver/LINEARNO/monitor/analysis/transolver_monitor_output_20260917_074049/LINEARNO/monitor/output/darcy/20260916_193756_darcy_UniPDE_train,full,1,1,1,4,0.9999799915
darcy,/home/hwz/Transolver/LINEARNO/monitor/analysis/transolver_monitor_output_20260917_074049/LINEARNO/monitor/output/darcy/20260916_193756_darcy_UniPDE_train,full,1,1,1,5,0.9999782704
darcy,/home/hwz/Transolver/LINEARNO/monitor/analysis/transolver_monitor_output_20260917_074049/LINEARNO/monitor/output/darcy/20260916_193756_darcy_UniPDE_train,full,1,1,1,6,0.9999777917
darcy,/home/hwz/Transolver/LINEARNO/monitor/analysis/transolver_monitor_output_20260917_074049/LINEARNO/monitor/output/darcy/20260916_193756_darcy_UniPDE_train,full,1,1,1,7,0.9999780171
darcy,/home/hwz/Transolver/LINEARNO/monitor/analysis/transolver_monitor_output_20260917_074049/LINEARNO/monitor/output/darcy/20260916_193756_darcy_UniPDE_train,full,1,1,1,8,0.9999783412
darcy,/home/hwz/Transolver/LINEARNO/monitor/analysis/transolver_monitor_output_20260917_074049/LINEARNO/monitor/output/darcy/20260916_193756_darcy_UniPDE_train,full,1,1,2,1,0.9999810513
darcy,/home/hwz/Transolver/LINEARNO/monitor/analysis/transolver_monitor_output_20260917_074049/LINEARNO/monitor/output/darcy/20260916_193756_darcy_UniPDE_train,full,1,1,2,2,1
darcy,/home/hwz/Transolver/LINEARNO/monitor/analysis/transolver_monitor_output_20260917_074049/LINEARNO/monitor/output/darcy/20260916_193756_darcy_UniPDE_train,full,1,1,2,3,1
darcy,/home/hwz/Transolver/LINEARNO/monitor/analysis/transolver_monitor_output_20260917_074049/LINEARNO/monitor/output/darcy/20260916_193756_darcy_UniPDE_train,full,1,1,2,4,1
darcy,/home/hwz/Transolver/LINEARNO/monitor/analysis/transolver_monitor_output_20260917_074049/LINEARNO/monitor/output/darcy/20260916_193756_darcy_UniPDE_train,full,1,1,2,5,1
darcy,/home/hwz/Transolver/LINEARNO/monitor/analysis/transolver_monitor_output_20260917_074049/LINEARNO/monitor/output/darcy/20260916_193756_darcy_UniPDE_train,full,1,1,2,6,1
darcy,/home/hwz/Transolver/LINEARNO/monitor/analysis/transolver_monitor_output_20260917_074049/LINEARNO/monitor/output/darcy/20260916_193756_darcy_UniPDE_train,full,1,1,2,7,1
darcy,/home/hwz/Transolver/LINEARNO/monitor/analysis/transolver_monitor_output_20260917_074049/LINEARNO/monitor/output/darcy/20260916_193756_darcy_UniPDE_train,full,1,1,2,8,1
darcy,/home/hwz/Transolver/LINEARNO/monitor/analysis/transolver_monitor_output_20260917_074049/LINEARNO/monitor/output/darcy/20260916_193756_darcy_UniPDE_train,full,1,1,3,1,0.9999783672
darcy,/home/hwz/Transolver/LINEARNO/monitor/analysis/transolver_monitor_output_20260917_074049/LINEARNO/monitor/output/darcy/20260916_193756_darcy_UniPDE_train,full,1,1,3,2,1
darcy,/home/hwz/Transolver/LINEARNO/monitor/analysis/transolver_monitor_output_20260917_074049/LINEARNO/monitor/output/darcy/20260916_193756_darcy_UniPDE_train,full,1,1,3,3,1
darcy,/home/hwz/Transolver/LINEARNO/monitor/analysis/transolver_monitor_output_20260917_074049/LINEARNO/monitor/output/darcy/20260916_193756_darcy_UniPDE_train,full,1,1,3,4,1
darcy,/home/hwz/Transolver/LINEARNO/monitor/analysis/transolver_monitor_output_20260917_074049/LINEARNO/monitor/output/darcy/20260916_193756_darcy_UniPDE_train,full,1,1,3,5,1
darcy,/home/hwz/Transolver/LINEARNO/monitor/analysis/transolver_monitor_output_20260917_074049/LINEARNO/monitor/output/darcy/20260916_193756_darcy_UniPDE_train,full,1,1,3,6,1
darcy,/home/hwz/Transolver/LINEARNO/monitor/analysis/transolver_monitor_output_20260917_074049/LINEARNO/monitor/output/darcy/20260916_193756_darcy_UniPDE_train,full,1,1,3,7,1
darcy,/home/hwz/Transolver/LINEARNO/monitor/analysis/transolver_monitor_output_20260917_074049/LINEARNO/monitor/output/darcy/20260916_193756_darcy_UniPDE_train,full,1,1,3,8,1
darcy,/home/hwz/Transolver/LINEARNO/monitor/analysis/transolver_monitor_output_20260917_074049/LINEARNO/monitor/output/darcy/20260916_193756_darcy_UniPDE_train,full,1,1,4,1,0.9999799915
darcy,/home/hwz/Transolver/LINEARNO/monitor/analysis/transolver_monitor_output_20260917_074049/LINEARNO/monitor/output/darcy/20260916_193756_darcy_UniPDE_train,full,1,1,4,2,1
darcy,/home/hwz/Transolver/LINEARNO/monitor/analysis/transolver_monitor_output_20260917_074049/LINEARNO/monitor/output/darcy/20260916_193756_darcy_UniPDE_train,full,1,1,4,3,1
darcy,/home/hwz/Transolver/LINEARNO/monitor/analysis/transolver_monitor_output_20260917_074049/LINEARNO/monitor/output/darcy/20260916_193756_darcy_UniPDE_train,full,1,1,4,4,1
darcy,/home/hwz/Transolver/LINEARNO/monitor/analysis/transolver_monitor_output_20260917_074049/LINEARNO/monitor/output/darcy/20260916_193756_darcy_UniPDE_train,full,1,1,4,5,1
darcy,/home/hwz/Transolver/LINEARNO/monitor/analysis/transolver_monitor_output_20260917_074049/LINEARNO/monitor/output/darcy/20260916_193756_darcy_UniPDE_train,full,1,1,4,6,1
darcy,/home/hwz/Transolver/LINEARNO/monitor/analysis/transolver_monitor_output_20260917_074049/LINEARNO/monitor/output/darcy/20260916_193756_darcy_UniPDE_train,full,1,1,4,7,1
darcy,/home/hwz/Transolver/LINEARNO/monitor/analysis/transolver_monitor_output_20260917_074049/LINEARNO/monitor/output/darcy/20260916_193756_darcy_UniPDE_train,full,1,1,4,8,1
darcy,/home/hwz/Transolver/LINEARNO/monitor/analysis/transolver_monitor_output_20260917_074049/LINEARNO/monitor/output/darcy/20260916_193756_darcy_UniPDE_train,full,1,1,5,1,0.9999782704
darcy,/home/hwz/Transolver/LINEARNO/monitor/analysis/transolver_monitor_output_20260917_074049/LINEARNO/monitor/output/darcy/20260916_193756_darcy_UniPDE_train,full,1,1,5,2,1
darcy,/home/hwz/Transolver/LINEARNO/monitor/analysis/transolver_monitor_output_20260917_074049/LINEARNO/monitor/output/darcy/20260916_193756_darcy_UniPDE_train,full,1,1,5,3,1
darcy,/home/hwz/Transolver/LINEARNO/monitor/analysis/transolver_monitor_output_20260917_074049/LINEARNO/monitor/output/darcy/20260916_193756_darcy_UniPDE_train,full,1,1,5,4,1
darcy,/home/hwz/Transolver/LINEARNO/monitor/analysis/transolver_monitor_output_20260917_074049/LINEARNO/monitor/output/darcy/20260916_193756_darcy_UniPDE_train,full,1,1,5,5,1
darcy,/home/hwz/Transolver/LINEARNO/monitor/analysis/transolver_monitor_output_20260917_074049/LINEARNO/monitor/output/darcy/20260916_193756_darcy_UniPDE_train,full,1,1,5,6,1
darcy,/home/hwz/Transolver/LINEARNO/monitor/analysis/transolver_monitor_output_20260917_074049/LINEARNO/monitor/output/darcy/20260916_193756_darcy_UniPDE_train,full,1,1,5,7,1
darcy,/home/hwz/Transolver/LINEARNO/monitor/analysis/transolver_monitor_output_20260917_074049/LINEARNO/monitor/output/darcy/20260916_193756_darcy_UniPDE_train,full,1,1,5,8,1
darcy,/home/hwz/Transolver/LINEARNO/monitor/analysis/transolver_monitor_output_20260917_074049/LINEARNO/monitor/output/darcy/20260916_193756_darcy_UniPDE_train,full,1,1,6,1,0.9999777917
darcy,/home/hwz/Transolver/LINEARNO/monitor/analysis/transolver_monitor_output_20260917_074049/LINEARNO/monitor/output/darcy/20260916_193756_darcy_UniPDE_train,full,1,1,6,2,1
darcy,/home/hwz/Transolver/LINEARNO/monitor/analysis/transolver_monitor_output_20260917_074049/LINEARNO/monitor/output/darcy/20260916_193756_darcy_UniPDE_train,full,1,1,6,3,1
darcy,/home/hwz/Transolver/LINEARNO/monitor/analysis/transolver_monitor_output_20260917_074049/LINEARNO/monitor/output/darcy/20260916_193756_darcy_UniPDE_train,full,1,1,6,4,1
darcy,/home/hwz/Transolver/LINEARNO/monitor/analysis/transolver_monitor_output_20260917_074049/LINEARNO/monitor/output/darcy/20260916_193756_darcy_UniPDE_train,full,1,1,6,5,1
darcy,/home/hwz/Transolver/LINEARNO/monitor/analysis/transolver_monitor_output_20260917_074049/LINEARNO/monitor/output/darcy/20260916_193756_darcy_UniPDE_train,full,1,1,6,6,1
darcy,/home/hwz/Transolver/LINEARNO/monitor/analysis/transolver_monitor_output_20260917_074049/LINEARNO/monitor/output/darcy/20260916_193756_darcy_UniPDE_train,full,1,1,6,7,1
darcy,/home/hwz/Transolver/LINEARNO/monitor/analysis/transolver_monitor_output_20260917_074049/LINEARNO/monitor/output/darcy/20260916_193756_darcy_UniPDE_train,full,1,1,6,8,1
darcy,/home/hwz/Transolver/LINEARNO/monitor/analysis/transolver_monitor_output_20260917_074049/LINEARNO/monitor/output/darcy/20260916_193756_darcy_UniPDE_train,full,1,1,7,1,0.9999780171
darcy,/home/hwz/Transolver/LINEARNO/monitor/analysis/transolver_monitor_output_20260917_074049/LINEARNO/monitor/output/darcy/20260916_193756_darcy_UniPDE_train,full,1,1,7,2,1
darcy,/home/hwz/Transolver/LINEARNO/monitor/analysis/transolver_monitor_output_20260917_074049/LINEARNO/monitor/output/darcy/20260916_193756_darcy_UniPDE_train,full,1,1,7,3,1
darcy,/home/hwz/Transolver/LINEARNO/monitor/analysis/transolver_monitor_output_20260917_074049/LINEARNO/monitor/output/darcy/20260916_193756_darcy_UniPDE_train,full,1,1,7,4,1
darcy,/home/hwz/Transolver/LINEARNO/monitor/analysis/transolver_monitor_output_20260917_074049/LINEARNO/monitor/output/darcy/20260916_193756_darcy_UniPDE_train,full,1,1,7,5,1
darcy,/home/hwz/Transolver/LINEARNO/monitor/analysis/transolver_monitor_output_20260917_074049/LINEARNO/monitor/output/darcy/20260916_193756_darcy_UniPDE_train,full,1,1,7,6,1
darcy,/home/hwz/Transolver/LINEARNO/monitor/analysis/transolver_monitor_output_20260917_074049/LINEARNO/monitor/output/darcy/20260916_193756_darcy_UniPDE_train,full,1,1,7,7,1
darcy,/home/hwz/Transolver/LINEARNO/monitor/analysis/transolver_monitor_output_20260917_074049/LINEARNO/monitor/output/darcy/20260916_193756_darcy_UniPDE_train,full,1,1,7,8,1
darcy,/home/hwz/Transolver/LINEARNO/monitor/analysis/transolver_monitor_output_20260917_074049/LINEARNO/monitor/output/darcy/20260916_193756_darcy_UniPDE_train,full,1,1,8,1,0.9999783412
darcy,/home/hwz/Transolver/LINEARNO/monitor/analysis/transolver_monitor_output_20260917_074049/LINEARNO/monitor/output/darcy/20260916_193756_darcy_UniPDE_train,full,1,1,8,2,1
darcy,/home/hwz/Transolver/LINEARNO/monitor/analysis/transolver_monitor_output_20260917_074049/LINEARNO/monitor/output/darcy/20260916_193756_darcy_UniPDE_train,full,1,1,8,3,1
darcy,/home/hwz/Transolver/LINEARNO/monitor/analysis/transolver_monitor_output_20260917_074049/LINEARNO/monitor/output/darcy/20260916_193756_darcy_UniPDE_train,full,1,1,8,4,1
darcy,/home/hwz/Transolver/LINEARNO/monitor/analysis/transolver_monitor_output_20260917_074049/LINEARNO/monitor/output/darcy/20260916_193756_darcy_UniPDE_train,full,1,1,8,5,1
darcy,/home/hwz/Transolver/LINEARNO/monitor/analysis/transolver_monitor_output_20260917_074049/LINEARNO/monitor/output/darcy/20260916_193756_darcy_UniPDE_train,full,1,1,8,6,1
darcy,/home/hwz/Transolver/LINEARNO/monitor/analysis/transolver_monitor_output_20260917_074049/LINEARNO/monitor/output/darcy/20260916_193756_darcy_UniPDE_train,full,1,1,8,7,1
darcy,/home/hwz/Transolver/LINEARNO/monitor/analysis/transolver_monitor_output_20260917_074049/LINEARNO/monitor/output/darcy/20260916_193756_darcy_UniPDE_train,full,1,1,8,8,1
darcy,/home/hwz/Transolver/LINEARNO/monitor/analysis/transolver_monitor_output_20260917_074049/LINEARNO/monitor/output/darcy/20260916_193756_darcy_UniPDE_train,full,100,100,1,1,1
darcy,/home/hwz/Transolver/LINEARNO/monitor/analysis/transolver_monitor_output_20260917_074049/LINEARNO/monitor/output/darcy/20260916_193756_darcy_UniPDE_train,full,100,100,1,2,0.2918590329
darcy,/home/hwz/Transolver/LINEARNO/monitor/analysis/transolver_monitor_output_20260917_074049/LINEARNO/monitor/output/darcy/20260916_193756_darcy_UniPDE_train,full,100,100,1,3,0.2789760062
darcy,/home/hwz/Transolver/LINEARNO/monitor/analysis/transolver_monitor_output_20260917_074049/LINEARNO/monitor/output/darcy/20260916_193756_darcy_UniPDE_train,full,100,100,1,4,0.2732642619
darcy,/home/hwz/Transolver/LINEARNO/monitor/analysis/transolver_monitor_output_20260917_074049/LINEARNO/monitor/output/darcy/20260916_193756_darcy_UniPDE_train,full,100,100,1,5,0.2947120044
darcy,/home/hwz/Transolver/LINEARNO/monitor/analysis/transolver_monitor_output_20260917_074049/LINEARNO/monitor/output/darcy/20260916_193756_darcy_UniPDE_train,full,100,100,1,6,0.2829167566
darcy,/home/hwz/Transolver/LINEARNO/monitor/analysis/transolver_monitor_output_20260917_074049/LINEARNO/monitor/output/darcy/20260916_193756_darcy_UniPDE_train,full,100,100,1,7,0.3304146125
darcy,/home/hwz/Transolver/LINEARNO/monitor/analysis/transolver_monitor_output_20260917_074049/LINEARNO/monitor/output/darcy/20260916_193756_darcy_UniPDE_train,full,100,100,1,8,0.2600538839
darcy,/home/hwz/Transolver/LINEARNO/monitor/analysis/transolver_monitor_output_20260917_074049/LINEARNO/monitor/output/darcy/20260916_193756_darcy_UniPDE_train,full,100,100,2,1,0.2918590329
darcy,/home/hwz/Transolver/LINEARNO/monitor/analysis/transolver_monitor_output_20260917_074049/LINEARNO/monitor/output/darcy/20260916_193756_darcy_UniPDE_train,full,100,100,2,2,1
darcy,/home/hwz/Transolver/LINEARNO/monitor/analysis/transolver_monitor_output_20260917_074049/LINEARNO/monitor/output/darcy/20260916_193756_darcy_UniPDE_train,full,100,100,2,3,0.3542096617
darcy,/home/hwz/Transolver/LINEARNO/monitor/analysis/transolver_monitor_output_20260917_074049/LINEARNO/monitor/output/darcy/20260916_193756_darcy_UniPDE_train,full,100,100,2,4,0.5875656609
darcy,/home/hwz/Transolver/LINEARNO/monitor/analysis/transolver_monitor_output_20260917_074049/LINEARNO/monitor/output/darcy/20260916_193756_darcy_UniPDE_train,full,100,100,2,5,0.5097339898
darcy,/home/hwz/Transolver/LINEARNO/monitor/analysis/transolver_monitor_output_20260917_074049/LINEARNO/monitor/output/darcy/20260916_193756_darcy_UniPDE_train,full,100,100,2,6,0.4476513262
darcy,/home/hwz/Transolver/LINEARNO/monitor/analysis/transolver_monitor_output_20260917_074049/LINEARNO/monitor/output/darcy/20260916_193756_darcy_UniPDE_train,full,100,100,2,7,0.5300852978
darcy,/home/hwz/Transolver/LINEARNO/monitor/analysis/transolver_monitor_output_20260917_074049/LINEARNO/monitor/output/darcy/20260916_193756_darcy_UniPDE_train,full,100,100,2,8,0.5451128057
darcy,/home/hwz/Transolver/LINEARNO/monitor/analysis/transolver_monitor_output_20260917_074049/LINEARNO/monitor/output/darcy/20260916_193756_darcy_UniPDE_train,full,100,100,3,1,0.2789760062
darcy,/home/hwz/Transolver/LINEARNO/monitor/analysis/transolver_monitor_output_20260917_074049/LINEARNO/monitor/output/darcy/20260916_193756_darcy_UniPDE_train,full,100,100,3,2,0.3542096617
darcy,/home/hwz/Transolver/LINEARNO/monitor/analysis/transolver_monitor_output_20260917_074049/LINEARNO/monitor/output/darcy/20260916_193756_darcy_UniPDE_train,full,100,100,3,3,1
darcy,/home/hwz/Transolver/LINEARNO/monitor/analysis/transolver_monitor_output_20260917_074049/LINEARNO/monitor/output/darcy/20260916_193756_darcy_UniPDE_train,full,100,100,3,4,0.4313116749
darcy,/home/hwz/Transolver/LINEARNO/monitor/analysis/transolver_monitor_output_20260917_074049/LINEARNO/monitor/output/darcy/20260916_193756_darcy_UniPDE_train,full,100,100,3,5,0.4754105569
darcy,/home/hwz/Transolver/LINEARNO/monitor/analysis/transolver_monitor_output_20260917_074049/LINEARNO/monitor/output/darcy/20260916_193756_darcy_UniPDE_train,full,100,100,3,6,0.3999663326
darcy,/home/hwz/Transolver/LINEARNO/monitor/analysis/transolver_monitor_output_20260917_074049/LINEARNO/monitor/output/darcy/20260916_193756_darcy_UniPDE_train,full,100,100,3,7,0.471004385
darcy,/home/hwz/Transolver/LINEARNO/monitor/analysis/transolver_monitor_output_20260917_074049/LINEARNO/monitor/output/darcy/20260916_193756_darcy_UniPDE_train,full,100,100,3,8,0.4504502453
darcy,/home/hwz/Transolver/LINEARNO/monitor/analysis/transolver_monitor_output_20260917_074049/LINEARNO/monitor/output/darcy/20260916_193756_darcy_UniPDE_train,full,100,100,4,1,0.2732642619
darcy,/home/hwz/Transolver/LINEARNO/monitor/analysis/transolver_monitor_output_20260917_074049/LINEARNO/monitor/output/darcy/20260916_193756_darcy_UniPDE_train,full,100,100,4,2,0.5875656609
darcy,/home/hwz/Transolver/LINEARNO/monitor/analysis/transolver_monitor_output_20260917_074049/LINEARNO/monitor/output/darcy/20260916_193756_darcy_UniPDE_train,full,100,100,4,3,0.4313116749
darcy,/home/hwz/Transolver/LINEARNO/monitor/analysis/transolver_monitor_output_20260917_074049/LINEARNO/monitor/output/darcy/20260916_193756_darcy_UniPDE_train,full,100,100,4,4,1
darcy,/home/hwz/Transolver/LINEARNO/monitor/analysis/transolver_monitor_output_20260917_074049/LINEARNO/monitor/output/darcy/20260916_193756_darcy_UniPDE_train,full,100,100,4,5,0.6822917527
darcy,/home/hwz/Transolver/LINEARNO/monitor/analysis/transolver_monitor_output_20260917_074049/LINEARNO/monitor/output/darcy/20260916_193756_darcy_UniPDE_train,full,100,100,4,6,0.574873155
darcy,/home/hwz/Transolver/LINEARNO/monitor/analysis/transolver_monitor_output_20260917_074049/LINEARNO/monitor/output/darcy/20260916_193756_darcy_UniPDE_train,full,100,100,4,7,0.7501653563
darcy,/home/hwz/Transolver/LINEARNO/monitor/analysis/transolver_monitor_output_20260917_074049/LINEARNO/monitor/output/darcy/20260916_193756_darcy_UniPDE_train,full,100,100,4,8,0.8602034925
darcy,/home/hwz/Transolver/LINEARNO/monitor/analysis/transolver_monitor_output_20260917_074049/LINEARNO/monitor/output/darcy/20260916_193756_darcy_UniPDE_train,full,100,100,5,1,0.2947120044
darcy,/home/hwz/Transolver/LINEARNO/monitor/analysis/transolver_monitor_output_20260917_074049/LINEARNO/monitor/output/darcy/20260916_193756_darcy_UniPDE_train,full,100,100,5,2,0.5097339898
darcy,/home/hwz/Transolver/LINEARNO/monitor/analysis/transolver_monitor_output_20260917_074049/LINEARNO/monitor/output/darcy/20260916_193756_darcy_UniPDE_train,full,100,100,5,3,0.4754105569
darcy,/home/hwz/Transolver/LINEARNO/monitor/analysis/transolver_monitor_output_20260917_074049/LINEARNO/monitor/output/darcy/20260916_193756_darcy_UniPDE_train,full,100,100,5,4,0.6822917527
darcy,/home/hwz/Transolver/LINEARNO/monitor/analysis/transolver_monitor_output_20260917_074049/LINEARNO/monitor/output/darcy/20260916_193756_darcy_UniPDE_train,full,100,100,5,5,1
darcy,/home/hwz/Transolver/LINEARNO/monitor/analysis/transolver_monitor_output_20260917_074049/LINEARNO/monitor/output/darcy/20260916_193756_darcy_UniPDE_train,full,100,100,5,6,0.5412683054
darcy,/home/hwz/Transolver/LINEARNO/monitor/analysis/transolver_monitor_output_20260917_074049/LINEARNO/monitor/output/darcy/20260916_193756_darcy_UniPDE_train,full,100,100,5,7,0.6499254629
darcy,/home/hwz/Transolver/LINEARNO/monitor/analysis/transolver_monitor_output_20260917_074049/LINEARNO/monitor/output/darcy/20260916_193756_darcy_UniPDE_train,full,100,100,5,8,0.6749452287
darcy,/home/hwz/Transolver/LINEARNO/monitor/analysis/transolver_monitor_output_20260917_074049/LINEARNO/monitor/output/darcy/20260916_193756_darcy_UniPDE_train,full,100,100,6,1,0.2829167566
darcy,/home/hwz/Transolver/LINEARNO/monitor/analysis/transolver_monitor_output_20260917_074049/LINEARNO/monitor/output/darcy/20260916_193756_darcy_UniPDE_train,full,100,100,6,2,0.4476513262
darcy,/home/hwz/Transolver/LINEARNO/monitor/analysis/transolver_monitor_output_20260917_074049/LINEARNO/monitor/output/darcy/20260916_193756_darcy_UniPDE_train,full,100,100,6,3,0.3999663326
darcy,/home/hwz/Transolver/LINEARNO/monitor/analysis/transolver_monitor_output_20260917_074049/LINEARNO/monitor/output/darcy/20260916_193756_darcy_UniPDE_train,full,100,100,6,4,0.574873155
darcy,/home/hwz/Transolver/LINEARNO/monitor/analysis/transolver_monitor_output_20260917_074049/LINEARNO/monitor/output/darcy/20260916_193756_darcy_UniPDE_train,full,100,100,6,5,0.5412683054
darcy,/home/hwz/Transolver/LINEARNO/monitor/analysis/transolver_monitor_output_20260917_074049/LINEARNO/monitor/output/darcy/20260916_193756_darcy_UniPDE_train,full,100,100,6,6,1
darcy,/home/hwz/Transolver/LINEARNO/monitor/analysis/transolver_monitor_output_20260917_074049/LINEARNO/monitor/output/darcy/20260916_193756_darcy_UniPDE_train,full,100,100,6,7,0.5419402402
darcy,/home/hwz/Transolver/LINEARNO/monitor/analysis/transolver_monitor_output_20260917_074049/LINEARNO/monitor/output/darcy/20260916_193756_darcy_UniPDE_train,full,100,100,6,8,0.5917971167
darcy,/home/hwz/Transolver/LINEARNO/monitor/analysis/transolver_monitor_output_20260917_074049/LINEARNO/monitor/output/darcy/20260916_193756_darcy_UniPDE_train,full,100,100,7,1,0.3304146125
darcy,/home/hwz/Transolver/LINEARNO/monitor/analysis/transolver_monitor_output_20260917_074049/LINEARNO/monitor/output/darcy/20260916_193756_darcy_UniPDE_train,full,100,100,7,2,0.5300852978
darcy,/home/hwz/Transolver/LINEARNO/monitor/analysis/transolver_monitor_output_20260917_074049/LINEARNO/monitor/output/darcy/20260916_193756_darcy_UniPDE_train,full,100,100,7,3,0.471004385
darcy,/home/hwz/Transolver/LINEARNO/monitor/analysis/transolver_monitor_output_20260917_074049/LINEARNO/monitor/output/darcy/20260916_193756_darcy_UniPDE_train,full,100,100,7,4,0.7501653563
darcy,/home/hwz/Transolver/LINEARNO/monitor/analysis/transolver_monitor_output_20260917_074049/LINEARNO/monitor/output/darcy/20260916_193756_darcy_UniPDE_train,full,100,100,7,5,0.6499254629
darcy,/home/hwz/Transolver/LINEARNO/monitor/analysis/transolver_monitor_output_20260917_074049/LINEARNO/monitor/output/darcy/20260916_193756_darcy_UniPDE_train,full,100,100,7,6,0.5419402402
darcy,/home/hwz/Transolver/LINEARNO/monitor/analysis/transolver_monitor_output_20260917_074049/LINEARNO/monitor/output/darcy/20260916_193756_darcy_UniPDE_train,full,100,100,7,7,1
darcy,/home/hwz/Transolver/LINEARNO/monitor/analysis/transolver_monitor_output_20260917_074049/LINEARNO/monitor/output/darcy/20260916_193756_darcy_UniPDE_train,full,100,100,7,8,0.7380919512
darcy,/home/hwz/Transolver/LINEARNO/monitor/analysis/transolver_monitor_output_20260917_074049/LINEARNO/monitor/output/darcy/20260916_193756_darcy_UniPDE_train,full,100,100,8,1,0.2600538839
darcy,/home/hwz/Transolver/LINEARNO/monitor/analysis/transolver_monitor_output_20260917_074049/LINEARNO/monitor/output/darcy/20260916_193756_darcy_UniPDE_train,full,100,100,8,2,0.5451128057
darcy,/home/hwz/Transolver/LINEARNO/monitor/analysis/transolver_monitor_output_20260917_074049/LINEARNO/monitor/output/darcy/20260916_193756_darcy_UniPDE_train,full,100,100,8,3,0.4504502453
darcy,/home/hwz/Transolver/LINEARNO/monitor/analysis/transolver_monitor_output_20260917_074049/LINEARNO/monitor/output/darcy/20260916_193756_darcy_UniPDE_train,full,100,100,8,4,0.8602034925
darcy,/home/hwz/Transolver/LINEARNO/monitor/analysis/transolver_monitor_output_20260917_074049/LINEARNO/monitor/output/darcy/20260916_193756_darcy_UniPDE_train,full,100,100,8,5,0.6749452287
darcy,/home/hwz/Transolver/LINEARNO/monitor/analysis/transolver_monitor_output_20260917_074049/LINEARNO/monitor/output/darcy/20260916_193756_darcy_UniPDE_train,full,100,100,8,6,0.5917971167
darcy,/home/hwz/Transolver/LINEARNO/monitor/analysis/transolver_monitor_output_20260917_074049/LINEARNO/monitor/output/darcy/20260916_193756_darcy_UniPDE_train,full,100,100,8,7,0.7380919512
darcy,/home/hwz/Transolver/LINEARNO/monitor/analysis/transolver_monitor_output_20260917_074049/LINEARNO/monitor/output/darcy/20260916_193756_darcy_UniPDE_train,full,100,100,8,8,1
darcy,/home/hwz/Transolver/LINEARNO/monitor/analysis/transolver_monitor_output_20260917_074049/LINEARNO/monitor/output/darcy/20260916_193756_darcy_UniPDE_train,full,200,200,1,1,1
darcy,/home/hwz/Transolver/LINEARNO/monitor/analysis/transolver_monitor_output_20260917_074049/LINEARNO/monitor/output/darcy/20260916_193756_darcy_UniPDE_train,full,200,200,1,2,0.3524231072
darcy,/home/hwz/Transolver/LINEARNO/monitor/analysis/transolver_monitor_output_20260917_074049/LINEARNO/monitor/output/darcy/20260916_193756_darcy_UniPDE_train,full,200,200,1,3,0.3258967804
darcy,/home/hwz/Transolver/LINEARNO/monitor/analysis/transolver_monitor_output_20260917_074049/LINEARNO/monitor/output/darcy/20260916_193756_darcy_UniPDE_train,full,200,200,1,4,0.3100503417
darcy,/home/hwz/Transolver/LINEARNO/monitor/analysis/transolver_monitor_output_20260917_074049/LINEARNO/monitor/output/darcy/20260916_193756_darcy_UniPDE_train,full,200,200,1,5,0.3428082031
darcy,/home/hwz/Transolver/LINEARNO/monitor/analysis/transolver_monitor_output_20260917_074049/LINEARNO/monitor/output/darcy/20260916_193756_darcy_UniPDE_train,full,200,200,1,6,0.3306202113
darcy,/home/hwz/Transolver/LINEARNO/monitor/analysis/transolver_monitor_output_20260917_074049/LINEARNO/monitor/output/darcy/20260916_193756_darcy_UniPDE_train,full,200,200,1,7,0.3266002494
darcy,/home/hwz/Transolver/LINEARNO/monitor/analysis/transolver_monitor_output_20260917_074049/LINEARNO/monitor/output/darcy/20260916_193756_darcy_UniPDE_train,full,200,200,1,8,0.3182489567
darcy,/home/hwz/Transolver/LINEARNO/monitor/analysis/transolver_monitor_output_20260917_074049/LINEARNO/monitor/output/darcy/20260916_193756_darcy_UniPDE_train,full,200,200,2,1,0.3524231072
darcy,/home/hwz/Transolver/LINEARNO/monitor/analysis/transolver_monitor_output_20260917_074049/LINEARNO/monitor/output/darcy/20260916_193756_darcy_UniPDE_train,full,200,200,2,2,1
darcy,/home/hwz/Transolver/LINEARNO/monitor/analysis/transolver_monitor_output_20260917_074049/LINEARNO/monitor/output/darcy/20260916_193756_darcy_UniPDE_train,full,200,200,2,3,0.3981494483
darcy,/home/hwz/Transolver/LINEARNO/monitor/analysis/transolver_monitor_output_20260917_074049/LINEARNO/monitor/output/darcy/20260916_193756_darcy_UniPDE_train,full,200,200,2,4,0.5629301718
darcy,/home/hwz/Transolver/LINEARNO/monitor/analysis/transolver_monitor_output_20260917_074049/LINEARNO/monitor/output/darcy/20260916_193756_darcy_UniPDE_train,full,200,200,2,5,0.5050574797
darcy,/home/hwz/Transolver/LINEARNO/monitor/analysis/transolver_monitor_output_20260917_074049/LINEARNO/monitor/output/darcy/20260916_193756_darcy_UniPDE_train,full,200,200,2,6,0.4574714419
darcy,/home/hwz/Transolver/LINEARNO/monitor/analysis/transolver_monitor_output_20260917_074049/LINEARNO/monitor/output/darcy/20260916_193756_darcy_UniPDE_train,full,200,200,2,7,0.4982208831
darcy,/home/hwz/Transolver/LINEARNO/monitor/analysis/transolver_monitor_output_20260917_074049/LINEARNO/monitor/output/darcy/20260916_193756_darcy_UniPDE_train,full,200,200,2,8,0.5165086307
darcy,/home/hwz/Transolver/LINEARNO/monitor/analysis/transolver_monitor_output_20260917_074049/LINEARNO/monitor/output/darcy/20260916_193756_darcy_UniPDE_train,full,200,200,3,1,0.3258967804
darcy,/home/hwz/Transolver/LINEARNO/monitor/analysis/transolver_monitor_output_20260917_074049/LINEARNO/monitor/output/darcy/20260916_193756_darcy_UniPDE_train,full,200,200,3,2,0.3981494483
darcy,/home/hwz/Transolver/LINEARNO/monitor/analysis/transolver_monitor_output_20260917_074049/LINEARNO/monitor/output/darcy/20260916_193756_darcy_UniPDE_train,full,200,200,3,3,1
darcy,/home/hwz/Transolver/LINEARNO/monitor/analysis/transolver_monitor_output_20260917_074049/LINEARNO/monitor/output/darcy/20260916_193756_darcy_UniPDE_train,full,200,200,3,4,0.4361705063
darcy,/home/hwz/Transolver/LINEARNO/monitor/analysis/transolver_monitor_output_20260917_074049/LINEARNO/monitor/output/darcy/20260916_193756_darcy_UniPDE_train,full,200,200,3,5,0.5116506969
darcy,/home/hwz/Transolver/LINEARNO/monitor/analysis/transolver_monitor_output_20260917_074049/LINEARNO/monitor/output/darcy/20260916_193756_darcy_UniPDE_train,full,200,200,3,6,0.4785219105
darcy,/home/hwz/Transolver/LINEARNO/monitor/analysis/transolver_monitor_output_20260917_074049/LINEARNO/monitor/output/darcy/20260916_193756_darcy_UniPDE_train,full,200,200,3,7,0.4640499161
darcy,/home/hwz/Transolver/LINEARNO/monitor/analysis/transolver_monitor_output_20260917_074049/LINEARNO/monitor/output/darcy/20260916_193756_darcy_UniPDE_train,full,200,200,3,8,0.4795953743
darcy,/home/hwz/Transolver/LINEARNO/monitor/analysis/transolver_monitor_output_20260917_074049/LINEARNO/monitor/output/darcy/20260916_193756_darcy_UniPDE_train,full,200,200,4,1,0.3100503417
darcy,/home/hwz/Transolver/LINEARNO/monitor/analysis/transolver_monitor_output_20260917_074049/LINEARNO/monitor/output/darcy/20260916_193756_darcy_UniPDE_train,full,200,200,4,2,0.5629301718
darcy,/home/hwz/Transolver/LINEARNO/monitor/analysis/transolver_monitor_output_20260917_074049/LINEARNO/monitor/output/darcy/20260916_193756_darcy_UniPDE_train,full,200,200,4,3,0.4361705063
darcy,/home/hwz/Transolver/LINEARNO/monitor/analysis/transolver_monitor_output_20260917_074049/LINEARNO/monitor/output/darcy/20260916_193756_darcy_UniPDE_train,full,200,200,4,4,1
darcy,/home/hwz/Transolver/LINEARNO/monitor/analysis/transolver_monitor_output_20260917_074049/LINEARNO/monitor/output/darcy/20260916_193756_darcy_UniPDE_train,full,200,200,4,5,0.6690108795
darcy,/home/hwz/Transolver/LINEARNO/monitor/analysis/transolver_monitor_output_20260917_074049/LINEARNO/monitor/output/darcy/20260916_193756_darcy_UniPDE_train,full,200,200,4,6,0.6214870885
darcy,/home/hwz/Transolver/LINEARNO/monitor/analysis/transolver_monitor_output_20260917_074049/LINEARNO/monitor/output/darcy/20260916_193756_darcy_UniPDE_train,full,200,200,4,7,0.6798689386
darcy,/home/hwz/Transolver/LINEARNO/monitor/analysis/transolver_monitor_output_20260917_074049/LINEARNO/monitor/output/darcy/20260916_193756_darcy_UniPDE_train,full,200,200,4,8,0.8135016067
darcy,/home/hwz/Transolver/LINEARNO/monitor/analysis/transolver_monitor_output_20260917_074049/LINEARNO/monitor/output/darcy/20260916_193756_darcy_UniPDE_train,full,200,200,5,1,0.3428082031
darcy,/home/hwz/Transolver/LINEARNO/monitor/analysis/transolver_monitor_output_20260917_074049/LINEARNO/monitor/output/darcy/20260916_193756_darcy_UniPDE_train,full,200,200,5,2,0.5050574797
darcy,/home/hwz/Transolver/LINEARNO/monitor/analysis/transolver_monitor_output_20260917_074049/LINEARNO/monitor/output/darcy/20260916_193756_darcy_UniPDE_train,full,200,200,5,3,0.5116506969
darcy,/home/hwz/Transolver/LINEARNO/monitor/analysis/transolver_monitor_output_20260917_074049/LINEARNO/monitor/output/darcy/20260916_193756_darcy_UniPDE_train,full,200,200,5,4,0.6690108795
darcy,/home/hwz/Transolver/LINEARNO/monitor/analysis/transolver_monitor_output_20260917_074049/LINEARNO/monitor/output/darcy/20260916_193756_darcy_UniPDE_train,full,200,200,5,5,1
darcy,/home/hwz/Transolver/LINEARNO/monitor/analysis/transolver_monitor_output_20260917_074049/LINEARNO/monitor/output/darcy/20260916_193756_darcy_UniPDE_train,full,200,200,5,6,0.5865073446
darcy,/home/hwz/Transolver/LINEARNO/monitor/analysis/transolver_monitor_output_20260917_074049/LINEARNO/monitor/output/darcy/20260916_193756_darcy_UniPDE_train,full,200,200,5,7,0.5991429319
darcy,/home/hwz/Transolver/LINEARNO/monitor/analysis/transolver_monitor_output_20260917_074049/LINEARNO/monitor/output/darcy/20260916_193756_darcy_UniPDE_train,full,200,200,5,8,0.6579642175
darcy,/home/hwz/Transolver/LINEARNO/monitor/analysis/transolver_monitor_output_20260917_074049/LINEARNO/monitor/output/darcy/20260916_193756_darcy_UniPDE_train,full,200,200,6,1,0.3306202113
darcy,/home/hwz/Transolver/LINEARNO/monitor/analysis/transolver_monitor_output_20260917_074049/LINEARNO/monitor/output/darcy/20260916_193756_darcy_UniPDE_train,full,200,200,6,2,0.4574714419
darcy,/home/hwz/Transolver/LINEARNO/monitor/analysis/transolver_monitor_output_20260917_074049/LINEARNO/monitor/output/darcy/20260916_193756_darcy_UniPDE_train,full,200,200,6,3,0.4785219105
darcy,/home/hwz/Transolver/LINEARNO/monitor/analysis/transolver_monitor_output_20260917_074049/LINEARNO/monitor/output/darcy/20260916_193756_darcy_UniPDE_train,full,200,200,6,4,0.6214870885
darcy,/home/hwz/Transolver/LINEARNO/monitor/analysis/transolver_monitor_output_20260917_074049/LINEARNO/monitor/output/darcy/20260916_193756_darcy_UniPDE_train,full,200,200,6,5,0.5865073446
darcy,/home/hwz/Transolver/LINEARNO/monitor/analysis/transolver_monitor_output_20260917_074049/LINEARNO/monitor/output/darcy/20260916_193756_darcy_UniPDE_train,full,200,200,6,6,1
darcy,/home/hwz/Transolver/LINEARNO/monitor/analysis/transolver_monitor_output_20260917_074049/LINEARNO/monitor/output/darcy/20260916_193756_darcy_UniPDE_train,full,200,200,6,7,0.5391940146
darcy,/home/hwz/Transolver/LINEARNO/monitor/analysis/transolver_monitor_output_20260917_074049/LINEARNO/monitor/output/darcy/20260916_193756_darcy_UniPDE_train,full,200,200,6,8,0.6423385032
darcy,/home/hwz/Transolver/LINEARNO/monitor/analysis/transolver_monitor_output_20260917_074049/LINEARNO/monitor/output/darcy/20260916_193756_darcy_UniPDE_train,full,200,200,7,1,0.3266002494
darcy,/home/hwz/Transolver/LINEARNO/monitor/analysis/transolver_monitor_output_20260917_074049/LINEARNO/monitor/output/darcy/20260916_193756_darcy_UniPDE_train,full,200,200,7,2,0.4982208831
darcy,/home/hwz/Transolver/LINEARNO/monitor/analysis/transolver_monitor_output_20260917_074049/LINEARNO/monitor/output/darcy/20260916_193756_darcy_UniPDE_train,full,200,200,7,3,0.4640499161
darcy,/home/hwz/Transolver/LINEARNO/monitor/analysis/transolver_monitor_output_20260917_074049/LINEARNO/monitor/output/darcy/20260916_193756_darcy_UniPDE_train,full,200,200,7,4,0.6798689386
darcy,/home/hwz/Transolver/LINEARNO/monitor/analysis/transolver_monitor_output_20260917_074049/LINEARNO/monitor/output/darcy/20260916_193756_darcy_UniPDE_train,full,200,200,7,5,0.5991429319
darcy,/home/hwz/Transolver/LINEARNO/monitor/analysis/transolver_monitor_output_20260917_074049/LINEARNO/monitor/output/darcy/20260916_193756_darcy_UniPDE_train,full,200,200,7,6,0.5391940146
darcy,/home/hwz/Transolver/LINEARNO/monitor/analysis/transolver_monitor_output_20260917_074049/LINEARNO/monitor/output/darcy/20260916_193756_darcy_UniPDE_train,full,200,200,7,7,1
darcy,/home/hwz/Transolver/LINEARNO/monitor/analysis/transolver_monitor_output_20260917_074049/LINEARNO/monitor/output/darcy/20260916_193756_darcy_UniPDE_train,full,200,200,7,8,0.6603657983
darcy,/home/hwz/Transolver/LINEARNO/monitor/analysis/transolver_monitor_output_20260917_074049/LINEARNO/monitor/output/darcy/20260916_193756_darcy_UniPDE_train,full,200,200,8,1,0.3182489567
darcy,/home/hwz/Transolver/LINEARNO/monitor/analysis/transolver_monitor_output_20260917_074049/LINEARNO/monitor/output/darcy/20260916_193756_darcy_UniPDE_train,full,200,200,8,2,0.5165086307
darcy,/home/hwz/Transolver/LINEARNO/monitor/analysis/transolver_monitor_output_20260917_074049/LINEARNO/monitor/output/darcy/20260916_193756_darcy_UniPDE_train,full,200,200,8,3,0.4795953743
darcy,/home/hwz/Transolver/LINEARNO/monitor/analysis/transolver_monitor_output_20260917_074049/LINEARNO/monitor/output/darcy/20260916_193756_darcy_UniPDE_train,full,200,200,8,4,0.8135016067
darcy,/home/hwz/Transolver/LINEARNO/monitor/analysis/transolver_monitor_output_20260917_074049/LINEARNO/monitor/output/darcy/20260916_193756_darcy_UniPDE_train,full,200,200,8,5,0.6579642175
darcy,/home/hwz/Transolver/LINEARNO/monitor/analysis/transolver_monitor_output_20260917_074049/LINEARNO/monitor/output/darcy/20260916_193756_darcy_UniPDE_train,full,200,200,8,6,0.6423385032
darcy,/home/hwz/Transolver/LINEARNO/monitor/analysis/transolver_monitor_output_20260917_074049/LINEARNO/monitor/output/darcy/20260916_193756_darcy_UniPDE_train,full,200,200,8,7,0.6603657983
darcy,/home/hwz/Transolver/LINEARNO/monitor/analysis/transolver_monitor_output_20260917_074049/LINEARNO/monitor/output/darcy/20260916_193756_darcy_UniPDE_train,full,200,200,8,8,1
darcy,/home/hwz/Transolver/LINEARNO/monitor/analysis/transolver_monitor_output_20260917_074049/LINEARNO/monitor/output/darcy/20260916_193756_darcy_UniPDE_train,full,300,300,1,1,1
darcy,/home/hwz/Transolver/LINEARNO/monitor/analysis/transolver_monitor_output_20260917_074049/LINEARNO/monitor/output/darcy/20260916_193756_darcy_UniPDE_train,full,300,300,1,2,0.3730965666
darcy,/home/hwz/Transolver/LINEARNO/monitor/analysis/transolver_monitor_output_20260917_074049/LINEARNO/monitor/output/darcy/20260916_193756_darcy_UniPDE_train,full,300,300,1,3,0.3348043479
darcy,/home/hwz/Transolver/LINEARNO/monitor/analysis/transolver_monitor_output_20260917_074049/LINEARNO/monitor/output/darcy/20260916_193756_darcy_UniPDE_train,full,300,300,1,4,0.3361154593
darcy,/home/hwz/Transolver/LINEARNO/monitor/analysis/transolver_monitor_output_20260917_074049/LINEARNO/monitor/output/darcy/20260916_193756_darcy_UniPDE_train,full,300,300,1,5,0.3592903933
darcy,/home/hwz/Transolver/LINEARNO/monitor/analysis/transolver_monitor_output_20260917_074049/LINEARNO/monitor/output/darcy/20260916_193756_darcy_UniPDE_train,full,300,300,1,6,0.3486976941
darcy,/home/hwz/Transolver/LINEARNO/monitor/analysis/transolver_monitor_output_20260917_074049/LINEARNO/monitor/output/darcy/20260916_193756_darcy_UniPDE_train,full,300,300,1,7,0.3555264285
darcy,/home/hwz/Transolver/LINEARNO/monitor/analysis/transolver_monitor_output_20260917_074049/LINEARNO/monitor/output/darcy/20260916_193756_darcy_UniPDE_train,full,300,300,1,8,0.3481607804
darcy,/home/hwz/Transolver/LINEARNO/monitor/analysis/transolver_monitor_output_20260917_074049/LINEARNO/monitor/output/darcy/20260916_193756_darcy_UniPDE_train,full,300,300,2,1,0.3730965666
darcy,/home/hwz/Transolver/LINEARNO/monitor/analysis/transolver_monitor_output_20260917_074049/LINEARNO/monitor/output/darcy/20260916_193756_darcy_UniPDE_train,full,300,300,2,2,1
darcy,/home/hwz/Transolver/LINEARNO/monitor/analysis/transolver_monitor_output_20260917_074049/LINEARNO/monitor/output/darcy/20260916_193756_darcy_UniPDE_train,full,300,300,2,3,0.4322589763
darcy,/home/hwz/Transolver/LINEARNO/monitor/analysis/transolver_monitor_output_20260917_074049/LINEARNO/monitor/output/darcy/20260916_193756_darcy_UniPDE_train,full,300,300,2,4,0.5642434843
darcy,/home/hwz/Transolver/LINEARNO/monitor/analysis/transolver_monitor_output_20260917_074049/LINEARNO/monitor/output/darcy/20260916_193756_darcy_UniPDE_train,full,300,300,2,5,0.5098315654
darcy,/home/hwz/Transolver/LINEARNO/monitor/analysis/transolver_monitor_output_20260917_074049/LINEARNO/monitor/output/darcy/20260916_193756_darcy_UniPDE_train,full,300,300,2,6,0.4698883351
darcy,/home/hwz/Transolver/LINEARNO/monitor/analysis/transolver_monitor_output_20260917_074049/LINEARNO/monitor/output/darcy/20260916_193756_darcy_UniPDE_train,full,300,300,2,7,0.510134506
darcy,/home/hwz/Transolver/LINEARNO/monitor/analysis/transolver_monitor_output_20260917_074049/LINEARNO/monitor/output/darcy/20260916_193756_darcy_UniPDE_train,full,300,300,2,8,0.5146617143
darcy,/home/hwz/Transolver/LINEARNO/monitor/analysis/transolver_monitor_output_20260917_074049/LINEARNO/monitor/output/darcy/20260916_193756_darcy_UniPDE_train,full,300,300,3,1,0.3348043479
darcy,/home/hwz/Transolver/LINEARNO/monitor/analysis/transolver_monitor_output_20260917_074049/LINEARNO/monitor/output/darcy/20260916_193756_darcy_UniPDE_train,full,300,300,3,2,0.4322589763
darcy,/home/hwz/Transolver/LINEARNO/monitor/analysis/transolver_monitor_output_20260917_074049/LINEARNO/monitor/output/darcy/20260916_193756_darcy_UniPDE_train,full,300,300,3,3,1
darcy,/home/hwz/Transolver/LINEARNO/monitor/analysis/transolver_monitor_output_20260917_074049/LINEARNO/monitor/output/darcy/20260916_193756_darcy_UniPDE_train,full,300,300,3,4,0.4503020785
darcy,/home/hwz/Transolver/LINEARNO/monitor/analysis/transolver_monitor_output_20260917_074049/LINEARNO/monitor/output/darcy/20260916_193756_darcy_UniPDE_train,full,300,300,3,5,0.5142352078
darcy,/home/hwz/Transolver/LINEARNO/monitor/analysis/transolver_monitor_output_20260917_074049/LINEARNO/monitor/output/darcy/20260916_193756_darcy_UniPDE_train,full,300,300,3,6,0.4728591937
darcy,/home/hwz/Transolver/LINEARNO/monitor/analysis/transolver_monitor_output_20260917_074049/LINEARNO/monitor/output/darcy/20260916_193756_darcy_UniPDE_train,full,300,300,3,7,0.4558841897
darcy,/home/hwz/Transolver/LINEARNO/monitor/analysis/transolver_monitor_output_20260917_074049/LINEARNO/monitor/output/darcy/20260916_193756_darcy_UniPDE_train,full,300,300,3,8,0.4819374193
darcy,/home/hwz/Transolver/LINEARNO/monitor/analysis/transolver_monitor_output_20260917_074049/LINEARNO/monitor/output/darcy/20260916_193756_darcy_UniPDE_train,full,300,300,4,1,0.3361154593
darcy,/home/hwz/Transolver/LINEARNO/monitor/analysis/transolver_monitor_output_20260917_074049/LINEARNO/monitor/output/darcy/20260916_193756_darcy_UniPDE_train,full,300,300,4,2,0.5642434843
darcy,/home/hwz/Transolver/LINEARNO/monitor/analysis/transolver_monitor_output_20260917_074049/LINEARNO/monitor/output/darcy/20260916_193756_darcy_UniPDE_train,full,300,300,4,3,0.4503020785
darcy,/home/hwz/Transolver/LINEARNO/monitor/analysis/transolver_monitor_output_20260917_074049/LINEARNO/monitor/output/darcy/20260916_193756_darcy_UniPDE_train,full,300,300,4,4,1
darcy,/home/hwz/Transolver/LINEARNO/monitor/analysis/transolver_monitor_output_20260917_074049/LINEARNO/monitor/output/darcy/20260916_193756_darcy_UniPDE_train,full,300,300,4,5,0.6693563573
darcy,/home/hwz/Transolver/LINEARNO/monitor/analysis/transolver_monitor_output_20260917_074049/LINEARNO/monitor/output/darcy/20260916_193756_darcy_UniPDE_train,full,300,300,4,6,0.650368466
darcy,/home/hwz/Transolver/LINEARNO/monitor/analysis/transolver_monitor_output_20260917_074049/LINEARNO/monitor/output/darcy/20260916_193756_darcy_UniPDE_train,full,300,300,4,7,0.6830141307
darcy,/home/hwz/Transolver/LINEARNO/monitor/analysis/transolver_monitor_output_20260917_074049/LINEARNO/monitor/output/darcy/20260916_193756_darcy_UniPDE_train,full,300,300,4,8,0.8102229629
darcy,/home/hwz/Transolver/LINEARNO/monitor/analysis/transolver_monitor_output_20260917_074049/LINEARNO/monitor/output/darcy/20260916_193756_darcy_UniPDE_train,full,300,300,5,1,0.3592903933
darcy,/home/hwz/Transolver/LINEARNO/monitor/analysis/transolver_monitor_output_20260917_074049/LINEARNO/monitor/output/darcy/20260916_193756_darcy_UniPDE_train,full,300,300,5,2,0.5098315654
darcy,/home/hwz/Transolver/LINEARNO/monitor/analysis/transolver_monitor_output_20260917_074049/LINEARNO/monitor/output/darcy/20260916_193756_darcy_UniPDE_train,full,300,300,5,3,0.5142352078
darcy,/home/hwz/Transolver/LINEARNO/monitor/analysis/transolver_monitor_output_20260917_074049/LINEARNO/monitor/output/darcy/20260916_193756_darcy_UniPDE_train,full,300,300,5,4,0.6693563573
darcy,/home/hwz/Transolver/LINEARNO/monitor/analysis/transolver_monitor_output_20260917_074049/LINEARNO/monitor/output/darcy/20260916_193756_darcy_UniPDE_train,full,300,300,5,5,1
darcy,/home/hwz/Transolver/LINEARNO/monitor/analysis/transolver_monitor_output_20260917_074049/LINEARNO/monitor/output/darcy/20260916_193756_darcy_UniPDE_train,full,300,300,5,6,0.5967296329
darcy,/home/hwz/Transolver/LINEARNO/monitor/analysis/transolver_monitor_output_20260917_074049/LINEARNO/monitor/output/darcy/20260916_193756_darcy_UniPDE_train,full,300,300,5,7,0.5877619418
darcy,/home/hwz/Transolver/LINEARNO/monitor/analysis/transolver_monitor_output_20260917_074049/LINEARNO/monitor/output/darcy/20260916_193756_darcy_UniPDE_train,full,300,300,5,8,0.6651374856
darcy,/home/hwz/Transolver/LINEARNO/monitor/analysis/transolver_monitor_output_20260917_074049/LINEARNO/monitor/output/darcy/20260916_193756_darcy_UniPDE_train,full,300,300,6,1,0.3486976941
darcy,/home/hwz/Transolver/LINEARNO/monitor/analysis/transolver_monitor_output_20260917_074049/LINEARNO/monitor/output/darcy/20260916_193756_darcy_UniPDE_train,full,300,300,6,2,0.4698883351
darcy,/home/hwz/Transolver/LINEARNO/monitor/analysis/transolver_monitor_output_20260917_074049/LINEARNO/monitor/output/darcy/20260916_193756_darcy_UniPDE_train,full,300,300,6,3,0.4728591937
darcy,/home/hwz/Transolver/LINEARNO/monitor/analysis/transolver_monitor_output_20260917_074049/LINEARNO/monitor/output/darcy/20260916_193756_darcy_UniPDE_train,full,300,300,6,4,0.650368466
darcy,/home/hwz/Transolver/LINEARNO/monitor/analysis/transolver_monitor_output_20260917_074049/LINEARNO/monitor/output/darcy/20260916_193756_darcy_UniPDE_train,full,300,300,6,5,0.5967296329
darcy,/home/hwz/Transolver/LINEARNO/monitor/analysis/transolver_monitor_output_20260917_074049/LINEARNO/monitor/output/darcy/20260916_193756_darcy_UniPDE_train,full,300,300,6,6,1
darcy,/home/hwz/Transolver/LINEARNO/monitor/analysis/transolver_monitor_output_20260917_074049/LINEARNO/monitor/output/darcy/20260916_193756_darcy_UniPDE_train,full,300,300,6,7,0.5517348171
darcy,/home/hwz/Transolver/LINEARNO/monitor/analysis/transolver_monitor_output_20260917_074049/LINEARNO/monitor/output/darcy/20260916_193756_darcy_UniPDE_train,full,300,300,6,8,0.6609560819
darcy,/home/hwz/Transolver/LINEARNO/monitor/analysis/transolver_monitor_output_20260917_074049/LINEARNO/monitor/output/darcy/20260916_193756_darcy_UniPDE_train,full,300,300,7,1,0.3555264285
darcy,/home/hwz/Transolver/LINEARNO/monitor/analysis/transolver_monitor_output_20260917_074049/LINEARNO/monitor/output/darcy/20260916_193756_darcy_UniPDE_train,full,300,300,7,2,0.510134506
darcy,/home/hwz/Transolver/LINEARNO/monitor/analysis/transolver_monitor_output_20260917_074049/LINEARNO/monitor/output/darcy/20260916_193756_darcy_UniPDE_train,full,300,300,7,3,0.4558841897
darcy,/home/hwz/Transolver/LINEARNO/monitor/analysis/transolver_monitor_output_20260917_074049/LINEARNO/monitor/output/darcy/20260916_193756_darcy_UniPDE_train,full,300,300,7,4,0.6830141307
darcy,/home/hwz/Transolver/LINEARNO/monitor/analysis/transolver_monitor_output_20260917_074049/LINEARNO/monitor/output/darcy/20260916_193756_darcy_UniPDE_train,full,300,300,7,5,0.5877619418
darcy,/home/hwz/Transolver/LINEARNO/monitor/analysis/transolver_monitor_output_20260917_074049/LINEARNO/monitor/output/darcy/20260916_193756_darcy_UniPDE_train,full,300,300,7,6,0.5517348171
darcy,/home/hwz/Transolver/LINEARNO/monitor/analysis/transolver_monitor_output_20260917_074049/LINEARNO/monitor/output/darcy/20260916_193756_darcy_UniPDE_train,full,300,300,7,7,1
darcy,/home/hwz/Transolver/LINEARNO/monitor/analysis/transolver_monitor_output_20260917_074049/LINEARNO/monitor/output/darcy/20260916_193756_darcy_UniPDE_train,full,300,300,7,8,0.6604931037
darcy,/home/hwz/Transolver/LINEARNO/monitor/analysis/transolver_monitor_output_20260917_074049/LINEARNO/monitor/output/darcy/20260916_193756_darcy_UniPDE_train,full,300,300,8,1,0.3481607804
darcy,/home/hwz/Transolver/LINEARNO/monitor/analysis/transolver_monitor_output_20260917_074049/LINEARNO/monitor/output/darcy/20260916_193756_darcy_UniPDE_train,full,300,300,8,2,0.5146617143
darcy,/home/hwz/Transolver/LINEARNO/monitor/analysis/transolver_monitor_output_20260917_074049/LINEARNO/monitor/output/darcy/20260916_193756_darcy_UniPDE_train,full,300,300,8,3,0.4819374193
darcy,/home/hwz/Transolver/LINEARNO/monitor/analysis/transolver_monitor_output_20260917_074049/LINEARNO/monitor/output/darcy/20260916_193756_darcy_UniPDE_train,full,300,300,8,4,0.8102229629
darcy,/home/hwz/Transolver/LINEARNO/monitor/analysis/transolver_monitor_output_20260917_074049/LINEARNO/monitor/output/darcy/20260916_193756_darcy_UniPDE_train,full,300,300,8,5,0.6651374856
darcy,/home/hwz/Transolver/LINEARNO/monitor/analysis/transolver_monitor_output_20260917_074049/LINEARNO/monitor/output/darcy/20260916_193756_darcy_UniPDE_train,full,300,300,8,6,0.6609560819
darcy,/home/hwz/Transolver/LINEARNO/monitor/analysis/transolver_monitor_output_20260917_074049/LINEARNO/monitor/output/darcy/20260916_193756_darcy_UniPDE_train,full,300,300,8,7,0.6604931037
darcy,/home/hwz/Transolver/LINEARNO/monitor/analysis/transolver_monitor_output_20260917_074049/LINEARNO/monitor/output/darcy/20260916_193756_darcy_UniPDE_train,full,300,300,8,8,1
darcy,/home/hwz/Transolver/LINEARNO/monitor/analysis/transolver_monitor_output_20260917_074049/LINEARNO/monitor/output/darcy/20260916_193756_darcy_UniPDE_train,full,400,400,1,1,1
darcy,/home/hwz/Transolver/LINEARNO/monitor/analysis/transolver_monitor_output_20260917_074049/LINEARNO/monitor/output/darcy/20260916_193756_darcy_UniPDE_train,full,400,400,1,2,0.3684810466
darcy,/home/hwz/Transolver/LINEARNO/monitor/analysis/transolver_monitor_output_20260917_074049/LINEARNO/monitor/output/darcy/20260916_193756_darcy_UniPDE_train,full,400,400,1,3,0.3173300941
darcy,/home/hwz/Transolver/LINEARNO/monitor/analysis/transolver_monitor_output_20260917_074049/LINEARNO/monitor/output/darcy/20260916_193756_darcy_UniPDE_train,full,400,400,1,4,0.3315601689
darcy,/home/hwz/Transolver/LINEARNO/monitor/analysis/transolver_monitor_output_20260917_074049/LINEARNO/monitor/output/darcy/20260916_193756_darcy_UniPDE_train,full,400,400,1,5,0.3552478875
darcy,/home/hwz/Transolver/LINEARNO/monitor/analysis/transolver_monitor_output_20260917_074049/LINEARNO/monitor/output/darcy/20260916_193756_darcy_UniPDE_train,full,400,400,1,6,0.3449232143
darcy,/home/hwz/Transolver/LINEARNO/monitor/analysis/transolver_monitor_output_20260917_074049/LINEARNO/monitor/output/darcy/20260916_193756_darcy_UniPDE_train,full,400,400,1,7,0.3513518003
darcy,/home/hwz/Transolver/LINEARNO/monitor/analysis/transolver_monitor_output_20260917_074049/LINEARNO/monitor/output/darcy/20260916_193756_darcy_UniPDE_train,full,400,400,1,8,0.3410906415
darcy,/home/hwz/Transolver/LINEARNO/monitor/analysis/transolver_monitor_output_20260917_074049/LINEARNO/monitor/output/darcy/20260916_193756_darcy_UniPDE_train,full,400,400,2,1,0.3684810466
darcy,/home/hwz/Transolver/LINEARNO/monitor/analysis/transolver_monitor_output_20260917_074049/LINEARNO/monitor/output/darcy/20260916_193756_darcy_UniPDE_train,full,400,400,2,2,1
darcy,/home/hwz/Transolver/LINEARNO/monitor/analysis/transolver_monitor_output_20260917_074049/LINEARNO/monitor/output/darcy/20260916_193756_darcy_UniPDE_train,full,400,400,2,3,0.4312834007
darcy,/home/hwz/Transolver/LINEARNO/monitor/analysis/transolver_monitor_output_20260917_074049/LINEARNO/monitor/output/darcy/20260916_193756_darcy_UniPDE_train,full,400,400,2,4,0.5739934016
darcy,/home/hwz/Transolver/LINEARNO/monitor/analysis/transolver_monitor_output_20260917_074049/LINEARNO/monitor/output/darcy/20260916_193756_darcy_UniPDE_train,full,400,400,2,5,0.5153277842
darcy,/home/hwz/Transolver/LINEARNO/monitor/analysis/transolver_monitor_output_20260917_074049/LINEARNO/monitor/output/darcy/20260916_193756_darcy_UniPDE_train,full,400,400,2,6,0.4798330013
darcy,/home/hwz/Transolver/LINEARNO/monitor/analysis/transolver_monitor_output_20260917_074049/LINEARNO/monitor/output/darcy/20260916_193756_darcy_UniPDE_train,full,400,400,2,7,0.5075850161
darcy,/home/hwz/Transolver/LINEARNO/monitor/analysis/transolver_monitor_output_20260917_074049/LINEARNO/monitor/output/darcy/20260916_193756_darcy_UniPDE_train,full,400,400,2,8,0.5228839549
darcy,/home/hwz/Transolver/LINEARNO/monitor/analysis/transolver_monitor_output_20260917_074049/LINEARNO/monitor/output/darcy/20260916_193756_darcy_UniPDE_train,full,400,400,3,1,0.3173300941
darcy,/home/hwz/Transolver/LINEARNO/monitor/analysis/transolver_monitor_output_20260917_074049/LINEARNO/monitor/output/darcy/20260916_193756_darcy_UniPDE_train,full,400,400,3,2,0.4312834007
darcy,/home/hwz/Transolver/LINEARNO/monitor/analysis/transolver_monitor_output_20260917_074049/LINEARNO/monitor/output/darcy/20260916_193756_darcy_UniPDE_train,full,400,400,3,3,1
darcy,/home/hwz/Transolver/LINEARNO/monitor/analysis/transolver_monitor_output_20260917_074049/LINEARNO/monitor/output/darcy/20260916_193756_darcy_UniPDE_train,full,400,400,3,4,0.4312944701
darcy,/home/hwz/Transolver/LINEARNO/monitor/analysis/transolver_monitor_output_20260917_074049/LINEARNO/monitor/output/darcy/20260916_193756_darcy_UniPDE_train,full,400,400,3,5,0.4943483735
darcy,/home/hwz/Transolver/LINEARNO/monitor/analysis/transolver_monitor_output_20260917_074049/LINEARNO/monitor/output/darcy/20260916_193756_darcy_UniPDE_train,full,400,400,3,6,0.4552428566
darcy,/home/hwz/Transolver/LINEARNO/monitor/analysis/transolver_monitor_output_20260917_074049/LINEARNO/monitor/output/darcy/20260916_193756_darcy_UniPDE_train,full,400,400,3,7,0.4325989362
darcy,/home/hwz/Transolver/LINEARNO/monitor/analysis/transolver_monitor_output_20260917_074049/LINEARNO/monitor/output/darcy/20260916_193756_darcy_UniPDE_train,full,400,400,3,8,0.4605184144
darcy,/home/hwz/Transolver/LINEARNO/monitor/analysis/transolver_monitor_output_20260917_074049/LINEARNO/monitor/output/darcy/20260916_193756_darcy_UniPDE_train,full,400,400,4,1,0.3315601689
darcy,/home/hwz/Transolver/LINEARNO/monitor/analysis/transolver_monitor_output_20260917_074049/LINEARNO/monitor/output/darcy/20260916_193756_darcy_UniPDE_train,full,400,400,4,2,0.5739934016
darcy,/home/hwz/Transolver/LINEARNO/monitor/analysis/transolver_monitor_output_20260917_074049/LINEARNO/monitor/output/darcy/20260916_193756_darcy_UniPDE_train,full,400,400,4,3,0.4312944701
darcy,/home/hwz/Transolver/LINEARNO/monitor/analysis/transolver_monitor_output_20260917_074049/LINEARNO/monitor/output/darcy/20260916_193756_darcy_UniPDE_train,full,400,400,4,4,1
darcy,/home/hwz/Transolver/LINEARNO/monitor/analysis/transolver_monitor_output_20260917_074049/LINEARNO/monitor/output/darcy/20260916_193756_darcy_UniPDE_train,full,400,400,4,5,0.6694171298
darcy,/home/hwz/Transolver/LINEARNO/monitor/analysis/transolver_monitor_output_20260917_074049/LINEARNO/monitor/output/darcy/20260916_193756_darcy_UniPDE_train,full,400,400,4,6,0.6383439405
darcy,/home/hwz/Transolver/LINEARNO/monitor/analysis/transolver_monitor_output_20260917_074049/LINEARNO/monitor/output/darcy/20260916_193756_darcy_UniPDE_train,full,400,400,4,7,0.680309529
darcy,/home/hwz/Transolver/LINEARNO/monitor/analysis/transolver_monitor_output_20260917_074049/LINEARNO/monitor/output/darcy/20260916_193756_darcy_UniPDE_train,full,400,400,4,8,0.8104817448
darcy,/home/hwz/Transolver/LINEARNO/monitor/analysis/transolver_monitor_output_20260917_074049/LINEARNO/monitor/output/darcy/20260916_193756_darcy_UniPDE_train,full,400,400,5,1,0.3552478875
darcy,/home/hwz/Transolver/LINEARNO/monitor/analysis/transolver_monitor_output_20260917_074049/LINEARNO/monitor/output/darcy/20260916_193756_darcy_UniPDE_train,full,400,400,5,2,0.5153277842
darcy,/home/hwz/Transolver/LINEARNO/monitor/analysis/transolver_monitor_output_20260917_074049/LINEARNO/monitor/output/darcy/20260916_193756_darcy_UniPDE_train,full,400,400,5,3,0.4943483735
darcy,/home/hwz/Transolver/LINEARNO/monitor/analysis/transolver_monitor_output_20260917_074049/LINEARNO/monitor/output/darcy/20260916_193756_darcy_UniPDE_train,full,400,400,5,4,0.6694171298
darcy,/home/hwz/Transolver/LINEARNO/monitor/analysis/transolver_monitor_output_20260917_074049/LINEARNO/monitor/output/darcy/20260916_193756_darcy_UniPDE_train,full,400,400,5,5,1
darcy,/home/hwz/Transolver/LINEARNO/monitor/analysis/transolver_monitor_output_20260917_074049/LINEARNO/monitor/output/darcy/20260916_193756_darcy_UniPDE_train,full,400,400,5,6,0.5851376392
darcy,/home/hwz/Transolver/LINEARNO/monitor/analysis/transolver_monitor_output_20260917_074049/LINEARNO/monitor/output/darcy/20260916_193756_darcy_UniPDE_train,full,400,400,5,7,0.5808846268
darcy,/home/hwz/Transolver/LINEARNO/monitor/analysis/transolver_monitor_output_20260917_074049/LINEARNO/monitor/output/darcy/20260916_193756_darcy_UniPDE_train,full,400,400,5,8,0.6607558625
darcy,/home/hwz/Transolver/LINEARNO/monitor/analysis/transolver_monitor_output_20260917_074049/LINEARNO/monitor/output/darcy/20260916_193756_darcy_UniPDE_train,full,400,400,6,1,0.3449232143
darcy,/home/hwz/Transolver/LINEARNO/monitor/analysis/transolver_monitor_output_20260917_074049/LINEARNO/monitor/output/darcy/20260916_193756_darcy_UniPDE_train,full,400,400,6,2,0.4798330013
darcy,/home/hwz/Transolver/LINEARNO/monitor/analysis/transolver_monitor_output_20260917_074049/LINEARNO/monitor/output/darcy/20260916_193756_darcy_UniPDE_train,full,400,400,6,3,0.4552428566
darcy,/home/hwz/Transolver/LINEARNO/monitor/analysis/transolver_monitor_output_20260917_074049/LINEARNO/monitor/output/darcy/20260916_193756_darcy_UniPDE_train,full,400,400,6,4,0.6383439405
darcy,/home/hwz/Transolver/LINEARNO/monitor/analysis/transolver_monitor_output_20260917_074049/LINEARNO/monitor/output/darcy/20260916_193756_darcy_UniPDE_train,full,400,400,6,5,0.5851376392
darcy,/home/hwz/Transolver/LINEARNO/monitor/analysis/transolver_monitor_output_20260917_074049/LINEARNO/monitor/output/darcy/20260916_193756_darcy_UniPDE_train,full,400,400,6,6,1
darcy,/home/hwz/Transolver/LINEARNO/monitor/analysis/transolver_monitor_output_20260917_074049/LINEARNO/monitor/output/darcy/20260916_193756_darcy_UniPDE_train,full,400,400,6,7,0.5396053703
darcy,/home/hwz/Transolver/LINEARNO/monitor/analysis/transolver_monitor_output_20260917_074049/LINEARNO/monitor/output/darcy/20260916_193756_darcy_UniPDE_train,full,400,400,6,8,0.6449096892
darcy,/home/hwz/Transolver/LINEARNO/monitor/analysis/transolver_monitor_output_20260917_074049/LINEARNO/monitor/output/darcy/20260916_193756_darcy_UniPDE_train,full,400,400,7,1,0.3513518003
darcy,/home/hwz/Transolver/LINEARNO/monitor/analysis/transolver_monitor_output_20260917_074049/LINEARNO/monitor/output/darcy/20260916_193756_darcy_UniPDE_train,full,400,400,7,2,0.5075850161
darcy,/home/hwz/Transolver/LINEARNO/monitor/analysis/transolver_monitor_output_20260917_074049/LINEARNO/monitor/output/darcy/20260916_193756_darcy_UniPDE_train,full,400,400,7,3,0.4325989362
darcy,/home/hwz/Transolver/LINEARNO/monitor/analysis/transolver_monitor_output_20260917_074049/LINEARNO/monitor/output/darcy/20260916_193756_darcy_UniPDE_train,full,400,400,7,4,0.680309529
darcy,/home/hwz/Transolver/LINEARNO/monitor/analysis/transolver_monitor_output_20260917_074049/LINEARNO/monitor/output/darcy/20260916_193756_darcy_UniPDE_train,full,400,400,7,5,0.5808846268
darcy,/home/hwz/Transolver/LINEARNO/monitor/analysis/transolver_monitor_output_20260917_074049/LINEARNO/monitor/output/darcy/20260916_193756_darcy_UniPDE_train,full,400,400,7,6,0.5396053703
darcy,/home/hwz/Transolver/LINEARNO/monitor/analysis/transolver_monitor_output_20260917_074049/LINEARNO/monitor/output/darcy/20260916_193756_darcy_UniPDE_train,full,400,400,7,7,1
darcy,/home/hwz/Transolver/LINEARNO/monitor/analysis/transolver_monitor_output_20260917_074049/LINEARNO/monitor/output/darcy/20260916_193756_darcy_UniPDE_train,full,400,400,7,8,0.6539728489
darcy,/home/hwz/Transolver/LINEARNO/monitor/analysis/transolver_monitor_output_20260917_074049/LINEARNO/monitor/output/darcy/20260916_193756_darcy_UniPDE_train,full,400,400,8,1,0.3410906415
darcy,/home/hwz/Transolver/LINEARNO/monitor/analysis/transolver_monitor_output_20260917_074049/LINEARNO/monitor/output/darcy/20260916_193756_darcy_UniPDE_train,full,400,400,8,2,0.5228839549
darcy,/home/hwz/Transolver/LINEARNO/monitor/analysis/transolver_monitor_output_20260917_074049/LINEARNO/monitor/output/darcy/20260916_193756_darcy_UniPDE_train,full,400,400,8,3,0.4605184144
darcy,/home/hwz/Transolver/LINEARNO/monitor/analysis/transolver_monitor_output_20260917_074049/LINEARNO/monitor/output/darcy/20260916_193756_darcy_UniPDE_train,full,400,400,8,4,0.8104817448
darcy,/home/hwz/Transolver/LINEARNO/monitor/analysis/transolver_monitor_output_20260917_074049/LINEARNO/monitor/output/darcy/20260916_193756_darcy_UniPDE_train,full,400,400,8,5,0.6607558625
darcy,/home/hwz/Transolver/LINEARNO/monitor/analysis/transolver_monitor_output_20260917_074049/LINEARNO/monitor/output/darcy/20260916_193756_darcy_UniPDE_train,full,400,400,8,6,0.6449096892
darcy,/home/hwz/Transolver/LINEARNO/monitor/analysis/transolver_monitor_output_20260917_074049/LINEARNO/monitor/output/darcy/20260916_193756_darcy_UniPDE_train,full,400,400,8,7,0.6539728489
darcy,/home/hwz/Transolver/LINEARNO/monitor/analysis/transolver_monitor_output_20260917_074049/LINEARNO/monitor/output/darcy/20260916_193756_darcy_UniPDE_train,full,400,400,8,8,1
darcy,/home/hwz/Transolver/LINEARNO/monitor/analysis/transolver_monitor_output_20260917_074049/LINEARNO/monitor/output/darcy/20260916_193756_darcy_UniPDE_train,full,500,500,1,1,1
darcy,/home/hwz/Transolver/LINEARNO/monitor/analysis/transolver_monitor_output_20260917_074049/LINEARNO/monitor/output/darcy/20260916_193756_darcy_UniPDE_train,full,500,500,1,2,0.3628260755
darcy,/home/hwz/Transolver/LINEARNO/monitor/analysis/transolver_monitor_output_20260917_074049/LINEARNO/monitor/output/darcy/20260916_193756_darcy_UniPDE_train,full,500,500,1,3,0.3106237977
darcy,/home/hwz/Transolver/LINEARNO/monitor/analysis/transolver_monitor_output_20260917_074049/LINEARNO/monitor/output/darcy/20260916_193756_darcy_UniPDE_train,full,500,500,1,4,0.3252949471
darcy,/home/hwz/Transolver/LINEARNO/monitor/analysis/transolver_monitor_output_20260917_074049/LINEARNO/monitor/output/darcy/20260916_193756_darcy_UniPDE_train,full,500,500,1,5,0.3505573773
darcy,/home/hwz/Transolver/LINEARNO/monitor/analysis/transolver_monitor_output_20260917_074049/LINEARNO/monitor/output/darcy/20260916_193756_darcy_UniPDE_train,full,500,500,1,6,0.330172832
darcy,/home/hwz/Transolver/LINEARNO/monitor/analysis/transolver_monitor_output_20260917_074049/LINEARNO/monitor/output/darcy/20260916_193756_darcy_UniPDE_train,full,500,500,1,7,0.3437560044
darcy,/home/hwz/Transolver/LINEARNO/monitor/analysis/transolver_monitor_output_20260917_074049/LINEARNO/monitor/output/darcy/20260916_193756_darcy_UniPDE_train,full,500,500,1,8,0.3365245416
darcy,/home/hwz/Transolver/LINEARNO/monitor/analysis/transolver_monitor_output_20260917_074049/LINEARNO/monitor/output/darcy/20260916_193756_darcy_UniPDE_train,full,500,500,2,1,0.3628260755
darcy,/home/hwz/Transolver/LINEARNO/monitor/analysis/transolver_monitor_output_20260917_074049/LINEARNO/monitor/output/darcy/20260916_193756_darcy_UniPDE_train,full,500,500,2,2,1
darcy,/home/hwz/Transolver/LINEARNO/monitor/analysis/transolver_monitor_output_20260917_074049/LINEARNO/monitor/output/darcy/20260916_193756_darcy_UniPDE_train,full,500,500,2,3,0.4281977517
darcy,/home/hwz/Transolver/LINEARNO/monitor/analysis/transolver_monitor_output_20260917_074049/LINEARNO/monitor/output/darcy/20260916_193756_darcy_UniPDE_train,full,500,500,2,4,0.5911618429
darcy,/home/hwz/Transolver/LINEARNO/monitor/analysis/transolver_monitor_output_20260917_074049/LINEARNO/monitor/output/darcy/20260916_193756_darcy_UniPDE_train,full,500,500,2,5,0.5332448245
darcy,/home/hwz/Transolver/LINEARNO/monitor/analysis/transolver_monitor_output_20260917_074049/LINEARNO/monitor/output/darcy/20260916_193756_darcy_UniPDE_train,full,500,500,2,6,0.4983343892
darcy,/home/hwz/Transolver/LINEARNO/monitor/analysis/transolver_monitor_output_20260917_074049/LINEARNO/monitor/output/darcy/20260916_193756_darcy_UniPDE_train,full,500,500,2,7,0.5050001722
darcy,/home/hwz/Transolver/LINEARNO/monitor/analysis/transolver_monitor_output_20260917_074049/LINEARNO/monitor/output/darcy/20260916_193756_darcy_UniPDE_train,full,500,500,2,8,0.5377915356
darcy,/home/hwz/Transolver/LINEARNO/monitor/analysis/transolver_monitor_output_20260917_074049/LINEARNO/monitor/output/darcy/20260916_193756_darcy_UniPDE_train,full,500,500,3,1,0.3106237977
darcy,/home/hwz/Transolver/LINEARNO/monitor/analysis/transolver_monitor_output_20260917_074049/LINEARNO/monitor/output/darcy/20260916_193756_darcy_UniPDE_train,full,500,500,3,2,0.4281977517
darcy,/home/hwz/Transolver/LINEARNO/monitor/analysis/transolver_monitor_output_20260917_074049/LINEARNO/monitor/output/darcy/20260916_193756_darcy_UniPDE_train,full,500,500,3,3,1
darcy,/home/hwz/Transolver/LINEARNO/monitor/analysis/transolver_monitor_output_20260917_074049/LINEARNO/monitor/output/darcy/20260916_193756_darcy_UniPDE_train,full,500,500,3,4,0.4222532864
darcy,/home/hwz/Transolver/LINEARNO/monitor/analysis/transolver_monitor_output_20260917_074049/LINEARNO/monitor/output/darcy/20260916_193756_darcy_UniPDE_train,full,500,500,3,5,0.4913860434
darcy,/home/hwz/Transolver/LINEARNO/monitor/analysis/transolver_monitor_output_20260917_074049/LINEARNO/monitor/output/darcy/20260916_193756_darcy_UniPDE_train,full,500,500,3,6,0.4366279849
darcy,/home/hwz/Transolver/LINEARNO/monitor/analysis/transolver_monitor_output_20260917_074049/LINEARNO/monitor/output/darcy/20260916_193756_darcy_UniPDE_train,full,500,500,3,7,0.4162438847
darcy,/home/hwz/Transolver/LINEARNO/monitor/analysis/transolver_monitor_output_20260917_074049/LINEARNO/monitor/output/darcy/20260916_193756_darcy_UniPDE_train,full,500,500,3,8,0.4501728583
darcy,/home/hwz/Transolver/LINEARNO/monitor/analysis/transolver_monitor_output_20260917_074049/LINEARNO/monitor/output/darcy/20260916_193756_darcy_UniPDE_train,full,500,500,4,1,0.3252949471
darcy,/home/hwz/Transolver/LINEARNO/monitor/analysis/transolver_monitor_output_20260917_074049/LINEARNO/monitor/output/darcy/20260916_193756_darcy_UniPDE_train,full,500,500,4,2,0.5911618429
darcy,/home/hwz/Transolver/LINEARNO/monitor/analysis/transolver_monitor_output_20260917_074049/LINEARNO/monitor/output/darcy/20260916_193756_darcy_UniPDE_train,full,500,500,4,3,0.4222532864
darcy,/home/hwz/Transolver/LINEARNO/monitor/analysis/transolver_monitor_output_20260917_074049/LINEARNO/monitor/output/darcy/20260916_193756_darcy_UniPDE_train,full,500,500,4,4,1
darcy,/home/hwz/Transolver/LINEARNO/monitor/analysis/transolver_monitor_output_20260917_074049/LINEARNO/monitor/output/darcy/20260916_193756_darcy_UniPDE_train,full,500,500,4,5,0.6711181765
darcy,/home/hwz/Transolver/LINEARNO/monitor/analysis/transolver_monitor_output_20260917_074049/LINEARNO/monitor/output/darcy/20260916_193756_darcy_UniPDE_train,full,500,500,4,6,0.636932699
darcy,/home/hwz/Transolver/LINEARNO/monitor/analysis/transolver_monitor_output_20260917_074049/LINEARNO/monitor/output/darcy/20260916_193756_darcy_UniPDE_train,full,500,500,4,7,0.6823512432
darcy,/home/hwz/Transolver/LINEARNO/monitor/analysis/transolver_monitor_output_20260917_074049/LINEARNO/monitor/output/darcy/20260916_193756_darcy_UniPDE_train,full,500,500,4,8,0.8097432386
darcy,/home/hwz/Transolver/LINEARNO/monitor/analysis/transolver_monitor_output_20260917_074049/LINEARNO/monitor/output/darcy/20260916_193756_darcy_UniPDE_train,full,500,500,5,1,0.3505573773
darcy,/home/hwz/Transolver/LINEARNO/monitor/analysis/transolver_monitor_output_20260917_074049/LINEARNO/monitor/output/darcy/20260916_193756_darcy_UniPDE_train,full,500,500,5,2,0.5332448245
darcy,/home/hwz/Transolver/LINEARNO/monitor/analysis/transolver_monitor_output_20260917_074049/LINEARNO/monitor/output/darcy/20260916_193756_darcy_UniPDE_train,full,500,500,5,3,0.4913860434
darcy,/home/hwz/Transolver/LINEARNO/monitor/analysis/transolver_monitor_output_20260917_074049/LINEARNO/monitor/output/darcy/20260916_193756_darcy_UniPDE_train,full,500,500,5,4,0.6711181765
darcy,/home/hwz/Transolver/LINEARNO/monitor/analysis/transolver_monitor_output_20260917_074049/LINEARNO/monitor/output/darcy/20260916_193756_darcy_UniPDE_train,full,500,500,5,5,1
darcy,/home/hwz/Transolver/LINEARNO/monitor/analysis/transolver_monitor_output_20260917_074049/LINEARNO/monitor/output/darcy/20260916_193756_darcy_UniPDE_train,full,500,500,5,6,0.5857069124
darcy,/home/hwz/Transolver/LINEARNO/monitor/analysis/transolver_monitor_output_20260917_074049/LINEARNO/monitor/output/darcy/20260916_193756_darcy_UniPDE_train,full,500,500,5,7,0.579201726
darcy,/home/hwz/Transolver/LINEARNO/monitor/analysis/transolver_monitor_output_20260917_074049/LINEARNO/monitor/output/darcy/20260916_193756_darcy_UniPDE_train,full,500,500,5,8,0.6608274011
darcy,/home/hwz/Transolver/LINEARNO/monitor/analysis/transolver_monitor_output_20260917_074049/LINEARNO/monitor/output/darcy/20260916_193756_darcy_UniPDE_train,full,500,500,6,1,0.330172832
darcy,/home/hwz/Transolver/LINEARNO/monitor/analysis/transolver_monitor_output_20260917_074049/LINEARNO/monitor/output/darcy/20260916_193756_darcy_UniPDE_train,full,500,500,6,2,0.4983343892
darcy,/home/hwz/Transolver/LINEARNO/monitor/analysis/transolver_monitor_output_20260917_074049/LINEARNO/monitor/output/darcy/20260916_193756_darcy_UniPDE_train,full,500,500,6,3,0.4366279849
darcy,/home/hwz/Transolver/LINEARNO/monitor/analysis/transolver_monitor_output_20260917_074049/LINEARNO/monitor/output/darcy/20260916_193756_darcy_UniPDE_train,full,500,500,6,4,0.636932699
darcy,/home/hwz/Transolver/LINEARNO/monitor/analysis/transolver_monitor_output_20260917_074049/LINEARNO/monitor/output/darcy/20260916_193756_darcy_UniPDE_train,full,500,500,6,5,0.5857069124
darcy,/home/hwz/Transolver/LINEARNO/monitor/analysis/transolver_monitor_output_20260917_074049/LINEARNO/monitor/output/darcy/20260916_193756_darcy_UniPDE_train,full,500,500,6,6,1
darcy,/home/hwz/Transolver/LINEARNO/monitor/analysis/transolver_monitor_output_20260917_074049/LINEARNO/monitor/output/darcy/20260916_193756_darcy_UniPDE_train,full,500,500,6,7,0.5399745004
darcy,/home/hwz/Transolver/LINEARNO/monitor/analysis/transolver_monitor_output_20260917_074049/LINEARNO/monitor/output/darcy/20260916_193756_darcy_UniPDE_train,full,500,500,6,8,0.6423195237
darcy,/home/hwz/Transolver/LINEARNO/monitor/analysis/transolver_monitor_output_20260917_074049/LINEARNO/monitor/output/darcy/20260916_193756_darcy_UniPDE_train,full,500,500,7,1,0.3437560044
darcy,/home/hwz/Transolver/LINEARNO/monitor/analysis/transolver_monitor_output_20260917_074049/LINEARNO/monitor/output/darcy/20260916_193756_darcy_UniPDE_train,full,500,500,7,2,0.5050001722
darcy,/home/hwz/Transolver/LINEARNO/monitor/analysis/transolver_monitor_output_20260917_074049/LINEARNO/monitor/output/darcy/20260916_193756_darcy_UniPDE_train,full,500,500,7,3,0.4162438847
darcy,/home/hwz/Transolver/LINEARNO/monitor/analysis/transolver_monitor_output_20260917_074049/LINEARNO/monitor/output/darcy/20260916_193756_darcy_UniPDE_train,full,500,500,7,4,0.6823512432
darcy,/home/hwz/Transolver/LINEARNO/monitor/analysis/transolver_monitor_output_20260917_074049/LINEARNO/monitor/output/darcy/20260916_193756_darcy_UniPDE_train,full,500,500,7,5,0.579201726
darcy,/home/hwz/Transolver/LINEARNO/monitor/analysis/transolver_monitor_output_20260917_074049/LINEARNO/monitor/output/darcy/20260916_193756_darcy_UniPDE_train,full,500,500,7,6,0.5399745004
darcy,/home/hwz/Transolver/LINEARNO/monitor/analysis/transolver_monitor_output_20260917_074049/LINEARNO/monitor/output/darcy/20260916_193756_darcy_UniPDE_train,full,500,500,7,7,1
darcy,/home/hwz/Transolver/LINEARNO/monitor/analysis/transolver_monitor_output_20260917_074049/LINEARNO/monitor/output/darcy/20260916_193756_darcy_UniPDE_train,full,500,500,7,8,0.6532823849
darcy,/home/hwz/Transolver/LINEARNO/monitor/analysis/transolver_monitor_output_20260917_074049/LINEARNO/monitor/output/darcy/20260916_193756_darcy_UniPDE_train,full,500,500,8,1,0.3365245416
darcy,/home/hwz/Transolver/LINEARNO/monitor/analysis/transolver_monitor_output_20260917_074049/LINEARNO/monitor/output/darcy/20260916_193756_darcy_UniPDE_train,full,500,500,8,2,0.5377915356
darcy,/home/hwz/Transolver/LINEARNO/monitor/analysis/transolver_monitor_output_20260917_074049/LINEARNO/monitor/output/darcy/20260916_193756_darcy_UniPDE_train,full,500,500,8,3,0.4501728583
darcy,/home/hwz/Transolver/LINEARNO/monitor/analysis/transolver_monitor_output_20260917_074049/LINEARNO/monitor/output/darcy/20260916_193756_darcy_UniPDE_train,full,500,500,8,4,0.8097432386
darcy,/home/hwz/Transolver/LINEARNO/monitor/analysis/transolver_monitor_output_20260917_074049/LINEARNO/monitor/output/darcy/20260916_193756_darcy_UniPDE_train,full,500,500,8,5,0.6608274011
darcy,/home/hwz/Transolver/LINEARNO/monitor/analysis/transolver_monitor_output_20260917_074049/LINEARNO/monitor/output/darcy/20260916_193756_darcy_UniPDE_train,full,500,500,8,6,0.6423195237
darcy,/home/hwz/Transolver/LINEARNO/monitor/analysis/transolver_monitor_output_20260917_074049/LINEARNO/monitor/output/darcy/20260916_193756_darcy_UniPDE_train,full,500,500,8,7,0.6532823849
darcy,/home/hwz/Transolver/LINEARNO/monitor/analysis/transolver_monitor_output_20260917_074049/LINEARNO/monitor/output/darcy/20260916_193756_darcy_UniPDE_train,full,500,500,8,8,1
elasticity,/home/hwz/Transolver/LINEARNO/monitor/analysis/transolver_monitor_output_20260917_074049/LINEARNO/monitor/output/elasticity/20260916_194317_elasticity_Transolver_train,full,1,1,1,1,1
elasticity,/home/hwz/Transolver/LINEARNO/monitor/analysis/transolver_monitor_output_20260917_074049/LINEARNO/monitor/output/elasticity/20260916_194317_elasticity_Transolver_train,full,1,1,1,2,0.675902864
elasticity,/home/hwz/Transolver/LINEARNO/monitor/analysis/transolver_monitor_output_20260917_074049/LINEARNO/monitor/output/elasticity/20260916_194317_elasticity_Transolver_train,full,1,1,1,3,0.9999695905
elasticity,/home/hwz/Transolver/LINEARNO/monitor/analysis/transolver_monitor_output_20260917_074049/LINEARNO/monitor/output/elasticity/20260916_194317_elasticity_Transolver_train,full,1,1,1,4,0.9994308576
elasticity,/home/hwz/Transolver/LINEARNO/monitor/analysis/transolver_monitor_output_20260917_074049/LINEARNO/monitor/output/elasticity/20260916_194317_elasticity_Transolver_train,full,1,1,1,5,0.999998305
elasticity,/home/hwz/Transolver/LINEARNO/monitor/analysis/transolver_monitor_output_20260917_074049/LINEARNO/monitor/output/elasticity/20260916_194317_elasticity_Transolver_train,full,1,1,1,6,1
elasticity,/home/hwz/Transolver/LINEARNO/monitor/analysis/transolver_monitor_output_20260917_074049/LINEARNO/monitor/output/elasticity/20260916_194317_elasticity_Transolver_train,full,1,1,1,7,1
elasticity,/home/hwz/Transolver/LINEARNO/monitor/analysis/transolver_monitor_output_20260917_074049/LINEARNO/monitor/output/elasticity/20260916_194317_elasticity_Transolver_train,full,1,1,1,8,1
elasticity,/home/hwz/Transolver/LINEARNO/monitor/analysis/transolver_monitor_output_20260917_074049/LINEARNO/monitor/output/elasticity/20260916_194317_elasticity_Transolver_train,full,1,1,2,1,0.675902864
elasticity,/home/hwz/Transolver/LINEARNO/monitor/analysis/transolver_monitor_output_20260917_074049/LINEARNO/monitor/output/elasticity/20260916_194317_elasticity_Transolver_train,full,1,1,2,2,1
elasticity,/home/hwz/Transolver/LINEARNO/monitor/analysis/transolver_monitor_output_20260917_074049/LINEARNO/monitor/output/elasticity/20260916_194317_elasticity_Transolver_train,full,1,1,2,3,0.6777565069
elasticity,/home/hwz/Transolver/LINEARNO/monitor/analysis/transolver_monitor_output_20260917_074049/LINEARNO/monitor/output/elasticity/20260916_194317_elasticity_Transolver_train,full,1,1,2,4,0.6819939651
elasticity,/home/hwz/Transolver/LINEARNO/monitor/analysis/transolver_monitor_output_20260917_074049/LINEARNO/monitor/output/elasticity/20260916_194317_elasticity_Transolver_train,full,1,1,2,5,0.6770477071
elasticity,/home/hwz/Transolver/LINEARNO/monitor/analysis/transolver_monitor_output_20260917_074049/LINEARNO/monitor/output/elasticity/20260916_194317_elasticity_Transolver_train,full,1,1,2,6,0.675999932
elasticity,/home/hwz/Transolver/LINEARNO/monitor/analysis/transolver_monitor_output_20260917_074049/LINEARNO/monitor/output/elasticity/20260916_194317_elasticity_Transolver_train,full,1,1,2,7,0.6759043746
elasticity,/home/hwz/Transolver/LINEARNO/monitor/analysis/transolver_monitor_output_20260917_074049/LINEARNO/monitor/output/elasticity/20260916_194317_elasticity_Transolver_train,full,1,1,2,8,0.675902294
elasticity,/home/hwz/Transolver/LINEARNO/monitor/analysis/transolver_monitor_output_20260917_074049/LINEARNO/monitor/output/elasticity/20260916_194317_elasticity_Transolver_train,full,1,1,3,1,0.9999695905
elasticity,/home/hwz/Transolver/LINEARNO/monitor/analysis/transolver_monitor_output_20260917_074049/LINEARNO/monitor/output/elasticity/20260916_194317_elasticity_Transolver_train,full,1,1,3,2,0.6777565069
elasticity,/home/hwz/Transolver/LINEARNO/monitor/analysis/transolver_monitor_output_20260917_074049/LINEARNO/monitor/output/elasticity/20260916_194317_elasticity_Transolver_train,full,1,1,3,3,1
elasticity,/home/hwz/Transolver/LINEARNO/monitor/analysis/transolver_monitor_output_20260917_074049/LINEARNO/monitor/output/elasticity/20260916_194317_elasticity_Transolver_train,full,1,1,3,4,0.9996552076
elasticity,/home/hwz/Transolver/LINEARNO/monitor/analysis/transolver_monitor_output_20260917_074049/LINEARNO/monitor/output/elasticity/20260916_194317_elasticity_Transolver_train,full,1,1,3,5,0.9999781512
elasticity,/home/hwz/Transolver/LINEARNO/monitor/analysis/transolver_monitor_output_20260917_074049/LINEARNO/monitor/output/elasticity/20260916_194317_elasticity_Transolver_train,full,1,1,3,6,0.9999701343
elasticity,/home/hwz/Transolver/LINEARNO/monitor/analysis/transolver_monitor_output_20260917_074049/LINEARNO/monitor/output/elasticity/20260916_194317_elasticity_Transolver_train,full,1,1,3,7,0.9999694079
elasticity,/home/hwz/Transolver/LINEARNO/monitor/analysis/transolver_monitor_output_20260917_074049/LINEARNO/monitor/output/elasticity/20260916_194317_elasticity_Transolver_train,full,1,1,3,8,0.9999694675
elasticity,/home/hwz/Transolver/LINEARNO/monitor/analysis/transolver_monitor_output_20260917_074049/LINEARNO/monitor/output/elasticity/20260916_194317_elasticity_Transolver_train,full,1,1,4,1,0.9994308576
elasticity,/home/hwz/Transolver/LINEARNO/monitor/analysis/transolver_monitor_output_20260917_074049/LINEARNO/monitor/output/elasticity/20260916_194317_elasticity_Transolver_train,full,1,1,4,2,0.6819939651
elasticity,/home/hwz/Transolver/LINEARNO/monitor/analysis/transolver_monitor_output_20260917_074049/LINEARNO/monitor/output/elasticity/20260916_194317_elasticity_Transolver_train,full,1,1,4,3,0.9996552076
elasticity,/home/hwz/Transolver/LINEARNO/monitor/analysis/transolver_monitor_output_20260917_074049/LINEARNO/monitor/output/elasticity/20260916_194317_elasticity_Transolver_train,full,1,1,4,4,1
elasticity,/home/hwz/Transolver/LINEARNO/monitor/analysis/transolver_monitor_output_20260917_074049/LINEARNO/monitor/output/elasticity/20260916_194317_elasticity_Transolver_train,full,1,1,4,5,0.9994874224
elasticity,/home/hwz/Transolver/LINEARNO/monitor/analysis/transolver_monitor_output_20260917_074049/LINEARNO/monitor/output/elasticity/20260916_194317_elasticity_Transolver_train,full,1,1,4,6,0.9994367883
elasticity,/home/hwz/Transolver/LINEARNO/monitor/analysis/transolver_monitor_output_20260917_074049/LINEARNO/monitor/output/elasticity/20260916_194317_elasticity_Transolver_train,full,1,1,4,7,0.9994304776
elasticity,/home/hwz/Transolver/LINEARNO/monitor/analysis/transolver_monitor_output_20260917_074049/LINEARNO/monitor/output/elasticity/20260916_194317_elasticity_Transolver_train,full,1,1,4,8,0.9994304311
elasticity,/home/hwz/Transolver/LINEARNO/monitor/analysis/transolver_monitor_output_20260917_074049/LINEARNO/monitor/output/elasticity/20260916_194317_elasticity_Transolver_train,full,1,1,5,1,0.999998305
elasticity,/home/hwz/Transolver/LINEARNO/monitor/analysis/transolver_monitor_output_20260917_074049/LINEARNO/monitor/output/elasticity/20260916_194317_elasticity_Transolver_train,full,1,1,5,2,0.6770477071
elasticity,/home/hwz/Transolver/LINEARNO/monitor/analysis/transolver_monitor_output_20260917_074049/LINEARNO/monitor/output/elasticity/20260916_194317_elasticity_Transolver_train,full,1,1,5,3,0.9999781512
elasticity,/home/hwz/Transolver/LINEARNO/monitor/analysis/transolver_monitor_output_20260917_074049/LINEARNO/monitor/output/elasticity/20260916_194317_elasticity_Transolver_train,full,1,1,5,4,0.9994874224
elasticity,/home/hwz/Transolver/LINEARNO/monitor/analysis/transolver_monitor_output_20260917_074049/LINEARNO/monitor/output/elasticity/20260916_194317_elasticity_Transolver_train,full,1,1,5,5,1
elasticity,/home/hwz/Transolver/LINEARNO/monitor/analysis/transolver_monitor_output_20260917_074049/LINEARNO/monitor/output/elasticity/20260916_194317_elasticity_Transolver_train,full,1,1,5,6,0.9999992196
elasticity,/home/hwz/Transolver/LINEARNO/monitor/analysis/transolver_monitor_output_20260917_074049/LINEARNO/monitor/output/elasticity/20260916_194317_elasticity_Transolver_train,full,1,1,5,7,0.9999983311
elasticity,/home/hwz/Transolver/LINEARNO/monitor/analysis/transolver_monitor_output_20260917_074049/LINEARNO/monitor/output/elasticity/20260916_194317_elasticity_Transolver_train,full,1,1,5,8,0.9999983106
elasticity,/home/hwz/Transolver/LINEARNO/monitor/analysis/transolver_monitor_output_20260917_074049/LINEARNO/monitor/output/elasticity/20260916_194317_elasticity_Transolver_train,full,1,1,6,1,1
elasticity,/home/hwz/Transolver/LINEARNO/monitor/analysis/transolver_monitor_output_20260917_074049/LINEARNO/monitor/output/elasticity/20260916_194317_elasticity_Transolver_train,full,1,1,6,2,0.675999932
elasticity,/home/hwz/Transolver/LINEARNO/monitor/analysis/transolver_monitor_output_20260917_074049/LINEARNO/monitor/output/elasticity/20260916_194317_elasticity_Transolver_train,full,1,1,6,3,0.9999701343
elasticity,/home/hwz/Transolver/LINEARNO/monitor/analysis/transolver_monitor_output_20260917_074049/LINEARNO/monitor/output/elasticity/20260916_194317_elasticity_Transolver_train,full,1,1,6,4,0.9994367883
elasticity,/home/hwz/Transolver/LINEARNO/monitor/analysis/transolver_monitor_output_20260917_074049/LINEARNO/monitor/output/elasticity/20260916_194317_elasticity_Transolver_train,full,1,1,6,5,0.9999992196
elasticity,/home/hwz/Transolver/LINEARNO/monitor/analysis/transolver_monitor_output_20260917_074049/LINEARNO/monitor/output/elasticity/20260916_194317_elasticity_Transolver_train,full,1,1,6,6,1
elasticity,/home/hwz/Transolver/LINEARNO/monitor/analysis/transolver_monitor_output_20260917_074049/LINEARNO/monitor/output/elasticity/20260916_194317_elasticity_Transolver_train,full,1,1,6,7,1
elasticity,/home/hwz/Transolver/LINEARNO/monitor/analysis/transolver_monitor_output_20260917_074049/LINEARNO/monitor/output/elasticity/20260916_194317_elasticity_Transolver_train,full,1,1,6,8,1
elasticity,/home/hwz/Transolver/LINEARNO/monitor/analysis/transolver_monitor_output_20260917_074049/LINEARNO/monitor/output/elasticity/20260916_194317_elasticity_Transolver_train,full,1,1,7,1,1
elasticity,/home/hwz/Transolver/LINEARNO/monitor/analysis/transolver_monitor_output_20260917_074049/LINEARNO/monitor/output/elasticity/20260916_194317_elasticity_Transolver_train,full,1,1,7,2,0.6759043746
elasticity,/home/hwz/Transolver/LINEARNO/monitor/analysis/transolver_monitor_output_20260917_074049/LINEARNO/monitor/output/elasticity/20260916_194317_elasticity_Transolver_train,full,1,1,7,3,0.9999694079
elasticity,/home/hwz/Transolver/LINEARNO/monitor/analysis/transolver_monitor_output_20260917_074049/LINEARNO/monitor/output/elasticity/20260916_194317_elasticity_Transolver_train,full,1,1,7,4,0.9994304776
elasticity,/home/hwz/Transolver/LINEARNO/monitor/analysis/transolver_monitor_output_20260917_074049/LINEARNO/monitor/output/elasticity/20260916_194317_elasticity_Transolver_train,full,1,1,7,5,0.9999983311
elasticity,/home/hwz/Transolver/LINEARNO/monitor/analysis/transolver_monitor_output_20260917_074049/LINEARNO/monitor/output/elasticity/20260916_194317_elasticity_Transolver_train,full,1,1,7,6,1
elasticity,/home/hwz/Transolver/LINEARNO/monitor/analysis/transolver_monitor_output_20260917_074049/LINEARNO/monitor/output/elasticity/20260916_194317_elasticity_Transolver_train,full,1,1,7,7,1
elasticity,/home/hwz/Transolver/LINEARNO/monitor/analysis/transolver_monitor_output_20260917_074049/LINEARNO/monitor/output/elasticity/20260916_194317_elasticity_Transolver_train,full,1,1,7,8,1
elasticity,/home/hwz/Transolver/LINEARNO/monitor/analysis/transolver_monitor_output_20260917_074049/LINEARNO/monitor/output/elasticity/20260916_194317_elasticity_Transolver_train,full,1,1,8,1,1
elasticity,/home/hwz/Transolver/LINEARNO/monitor/analysis/transolver_monitor_output_20260917_074049/LINEARNO/monitor/output/elasticity/20260916_194317_elasticity_Transolver_train,full,1,1,8,2,0.675902294
elasticity,/home/hwz/Transolver/LINEARNO/monitor/analysis/transolver_monitor_output_20260917_074049/LINEARNO/monitor/output/elasticity/20260916_194317_elasticity_Transolver_train,full,1,1,8,3,0.9999694675
elasticity,/home/hwz/Transolver/LINEARNO/monitor/analysis/transolver_monitor_output_20260917_074049/LINEARNO/monitor/output/elasticity/20260916_194317_elasticity_Transolver_train,full,1,1,8,4,0.9994304311
elasticity,/home/hwz/Transolver/LINEARNO/monitor/analysis/transolver_monitor_output_20260917_074049/LINEARNO/monitor/output/elasticity/20260916_194317_elasticity_Transolver_train,full,1,1,8,5,0.9999983106
elasticity,/home/hwz/Transolver/LINEARNO/monitor/analysis/transolver_monitor_output_20260917_074049/LINEARNO/monitor/output/elasticity/20260916_194317_elasticity_Transolver_train,full,1,1,8,6,1
elasticity,/home/hwz/Transolver/LINEARNO/monitor/analysis/transolver_monitor_output_20260917_074049/LINEARNO/monitor/output/elasticity/20260916_194317_elasticity_Transolver_train,full,1,1,8,7,1
elasticity,/home/hwz/Transolver/LINEARNO/monitor/analysis/transolver_monitor_output_20260917_074049/LINEARNO/monitor/output/elasticity/20260916_194317_elasticity_Transolver_train,full,1,1,8,8,1
elasticity,/home/hwz/Transolver/LINEARNO/monitor/analysis/transolver_monitor_output_20260917_074049/LINEARNO/monitor/output/elasticity/20260916_194317_elasticity_Transolver_train,full,100,100,1,1,1
elasticity,/home/hwz/Transolver/LINEARNO/monitor/analysis/transolver_monitor_output_20260917_074049/LINEARNO/monitor/output/elasticity/20260916_194317_elasticity_Transolver_train,full,100,100,1,2,0.3428854503
elasticity,/home/hwz/Transolver/LINEARNO/monitor/analysis/transolver_monitor_output_20260917_074049/LINEARNO/monitor/output/elasticity/20260916_194317_elasticity_Transolver_train,full,100,100,1,3,0.7228612714
elasticity,/home/hwz/Transolver/LINEARNO/monitor/analysis/transolver_monitor_output_20260917_074049/LINEARNO/monitor/output/elasticity/20260916_194317_elasticity_Transolver_train,full,100,100,1,4,0.4684892581
elasticity,/home/hwz/Transolver/LINEARNO/monitor/analysis/transolver_monitor_output_20260917_074049/LINEARNO/monitor/output/elasticity/20260916_194317_elasticity_Transolver_train,full,100,100,1,5,0.2248003553
elasticity,/home/hwz/Transolver/LINEARNO/monitor/analysis/transolver_monitor_output_20260917_074049/LINEARNO/monitor/output/elasticity/20260916_194317_elasticity_Transolver_train,full,100,100,1,6,0.673401501
elasticity,/home/hwz/Transolver/LINEARNO/monitor/analysis/transolver_monitor_output_20260917_074049/LINEARNO/monitor/output/elasticity/20260916_194317_elasticity_Transolver_train,full,100,100,1,7,1
elasticity,/home/hwz/Transolver/LINEARNO/monitor/analysis/transolver_monitor_output_20260917_074049/LINEARNO/monitor/output/elasticity/20260916_194317_elasticity_Transolver_train,full,100,100,1,8,1
elasticity,/home/hwz/Transolver/LINEARNO/monitor/analysis/transolver_monitor_output_20260917_074049/LINEARNO/monitor/output/elasticity/20260916_194317_elasticity_Transolver_train,full,100,100,2,1,0.3428854503
elasticity,/home/hwz/Transolver/LINEARNO/monitor/analysis/transolver_monitor_output_20260917_074049/LINEARNO/monitor/output/elasticity/20260916_194317_elasticity_Transolver_train,full,100,100,2,2,1
elasticity,/home/hwz/Transolver/LINEARNO/monitor/analysis/transolver_monitor_output_20260917_074049/LINEARNO/monitor/output/elasticity/20260916_194317_elasticity_Transolver_train,full,100,100,2,3,0.3131880234
elasticity,/home/hwz/Transolver/LINEARNO/monitor/analysis/transolver_monitor_output_20260917_074049/LINEARNO/monitor/output/elasticity/20260916_194317_elasticity_Transolver_train,full,100,100,2,4,0.2777205143
elasticity,/home/hwz/Transolver/LINEARNO/monitor/analysis/transolver_monitor_output_20260917_074049/LINEARNO/monitor/output/elasticity/20260916_194317_elasticity_Transolver_train,full,100,100,2,5,0.1937131976
elasticity,/home/hwz/Transolver/LINEARNO/monitor/analysis/transolver_monitor_output_20260917_074049/LINEARNO/monitor/output/elasticity/20260916_194317_elasticity_Transolver_train,full,100,100,2,6,0.3610250131
elasticity,/home/hwz/Transolver/LINEARNO/monitor/analysis/transolver_monitor_output_20260917_074049/LINEARNO/monitor/output/elasticity/20260916_194317_elasticity_Transolver_train,full,100,100,2,7,0.3428756153
elasticity,/home/hwz/Transolver/LINEARNO/monitor/analysis/transolver_monitor_output_20260917_074049/LINEARNO/monitor/output/elasticity/20260916_194317_elasticity_Transolver_train,full,100,100,2,8,0.3428766702
elasticity,/home/hwz/Transolver/LINEARNO/monitor/analysis/transolver_monitor_output_20260917_074049/LINEARNO/monitor/output/elasticity/20260916_194317_elasticity_Transolver_train,full,100,100,3,1,0.7228612714
elasticity,/home/hwz/Transolver/LINEARNO/monitor/analysis/transolver_monitor_output_20260917_074049/LINEARNO/monitor/output/elasticity/20260916_194317_elasticity_Transolver_train,full,100,100,3,2,0.3131880234
elasticity,/home/hwz/Transolver/LINEARNO/monitor/analysis/transolver_monitor_output_20260917_074049/LINEARNO/monitor/output/elasticity/20260916_194317_elasticity_Transolver_train,full,100,100,3,3,1
elasticity,/home/hwz/Transolver/LINEARNO/monitor/analysis/transolver_monitor_output_20260917_074049/LINEARNO/monitor/output/elasticity/20260916_194317_elasticity_Transolver_train,full,100,100,3,4,0.485069317
elasticity,/home/hwz/Transolver/LINEARNO/monitor/analysis/transolver_monitor_output_20260917_074049/LINEARNO/monitor/output/elasticity/20260916_194317_elasticity_Transolver_train,full,100,100,3,5,0.2496903514
elasticity,/home/hwz/Transolver/LINEARNO/monitor/analysis/transolver_monitor_output_20260917_074049/LINEARNO/monitor/output/elasticity/20260916_194317_elasticity_Transolver_train,full,100,100,3,6,0.5602683891
elasticity,/home/hwz/Transolver/LINEARNO/monitor/analysis/transolver_monitor_output_20260917_074049/LINEARNO/monitor/output/elasticity/20260916_194317_elasticity_Transolver_train,full,100,100,3,7,0.7228622213
elasticity,/home/hwz/Transolver/LINEARNO/monitor/analysis/transolver_monitor_output_20260917_074049/LINEARNO/monitor/output/elasticity/20260916_194317_elasticity_Transolver_train,full,100,100,3,8,0.722861045
elasticity,/home/hwz/Transolver/LINEARNO/monitor/analysis/transolver_monitor_output_20260917_074049/LINEARNO/monitor/output/elasticity/20260916_194317_elasticity_Transolver_train,full,100,100,4,1,0.4684892581
elasticity,/home/hwz/Transolver/LINEARNO/monitor/analysis/transolver_monitor_output_20260917_074049/LINEARNO/monitor/output/elasticity/20260916_194317_elasticity_Transolver_train,full,100,100,4,2,0.2777205143
elasticity,/home/hwz/Transolver/LINEARNO/monitor/analysis/transolver_monitor_output_20260917_074049/LINEARNO/monitor/output/elasticity/20260916_194317_elasticity_Transolver_train,full,100,100,4,3,0.485069317
elasticity,/home/hwz/Transolver/LINEARNO/monitor/analysis/transolver_monitor_output_20260917_074049/LINEARNO/monitor/output/elasticity/20260916_194317_elasticity_Transolver_train,full,100,100,4,4,1
elasticity,/home/hwz/Transolver/LINEARNO/monitor/analysis/transolver_monitor_output_20260917_074049/LINEARNO/monitor/output/elasticity/20260916_194317_elasticity_Transolver_train,full,100,100,4,5,0.2185512226
elasticity,/home/hwz/Transolver/LINEARNO/monitor/analysis/transolver_monitor_output_20260917_074049/LINEARNO/monitor/output/elasticity/20260916_194317_elasticity_Transolver_train,full,100,100,4,6,0.4210147825
elasticity,/home/hwz/Transolver/LINEARNO/monitor/analysis/transolver_monitor_output_20260917_074049/LINEARNO/monitor/output/elasticity/20260916_194317_elasticity_Transolver_train,full,100,100,4,7,0.4684899938
elasticity,/home/hwz/Transolver/LINEARNO/monitor/analysis/transolver_monitor_output_20260917_074049/LINEARNO/monitor/output/elasticity/20260916_194317_elasticity_Transolver_train,full,100,100,4,8,0.4684911626
elasticity,/home/hwz/Transolver/LINEARNO/monitor/analysis/transolver_monitor_output_20260917_074049/LINEARNO/monitor/output/elasticity/20260916_194317_elasticity_Transolver_train,full,100,100,5,1,0.2248003553
elasticity,/home/hwz/Transolver/LINEARNO/monitor/analysis/transolver_monitor_output_20260917_074049/LINEARNO/monitor/output/elasticity/20260916_194317_elasticity_Transolver_train,full,100,100,5,2,0.1937131976
elasticity,/home/hwz/Transolver/LINEARNO/monitor/analysis/transolver_monitor_output_20260917_074049/LINEARNO/monitor/output/elasticity/20260916_194317_elasticity_Transolver_train,full,100,100,5,3,0.2496903514
elasticity,/home/hwz/Transolver/LINEARNO/monitor/analysis/transolver_monitor_output_20260917_074049/LINEARNO/monitor/output/elasticity/20260916_194317_elasticity_Transolver_train,full,100,100,5,4,0.2185512226
elasticity,/home/hwz/Transolver/LINEARNO/monitor/analysis/transolver_monitor_output_20260917_074049/LINEARNO/monitor/output/elasticity/20260916_194317_elasticity_Transolver_train,full,100,100,5,5,1
elasticity,/home/hwz/Transolver/LINEARNO/monitor/analysis/transolver_monitor_output_20260917_074049/LINEARNO/monitor/output/elasticity/20260916_194317_elasticity_Transolver_train,full,100,100,5,6,0.3302695006
elasticity,/home/hwz/Transolver/LINEARNO/monitor/analysis/transolver_monitor_output_20260917_074049/LINEARNO/monitor/output/elasticity/20260916_194317_elasticity_Transolver_train,full,100,100,5,7,0.224793012
elasticity,/home/hwz/Transolver/LINEARNO/monitor/analysis/transolver_monitor_output_20260917_074049/LINEARNO/monitor/output/elasticity/20260916_194317_elasticity_Transolver_train,full,100,100,5,8,0.2247966868
elasticity,/home/hwz/Transolver/LINEARNO/monitor/analysis/transolver_monitor_output_20260917_074049/LINEARNO/monitor/output/elasticity/20260916_194317_elasticity_Transolver_train,full,100,100,6,1,0.673401501
elasticity,/home/hwz/Transolver/LINEARNO/monitor/analysis/transolver_monitor_output_20260917_074049/LINEARNO/monitor/output/elasticity/20260916_194317_elasticity_Transolver_train,full,100,100,6,2,0.3610250131
elasticity,/home/hwz/Transolver/LINEARNO/monitor/analysis/transolver_monitor_output_20260917_074049/LINEARNO/monitor/output/elasticity/20260916_194317_elasticity_Transolver_train,full,100,100,6,3,0.5602683891
elasticity,/home/hwz/Transolver/LINEARNO/monitor/analysis/transolver_monitor_output_20260917_074049/LINEARNO/monitor/output/elasticity/20260916_194317_elasticity_Transolver_train,full,100,100,6,4,0.4210147825
elasticity,/home/hwz/Transolver/LINEARNO/monitor/analysis/transolver_monitor_output_20260917_074049/LINEARNO/monitor/output/elasticity/20260916_194317_elasticity_Transolver_train,full,100,100,6,5,0.3302695006
elasticity,/home/hwz/Transolver/LINEARNO/monitor/analysis/transolver_monitor_output_20260917_074049/LINEARNO/monitor/output/elasticity/20260916_194317_elasticity_Transolver_train,full,100,100,6,6,1
elasticity,/home/hwz/Transolver/LINEARNO/monitor/analysis/transolver_monitor_output_20260917_074049/LINEARNO/monitor/output/elasticity/20260916_194317_elasticity_Transolver_train,full,100,100,6,7,0.6733744303
elasticity,/home/hwz/Transolver/LINEARNO/monitor/analysis/transolver_monitor_output_20260917_074049/LINEARNO/monitor/output/elasticity/20260916_194317_elasticity_Transolver_train,full,100,100,6,8,0.6733765751
elasticity,/home/hwz/Transolver/LINEARNO/monitor/analysis/transolver_monitor_output_20260917_074049/LINEARNO/monitor/output/elasticity/20260916_194317_elasticity_Transolver_train,full,100,100,7,1,1
elasticity,/home/hwz/Transolver/LINEARNO/monitor/analysis/transolver_monitor_output_20260917_074049/LINEARNO/monitor/output/elasticity/20260916_194317_elasticity_Transolver_train,full,100,100,7,2,0.3428756153
elasticity,/home/hwz/Transolver/LINEARNO/monitor/analysis/transolver_monitor_output_20260917_074049/LINEARNO/monitor/output/elasticity/20260916_194317_elasticity_Transolver_train,full,100,100,7,3,0.7228622213
elasticity,/home/hwz/Transolver/LINEARNO/monitor/analysis/transolver_monitor_output_20260917_074049/LINEARNO/monitor/output/elasticity/20260916_194317_elasticity_Transolver_train,full,100,100,7,4,0.4684899938
elasticity,/home/hwz/Transolver/LINEARNO/monitor/analysis/transolver_monitor_output_20260917_074049/LINEARNO/monitor/output/elasticity/20260916_194317_elasticity_Transolver_train,full,100,100,7,5,0.224793012
elasticity,/home/hwz/Transolver/LINEARNO/monitor/analysis/transolver_monitor_output_20260917_074049/LINEARNO/monitor/output/elasticity/20260916_194317_elasticity_Transolver_train,full,100,100,7,6,0.6733744303
elasticity,/home/hwz/Transolver/LINEARNO/monitor/analysis/transolver_monitor_output_20260917_074049/LINEARNO/monitor/output/elasticity/20260916_194317_elasticity_Transolver_train,full,100,100,7,7,1
elasticity,/home/hwz/Transolver/LINEARNO/monitor/analysis/transolver_monitor_output_20260917_074049/LINEARNO/monitor/output/elasticity/20260916_194317_elasticity_Transolver_train,full,100,100,7,8,1
elasticity,/home/hwz/Transolver/LINEARNO/monitor/analysis/transolver_monitor_output_20260917_074049/LINEARNO/monitor/output/elasticity/20260916_194317_elasticity_Transolver_train,full,100,100,8,1,1
elasticity,/home/hwz/Transolver/LINEARNO/monitor/analysis/transolver_monitor_output_20260917_074049/LINEARNO/monitor/output/elasticity/20260916_194317_elasticity_Transolver_train,full,100,100,8,2,0.3428766702
elasticity,/home/hwz/Transolver/LINEARNO/monitor/analysis/transolver_monitor_output_20260917_074049/LINEARNO/monitor/output/elasticity/20260916_194317_elasticity_Transolver_train,full,100,100,8,3,0.722861045
elasticity,/home/hwz/Transolver/LINEARNO/monitor/analysis/transolver_monitor_output_20260917_074049/LINEARNO/monitor/output/elasticity/20260916_194317_elasticity_Transolver_train,full,100,100,8,4,0.4684911626
elasticity,/home/hwz/Transolver/LINEARNO/monitor/analysis/transolver_monitor_output_20260917_074049/LINEARNO/monitor/output/elasticity/20260916_194317_elasticity_Transolver_train,full,100,100,8,5,0.2247966868
elasticity,/home/hwz/Transolver/LINEARNO/monitor/analysis/transolver_monitor_output_20260917_074049/LINEARNO/monitor/output/elasticity/20260916_194317_elasticity_Transolver_train,full,100,100,8,6,0.6733765751
elasticity,/home/hwz/Transolver/LINEARNO/monitor/analysis/transolver_monitor_output_20260917_074049/LINEARNO/monitor/output/elasticity/20260916_194317_elasticity_Transolver_train,full,100,100,8,7,1
elasticity,/home/hwz/Transolver/LINEARNO/monitor/analysis/transolver_monitor_output_20260917_074049/LINEARNO/monitor/output/elasticity/20260916_194317_elasticity_Transolver_train,full,100,100,8,8,1
elasticity,/home/hwz/Transolver/LINEARNO/monitor/analysis/transolver_monitor_output_20260917_074049/LINEARNO/monitor/output/elasticity/20260916_194317_elasticity_Transolver_train,full,200,200,1,1,1
elasticity,/home/hwz/Transolver/LINEARNO/monitor/analysis/transolver_monitor_output_20260917_074049/LINEARNO/monitor/output/elasticity/20260916_194317_elasticity_Transolver_train,full,200,200,1,2,0.2596542591
elasticity,/home/hwz/Transolver/LINEARNO/monitor/analysis/transolver_monitor_output_20260917_074049/LINEARNO/monitor/output/elasticity/20260916_194317_elasticity_Transolver_train,full,200,200,1,3,0.7060524579
elasticity,/home/hwz/Transolver/LINEARNO/monitor/analysis/transolver_monitor_output_20260917_074049/LINEARNO/monitor/output/elasticity/20260916_194317_elasticity_Transolver_train,full,200,200,1,4,0.4654884851
elasticity,/home/hwz/Transolver/LINEARNO/monitor/analysis/transolver_monitor_output_20260917_074049/LINEARNO/monitor/output/elasticity/20260916_194317_elasticity_Transolver_train,full,200,200,1,5,0.2179566182
elasticity,/home/hwz/Transolver/LINEARNO/monitor/analysis/transolver_monitor_output_20260917_074049/LINEARNO/monitor/output/elasticity/20260916_194317_elasticity_Transolver_train,full,200,200,1,6,0.6577993026
elasticity,/home/hwz/Transolver/LINEARNO/monitor/analysis/transolver_monitor_output_20260917_074049/LINEARNO/monitor/output/elasticity/20260916_194317_elasticity_Transolver_train,full,200,200,1,7,1
elasticity,/home/hwz/Transolver/LINEARNO/monitor/analysis/transolver_monitor_output_20260917_074049/LINEARNO/monitor/output/elasticity/20260916_194317_elasticity_Transolver_train,full,200,200,1,8,1
elasticity,/home/hwz/Transolver/LINEARNO/monitor/analysis/transolver_monitor_output_20260917_074049/LINEARNO/monitor/output/elasticity/20260916_194317_elasticity_Transolver_train,full,200,200,2,1,0.2596542591
elasticity,/home/hwz/Transolver/LINEARNO/monitor/analysis/transolver_monitor_output_20260917_074049/LINEARNO/monitor/output/elasticity/20260916_194317_elasticity_Transolver_train,full,200,200,2,2,1
elasticity,/home/hwz/Transolver/LINEARNO/monitor/analysis/transolver_monitor_output_20260917_074049/LINEARNO/monitor/output/elasticity/20260916_194317_elasticity_Transolver_train,full,200,200,2,3,0.2650050411
elasticity,/home/hwz/Transolver/LINEARNO/monitor/analysis/transolver_monitor_output_20260917_074049/LINEARNO/monitor/output/elasticity/20260916_194317_elasticity_Transolver_train,full,200,200,2,4,0.224579143
elasticity,/home/hwz/Transolver/LINEARNO/monitor/analysis/transolver_monitor_output_20260917_074049/LINEARNO/monitor/output/elasticity/20260916_194317_elasticity_Transolver_train,full,200,200,2,5,0.1540756072
elasticity,/home/hwz/Transolver/LINEARNO/monitor/analysis/transolver_monitor_output_20260917_074049/LINEARNO/monitor/output/elasticity/20260916_194317_elasticity_Transolver_train,full,200,200,2,6,0.3028897031
elasticity,/home/hwz/Transolver/LINEARNO/monitor/analysis/transolver_monitor_output_20260917_074049/LINEARNO/monitor/output/elasticity/20260916_194317_elasticity_Transolver_train,full,200,200,2,7,0.2596532413
elasticity,/home/hwz/Transolver/LINEARNO/monitor/analysis/transolver_monitor_output_20260917_074049/LINEARNO/monitor/output/elasticity/20260916_194317_elasticity_Transolver_train,full,200,200,2,8,0.2596537011
elasticity,/home/hwz/Transolver/LINEARNO/monitor/analysis/transolver_monitor_output_20260917_074049/LINEARNO/monitor/output/elasticity/20260916_194317_elasticity_Transolver_train,full,200,200,3,1,0.7060524579
elasticity,/home/hwz/Transolver/LINEARNO/monitor/analysis/transolver_monitor_output_20260917_074049/LINEARNO/monitor/output/elasticity/20260916_194317_elasticity_Transolver_train,full,200,200,3,2,0.2650050411
elasticity,/home/hwz/Transolver/LINEARNO/monitor/analysis/transolver_monitor_output_20260917_074049/LINEARNO/monitor/output/elasticity/20260916_194317_elasticity_Transolver_train,full,200,200,3,3,1
elasticity,/home/hwz/Transolver/LINEARNO/monitor/analysis/transolver_monitor_output_20260917_074049/LINEARNO/monitor/output/elasticity/20260916_194317_elasticity_Transolver_train,full,200,200,3,4,0.4942883446
elasticity,/home/hwz/Transolver/LINEARNO/monitor/analysis/transolver_monitor_output_20260917_074049/LINEARNO/monitor/output/elasticity/20260916_194317_elasticity_Transolver_train,full,200,200,3,5,0.2395806545
elasticity,/home/hwz/Transolver/LINEARNO/monitor/analysis/transolver_monitor_output_20260917_074049/LINEARNO/monitor/output/elasticity/20260916_194317_elasticity_Transolver_train,full,200,200,3,6,0.5459531983
elasticity,/home/hwz/Transolver/LINEARNO/monitor/analysis/transolver_monitor_output_20260917_074049/LINEARNO/monitor/output/elasticity/20260916_194317_elasticity_Transolver_train,full,200,200,3,7,0.706053311
elasticity,/home/hwz/Transolver/LINEARNO/monitor/analysis/transolver_monitor_output_20260917_074049/LINEARNO/monitor/output/elasticity/20260916_194317_elasticity_Transolver_train,full,200,200,3,8,0.7060528761
elasticity,/home/hwz/Transolver/LINEARNO/monitor/analysis/transolver_monitor_output_20260917_074049/LINEARNO/monitor/output/elasticity/20260916_194317_elasticity_Transolver_train,full,200,200,4,1,0.4654884851
elasticity,/home/hwz/Transolver/LINEARNO/monitor/analysis/transolver_monitor_output_20260917_074049/LINEARNO/monitor/output/elasticity/20260916_194317_elasticity_Transolver_train,full,200,200,4,2,0.224579143
elasticity,/home/hwz/Transolver/LINEARNO/monitor/analysis/transolver_monitor_output_20260917_074049/LINEARNO/monitor/output/elasticity/20260916_194317_elasticity_Transolver_train,full,200,200,4,3,0.4942883446
elasticity,/home/hwz/Transolver/LINEARNO/monitor/analysis/transolver_monitor_output_20260917_074049/LINEARNO/monitor/output/elasticity/20260916_194317_elasticity_Transolver_train,full,200,200,4,4,1
elasticity,/home/hwz/Transolver/LINEARNO/monitor/analysis/transolver_monitor_output_20260917_074049/LINEARNO/monitor/output/elasticity/20260916_194317_elasticity_Transolver_train,full,200,200,4,5,0.2113361661
elasticity,/home/hwz/Transolver/LINEARNO/monitor/analysis/transolver_monitor_output_20260917_074049/LINEARNO/monitor/output/elasticity/20260916_194317_elasticity_Transolver_train,full,200,200,4,6,0.4179271855
elasticity,/home/hwz/Transolver/LINEARNO/monitor/analysis/transolver_monitor_output_20260917_074049/LINEARNO/monitor/output/elasticity/20260916_194317_elasticity_Transolver_train,full,200,200,4,7,0.4654878513
elasticity,/home/hwz/Transolver/LINEARNO/monitor/analysis/transolver_monitor_output_20260917_074049/LINEARNO/monitor/output/elasticity/20260916_194317_elasticity_Transolver_train,full,200,200,4,8,0.4654890033
elasticity,/home/hwz/Transolver/LINEARNO/monitor/analysis/transolver_monitor_output_20260917_074049/LINEARNO/monitor/output/elasticity/20260916_194317_elasticity_Transolver_train,full,200,200,5,1,0.2179566182
elasticity,/home/hwz/Transolver/LINEARNO/monitor/analysis/transolver_monitor_output_20260917_074049/LINEARNO/monitor/output/elasticity/20260916_194317_elasticity_Transolver_train,full,200,200,5,2,0.1540756072
elasticity,/home/hwz/Transolver/LINEARNO/monitor/analysis/transolver_monitor_output_20260917_074049/LINEARNO/monitor/output/elasticity/20260916_194317_elasticity_Transolver_train,full,200,200,5,3,0.2395806545
elasticity,/home/hwz/Transolver/LINEARNO/monitor/analysis/transolver_monitor_output_20260917_074049/LINEARNO/monitor/output/elasticity/20260916_194317_elasticity_Transolver_train,full,200,200,5,4,0.2113361661
elasticity,/home/hwz/Transolver/LINEARNO/monitor/analysis/transolver_monitor_output_20260917_074049/LINEARNO/monitor/output/elasticity/20260916_194317_elasticity_Transolver_train,full,200,200,5,5,1
elasticity,/home/hwz/Transolver/LINEARNO/monitor/analysis/transolver_monitor_output_20260917_074049/LINEARNO/monitor/output/elasticity/20260916_194317_elasticity_Transolver_train,full,200,200,5,6,0.3372456422
elasticity,/home/hwz/Transolver/LINEARNO/monitor/analysis/transolver_monitor_output_20260917_074049/LINEARNO/monitor/output/elasticity/20260916_194317_elasticity_Transolver_train,full,200,200,5,7,0.2179500808
elasticity,/home/hwz/Transolver/LINEARNO/monitor/analysis/transolver_monitor_output_20260917_074049/LINEARNO/monitor/output/elasticity/20260916_194317_elasticity_Transolver_train,full,200,200,5,8,0.2179533348
elasticity,/home/hwz/Transolver/LINEARNO/monitor/analysis/transolver_monitor_output_20260917_074049/LINEARNO/monitor/output/elasticity/20260916_194317_elasticity_Transolver_train,full,200,200,6,1,0.6577993026
elasticity,/home/hwz/Transolver/LINEARNO/monitor/analysis/transolver_monitor_output_20260917_074049/LINEARNO/monitor/output/elasticity/20260916_194317_elasticity_Transolver_train,full,200,200,6,2,0.3028897031
elasticity,/home/hwz/Transolver/LINEARNO/monitor/analysis/transolver_monitor_output_20260917_074049/LINEARNO/monitor/output/elasticity/20260916_194317_elasticity_Transolver_train,full,200,200,6,3,0.5459531983
elasticity,/home/hwz/Transolver/LINEARNO/monitor/analysis/transolver_monitor_output_20260917_074049/LINEARNO/monitor/output/elasticity/20260916_194317_elasticity_Transolver_train,full,200,200,6,4,0.4179271855
elasticity,/home/hwz/Transolver/LINEARNO/monitor/analysis/transolver_monitor_output_20260917_074049/LINEARNO/monitor/output/elasticity/20260916_194317_elasticity_Transolver_train,full,200,200,6,5,0.3372456422
elasticity,/home/hwz/Transolver/LINEARNO/monitor/analysis/transolver_monitor_output_20260917_074049/LINEARNO/monitor/output/elasticity/20260916_194317_elasticity_Transolver_train,full,200,200,6,6,1
elasticity,/home/hwz/Transolver/LINEARNO/monitor/analysis/transolver_monitor_output_20260917_074049/LINEARNO/monitor/output/elasticity/20260916_194317_elasticity_Transolver_train,full,200,200,6,7,0.6577942427
elasticity,/home/hwz/Transolver/LINEARNO/monitor/analysis/transolver_monitor_output_20260917_074049/LINEARNO/monitor/output/elasticity/20260916_194317_elasticity_Transolver_train,full,200,200,6,8,0.6577967554
elasticity,/home/hwz/Transolver/LINEARNO/monitor/analysis/transolver_monitor_output_20260917_074049/LINEARNO/monitor/output/elasticity/20260916_194317_elasticity_Transolver_train,full,200,200,7,1,1
elasticity,/home/hwz/Transolver/LINEARNO/monitor/analysis/transolver_monitor_output_20260917_074049/LINEARNO/monitor/output/elasticity/20260916_194317_elasticity_Transolver_train,full,200,200,7,2,0.2596532413
elasticity,/home/hwz/Transolver/LINEARNO/monitor/analysis/transolver_monitor_output_20260917_074049/LINEARNO/monitor/output/elasticity/20260916_194317_elasticity_Transolver_train,full,200,200,7,3,0.706053311
elasticity,/home/hwz/Transolver/LINEARNO/monitor/analysis/transolver_monitor_output_20260917_074049/LINEARNO/monitor/output/elasticity/20260916_194317_elasticity_Transolver_train,full,200,200,7,4,0.4654878513
elasticity,/home/hwz/Transolver/LINEARNO/monitor/analysis/transolver_monitor_output_20260917_074049/LINEARNO/monitor/output/elasticity/20260916_194317_elasticity_Transolver_train,full,200,200,7,5,0.2179500808
elasticity,/home/hwz/Transolver/LINEARNO/monitor/analysis/transolver_monitor_output_20260917_074049/LINEARNO/monitor/output/elasticity/20260916_194317_elasticity_Transolver_train,full,200,200,7,6,0.6577942427
elasticity,/home/hwz/Transolver/LINEARNO/monitor/analysis/transolver_monitor_output_20260917_074049/LINEARNO/monitor/output/elasticity/20260916_194317_elasticity_Transolver_train,full,200,200,7,7,1
elasticity,/home/hwz/Transolver/LINEARNO/monitor/analysis/transolver_monitor_output_20260917_074049/LINEARNO/monitor/output/elasticity/20260916_194317_elasticity_Transolver_train,full,200,200,7,8,1
elasticity,/home/hwz/Transolver/LINEARNO/monitor/analysis/transolver_monitor_output_20260917_074049/LINEARNO/monitor/output/elasticity/20260916_194317_elasticity_Transolver_train,full,200,200,8,1,1
elasticity,/home/hwz/Transolver/LINEARNO/monitor/analysis/transolver_monitor_output_20260917_074049/LINEARNO/monitor/output/elasticity/20260916_194317_elasticity_Transolver_train,full,200,200,8,2,0.2596537011
elasticity,/home/hwz/Transolver/LINEARNO/monitor/analysis/transolver_monitor_output_20260917_074049/LINEARNO/monitor/output/elasticity/20260916_194317_elasticity_Transolver_train,full,200,200,8,3,0.7060528761
elasticity,/home/hwz/Transolver/LINEARNO/monitor/analysis/transolver_monitor_output_20260917_074049/LINEARNO/monitor/output/elasticity/20260916_194317_elasticity_Transolver_train,full,200,200,8,4,0.4654890033
elasticity,/home/hwz/Transolver/LINEARNO/monitor/analysis/transolver_monitor_output_20260917_074049/LINEARNO/monitor/output/elasticity/20260916_194317_elasticity_Transolver_train,full,200,200,8,5,0.2179533348
elasticity,/home/hwz/Transolver/LINEARNO/monitor/analysis/transolver_monitor_output_20260917_074049/LINEARNO/monitor/output/elasticity/20260916_194317_elasticity_Transolver_train,full,200,200,8,6,0.6577967554
elasticity,/home/hwz/Transolver/LINEARNO/monitor/analysis/transolver_monitor_output_20260917_074049/LINEARNO/monitor/output/elasticity/20260916_194317_elasticity_Transolver_train,full,200,200,8,7,1
elasticity,/home/hwz/Transolver/LINEARNO/monitor/analysis/transolver_monitor_output_20260917_074049/LINEARNO/monitor/output/elasticity/20260916_194317_elasticity_Transolver_train,full,200,200,8,8,1
elasticity,/home/hwz/Transolver/LINEARNO/monitor/analysis/transolver_monitor_output_20260917_074049/LINEARNO/monitor/output/elasticity/20260916_194317_elasticity_Transolver_train,full,300,300,1,1,1
elasticity,/home/hwz/Transolver/LINEARNO/monitor/analysis/transolver_monitor_output_20260917_074049/LINEARNO/monitor/output/elasticity/20260916_194317_elasticity_Transolver_train,full,300,300,1,2,0.306317706
elasticity,/home/hwz/Transolver/LINEARNO/monitor/analysis/transolver_monitor_output_20260917_074049/LINEARNO/monitor/output/elasticity/20260916_194317_elasticity_Transolver_train,full,300,300,1,3,0.7013993226
elasticity,/home/hwz/Transolver/LINEARNO/monitor/analysis/transolver_monitor_output_20260917_074049/LINEARNO/monitor/output/elasticity/20260916_194317_elasticity_Transolver_train,full,300,300,1,4,0.4663215526
elasticity,/home/hwz/Transolver/LINEARNO/monitor/analysis/transolver_monitor_output_20260917_074049/LINEARNO/monitor/output/elasticity/20260916_194317_elasticity_Transolver_train,full,300,300,1,5,0.2251980181
elasticity,/home/hwz/Transolver/LINEARNO/monitor/analysis/transolver_monitor_output_20260917_074049/LINEARNO/monitor/output/elasticity/20260916_194317_elasticity_Transolver_train,full,300,300,1,6,0.6449695369
elasticity,/home/hwz/Transolver/LINEARNO/monitor/analysis/transolver_monitor_output_20260917_074049/LINEARNO/monitor/output/elasticity/20260916_194317_elasticity_Transolver_train,full,300,300,1,7,1
elasticity,/home/hwz/Transolver/LINEARNO/monitor/analysis/transolver_monitor_output_20260917_074049/LINEARNO/monitor/output/elasticity/20260916_194317_elasticity_Transolver_train,full,300,300,1,8,1
elasticity,/home/hwz/Transolver/LINEARNO/monitor/analysis/transolver_monitor_output_20260917_074049/LINEARNO/monitor/output/elasticity/20260916_194317_elasticity_Transolver_train,full,300,300,2,1,0.306317706
elasticity,/home/hwz/Transolver/LINEARNO/monitor/analysis/transolver_monitor_output_20260917_074049/LINEARNO/monitor/output/elasticity/20260916_194317_elasticity_Transolver_train,full,300,300,2,2,0.9079488596
elasticity,/home/hwz/Transolver/LINEARNO/monitor/analysis/transolver_monitor_output_20260917_074049/LINEARNO/monitor/output/elasticity/20260916_194317_elasticity_Transolver_train,full,300,300,2,3,0.3187037367
elasticity,/home/hwz/Transolver/LINEARNO/monitor/analysis/transolver_monitor_output_20260917_074049/LINEARNO/monitor/output/elasticity/20260916_194317_elasticity_Transolver_train,full,300,300,2,4,0.2620635978
elasticity,/home/hwz/Transolver/LINEARNO/monitor/analysis/transolver_monitor_output_20260917_074049/LINEARNO/monitor/output/elasticity/20260916_194317_elasticity_Transolver_train,full,300,300,2,5,0.18717892
elasticity,/home/hwz/Transolver/LINEARNO/monitor/analysis/transolver_monitor_output_20260917_074049/LINEARNO/monitor/output/elasticity/20260916_194317_elasticity_Transolver_train,full,300,300,2,6,0.3383967336
elasticity,/home/hwz/Transolver/LINEARNO/monitor/analysis/transolver_monitor_output_20260917_074049/LINEARNO/monitor/output/elasticity/20260916_194317_elasticity_Transolver_train,full,300,300,2,7,0.3063141413
elasticity,/home/hwz/Transolver/LINEARNO/monitor/analysis/transolver_monitor_output_20260917_074049/LINEARNO/monitor/output/elasticity/20260916_194317_elasticity_Transolver_train,full,300,300,2,8,0.3063161206
elasticity,/home/hwz/Transolver/LINEARNO/monitor/analysis/transolver_monitor_output_20260917_074049/LINEARNO/monitor/output/elasticity/20260916_194317_elasticity_Transolver_train,full,300,300,3,1,0.7013993226
elasticity,/home/hwz/Transolver/LINEARNO/monitor/analysis/transolver_monitor_output_20260917_074049/LINEARNO/monitor/output/elasticity/20260916_194317_elasticity_Transolver_train,full,300,300,3,2,0.3187037367
elasticity,/home/hwz/Transolver/LINEARNO/monitor/analysis/transolver_monitor_output_20260917_074049/LINEARNO/monitor/output/elasticity/20260916_194317_elasticity_Transolver_train,full,300,300,3,3,1
elasticity,/home/hwz/Transolver/LINEARNO/monitor/analysis/transolver_monitor_output_20260917_074049/LINEARNO/monitor/output/elasticity/20260916_194317_elasticity_Transolver_train,full,300,300,3,4,0.4963914601
elasticity,/home/hwz/Transolver/LINEARNO/monitor/analysis/transolver_monitor_output_20260917_074049/LINEARNO/monitor/output/elasticity/20260916_194317_elasticity_Transolver_train,full,300,300,3,5,0.2488524085
elasticity,/home/hwz/Transolver/LINEARNO/monitor/analysis/transolver_monitor_output_20260917_074049/LINEARNO/monitor/output/elasticity/20260916_194317_elasticity_Transolver_train,full,300,300,3,6,0.5375768607
elasticity,/home/hwz/Transolver/LINEARNO/monitor/analysis/transolver_monitor_output_20260917_074049/LINEARNO/monitor/output/elasticity/20260916_194317_elasticity_Transolver_train,full,300,300,3,7,0.7013951018
elasticity,/home/hwz/Transolver/LINEARNO/monitor/analysis/transolver_monitor_output_20260917_074049/LINEARNO/monitor/output/elasticity/20260916_194317_elasticity_Transolver_train,full,300,300,3,8,0.7013968891
elasticity,/home/hwz/Transolver/LINEARNO/monitor/analysis/transolver_monitor_output_20260917_074049/LINEARNO/monitor/output/elasticity/20260916_194317_elasticity_Transolver_train,full,300,300,4,1,0.4663215526
elasticity,/home/hwz/Transolver/LINEARNO/monitor/analysis/transolver_monitor_output_20260917_074049/LINEARNO/monitor/output/elasticity/20260916_194317_elasticity_Transolver_train,full,300,300,4,2,0.2620635978
elasticity,/home/hwz/Transolver/LINEARNO/monitor/analysis/transolver_monitor_output_20260917_074049/LINEARNO/monitor/output/elasticity/20260916_194317_elasticity_Transolver_train,full,300,300,4,3,0.4963914601
elasticity,/home/hwz/Transolver/LINEARNO/monitor/analysis/transolver_monitor_output_20260917_074049/LINEARNO/monitor/output/elasticity/20260916_194317_elasticity_Transolver_train,full,300,300,4,4,1
elasticity,/home/hwz/Transolver/LINEARNO/monitor/analysis/transolver_monitor_output_20260917_074049/LINEARNO/monitor/output/elasticity/20260916_194317_elasticity_Transolver_train,full,300,300,4,5,0.2265822544
elasticity,/home/hwz/Transolver/LINEARNO/monitor/analysis/transolver_monitor_output_20260917_074049/LINEARNO/monitor/output/elasticity/20260916_194317_elasticity_Transolver_train,full,300,300,4,6,0.4150287905
elasticity,/home/hwz/Transolver/LINEARNO/monitor/analysis/transolver_monitor_output_20260917_074049/LINEARNO/monitor/output/elasticity/20260916_194317_elasticity_Transolver_train,full,300,300,4,7,0.466317398
elasticity,/home/hwz/Transolver/LINEARNO/monitor/analysis/transolver_monitor_output_20260917_074049/LINEARNO/monitor/output/elasticity/20260916_194317_elasticity_Transolver_train,full,300,300,4,8,0.4663209855
elasticity,/home/hwz/Transolver/LINEARNO/monitor/analysis/transolver_monitor_output_20260917_074049/LINEARNO/monitor/output/elasticity/20260916_194317_elasticity_Transolver_train,full,300,300,5,1,0.2251980181
elasticity,/home/hwz/Transolver/LINEARNO/monitor/analysis/transolver_monitor_output_20260917_074049/LINEARNO/monitor/output/elasticity/20260916_194317_elasticity_Transolver_train,full,300,300,5,2,0.18717892
elasticity,/home/hwz/Transolver/LINEARNO/monitor/analysis/transolver_monitor_output_20260917_074049/LINEARNO/monitor/output/elasticity/20260916_194317_elasticity_Transolver_train,full,300,300,5,3,0.2488524085
elasticity,/home/hwz/Transolver/LINEARNO/monitor/analysis/transolver_monitor_output_20260917_074049/LINEARNO/monitor/output/elasticity/20260916_194317_elasticity_Transolver_train,full,300,300,5,4,0.2265822544
elasticity,/home/hwz/Transolver/LINEARNO/monitor/analysis/transolver_monitor_output_20260917_074049/LINEARNO/monitor/output/elasticity/20260916_194317_elasticity_Transolver_train,full,300,300,5,5,1
elasticity,/home/hwz/Transolver/LINEARNO/monitor/analysis/transolver_monitor_output_20260917_074049/LINEARNO/monitor/output/elasticity/20260916_194317_elasticity_Transolver_train,full,300,300,5,6,0.3536117352
elasticity,/home/hwz/Transolver/LINEARNO/monitor/analysis/transolver_monitor_output_20260917_074049/LINEARNO/monitor/output/elasticity/20260916_194317_elasticity_Transolver_train,full,300,300,5,7,0.2251857845
elasticity,/home/hwz/Transolver/LINEARNO/monitor/analysis/transolver_monitor_output_20260917_074049/LINEARNO/monitor/output/elasticity/20260916_194317_elasticity_Transolver_train,full,300,300,5,8,0.2251922057
elasticity,/home/hwz/Transolver/LINEARNO/monitor/analysis/transolver_monitor_output_20260917_074049/LINEARNO/monitor/output/elasticity/20260916_194317_elasticity_Transolver_train,full,300,300,6,1,0.6449695369
elasticity,/home/hwz/Transolver/LINEARNO/monitor/analysis/transolver_monitor_output_20260917_074049/LINEARNO/monitor/output/elasticity/20260916_194317_elasticity_Transolver_train,full,300,300,6,2,0.3383967336
elasticity,/home/hwz/Transolver/LINEARNO/monitor/analysis/transolver_monitor_output_20260917_074049/LINEARNO/monitor/output/elasticity/20260916_194317_elasticity_Transolver_train,full,300,300,6,3,0.5375768607
elasticity,/home/hwz/Transolver/LINEARNO/monitor/analysis/transolver_monitor_output_20260917_074049/LINEARNO/monitor/output/elasticity/20260916_194317_elasticity_Transolver_train,full,300,300,6,4,0.4150287905
elasticity,/home/hwz/Transolver/LINEARNO/monitor/analysis/transolver_monitor_output_20260917_074049/LINEARNO/monitor/output/elasticity/20260916_194317_elasticity_Transolver_train,full,300,300,6,5,0.3536117352
elasticity,/home/hwz/Transolver/LINEARNO/monitor/analysis/transolver_monitor_output_20260917_074049/LINEARNO/monitor/output/elasticity/20260916_194317_elasticity_Transolver_train,full,300,300,6,6,1
elasticity,/home/hwz/Transolver/LINEARNO/monitor/analysis/transolver_monitor_output_20260917_074049/LINEARNO/monitor/output/elasticity/20260916_194317_elasticity_Transolver_train,full,300,300,6,7,0.6449583014
elasticity,/home/hwz/Transolver/LINEARNO/monitor/analysis/transolver_monitor_output_20260917_074049/LINEARNO/monitor/output/elasticity/20260916_194317_elasticity_Transolver_train,full,300,300,6,8,0.6449646745
elasticity,/home/hwz/Transolver/LINEARNO/monitor/analysis/transolver_monitor_output_20260917_074049/LINEARNO/monitor/output/elasticity/20260916_194317_elasticity_Transolver_train,full,300,300,7,1,1
elasticity,/home/hwz/Transolver/LINEARNO/monitor/analysis/transolver_monitor_output_20260917_074049/LINEARNO/monitor/output/elasticity/20260916_194317_elasticity_Transolver_train,full,300,300,7,2,0.3063141413
elasticity,/home/hwz/Transolver/LINEARNO/monitor/analysis/transolver_monitor_output_20260917_074049/LINEARNO/monitor/output/elasticity/20260916_194317_elasticity_Transolver_train,full,300,300,7,3,0.7013951018
elasticity,/home/hwz/Transolver/LINEARNO/monitor/analysis/transolver_monitor_output_20260917_074049/LINEARNO/monitor/output/elasticity/20260916_194317_elasticity_Transolver_train,full,300,300,7,4,0.466317398
elasticity,/home/hwz/Transolver/LINEARNO/monitor/analysis/transolver_monitor_output_20260917_074049/LINEARNO/monitor/output/elasticity/20260916_194317_elasticity_Transolver_train,full,300,300,7,5,0.2251857845
elasticity,/home/hwz/Transolver/LINEARNO/monitor/analysis/transolver_monitor_output_20260917_074049/LINEARNO/monitor/output/elasticity/20260916_194317_elasticity_Transolver_train,full,300,300,7,6,0.6449583014
elasticity,/home/hwz/Transolver/LINEARNO/monitor/analysis/transolver_monitor_output_20260917_074049/LINEARNO/monitor/output/elasticity/20260916_194317_elasticity_Transolver_train,full,300,300,7,7,1
elasticity,/home/hwz/Transolver/LINEARNO/monitor/analysis/transolver_monitor_output_20260917_074049/LINEARNO/monitor/output/elasticity/20260916_194317_elasticity_Transolver_train,full,300,300,7,8,1
elasticity,/home/hwz/Transolver/LINEARNO/monitor/analysis/transolver_monitor_output_20260917_074049/LINEARNO/monitor/output/elasticity/20260916_194317_elasticity_Transolver_train,full,300,300,8,1,1
elasticity,/home/hwz/Transolver/LINEARNO/monitor/analysis/transolver_monitor_output_20260917_074049/LINEARNO/monitor/output/elasticity/20260916_194317_elasticity_Transolver_train,full,300,300,8,2,0.3063161206
elasticity,/home/hwz/Transolver/LINEARNO/monitor/analysis/transolver_monitor_output_20260917_074049/LINEARNO/monitor/output/elasticity/20260916_194317_elasticity_Transolver_train,full,300,300,8,3,0.7013968891
elasticity,/home/hwz/Transolver/LINEARNO/monitor/analysis/transolver_monitor_output_20260917_074049/LINEARNO/monitor/output/elasticity/20260916_194317_elasticity_Transolver_train,full,300,300,8,4,0.4663209855
elasticity,/home/hwz/Transolver/LINEARNO/monitor/analysis/transolver_monitor_output_20260917_074049/LINEARNO/monitor/output/elasticity/20260916_194317_elasticity_Transolver_train,full,300,300,8,5,0.2251922057
elasticity,/home/hwz/Transolver/LINEARNO/monitor/analysis/transolver_monitor_output_20260917_074049/LINEARNO/monitor/output/elasticity/20260916_194317_elasticity_Transolver_train,full,300,300,8,6,0.6449646745
elasticity,/home/hwz/Transolver/LINEARNO/monitor/analysis/transolver_monitor_output_20260917_074049/LINEARNO/monitor/output/elasticity/20260916_194317_elasticity_Transolver_train,full,300,300,8,7,1
elasticity,/home/hwz/Transolver/LINEARNO/monitor/analysis/transolver_monitor_output_20260917_074049/LINEARNO/monitor/output/elasticity/20260916_194317_elasticity_Transolver_train,full,300,300,8,8,1
elasticity,/home/hwz/Transolver/LINEARNO/monitor/analysis/transolver_monitor_output_20260917_074049/LINEARNO/monitor/output/elasticity/20260916_194317_elasticity_Transolver_train,full,400,400,1,1,1
elasticity,/home/hwz/Transolver/LINEARNO/monitor/analysis/transolver_monitor_output_20260917_074049/LINEARNO/monitor/output/elasticity/20260916_194317_elasticity_Transolver_train,full,400,400,1,2,0.2577263056
elasticity,/home/hwz/Transolver/LINEARNO/monitor/analysis/transolver_monitor_output_20260917_074049/LINEARNO/monitor/output/elasticity/20260916_194317_elasticity_Transolver_train,full,400,400,1,3,0.6915910039
elasticity,/home/hwz/Transolver/LINEARNO/monitor/analysis/transolver_monitor_output_20260917_074049/LINEARNO/monitor/output/elasticity/20260916_194317_elasticity_Transolver_train,full,400,400,1,4,0.4666745057
elasticity,/home/hwz/Transolver/LINEARNO/monitor/analysis/transolver_monitor_output_20260917_074049/LINEARNO/monitor/output/elasticity/20260916_194317_elasticity_Transolver_train,full,400,400,1,5,0.2308047118
elasticity,/home/hwz/Transolver/LINEARNO/monitor/analysis/transolver_monitor_output_20260917_074049/LINEARNO/monitor/output/elasticity/20260916_194317_elasticity_Transolver_train,full,400,400,1,6,0.6504349727
elasticity,/home/hwz/Transolver/LINEARNO/monitor/analysis/transolver_monitor_output_20260917_074049/LINEARNO/monitor/output/elasticity/20260916_194317_elasticity_Transolver_train,full,400,400,1,7,1
elasticity,/home/hwz/Transolver/LINEARNO/monitor/analysis/transolver_monitor_output_20260917_074049/LINEARNO/monitor/output/elasticity/20260916_194317_elasticity_Transolver_train,full,400,400,1,8,1
elasticity,/home/hwz/Transolver/LINEARNO/monitor/analysis/transolver_monitor_output_20260917_074049/LINEARNO/monitor/output/elasticity/20260916_194317_elasticity_Transolver_train,full,400,400,2,1,0.2577263056
elasticity,/home/hwz/Transolver/LINEARNO/monitor/analysis/transolver_monitor_output_20260917_074049/LINEARNO/monitor/output/elasticity/20260916_194317_elasticity_Transolver_train,full,400,400,2,2,0.9046648922
elasticity,/home/hwz/Transolver/LINEARNO/monitor/analysis/transolver_monitor_output_20260917_074049/LINEARNO/monitor/output/elasticity/20260916_194317_elasticity_Transolver_train,full,400,400,2,3,0.2664130255
elasticity,/home/hwz/Transolver/LINEARNO/monitor/analysis/transolver_monitor_output_20260917_074049/LINEARNO/monitor/output/elasticity/20260916_194317_elasticity_Transolver_train,full,400,400,2,4,0.2179719533
elasticity,/home/hwz/Transolver/LINEARNO/monitor/analysis/transolver_monitor_output_20260917_074049/LINEARNO/monitor/output/elasticity/20260916_194317_elasticity_Transolver_train,full,400,400,2,5,0.1634348764
elasticity,/home/hwz/Transolver/LINEARNO/monitor/analysis/transolver_monitor_output_20260917_074049/LINEARNO/monitor/output/elasticity/20260916_194317_elasticity_Transolver_train,full,400,400,2,6,0.2972622456
elasticity,/home/hwz/Transolver/LINEARNO/monitor/analysis/transolver_monitor_output_20260917_074049/LINEARNO/monitor/output/elasticity/20260916_194317_elasticity_Transolver_train,full,400,400,2,7,0.2577242102
elasticity,/home/hwz/Transolver/LINEARNO/monitor/analysis/transolver_monitor_output_20260917_074049/LINEARNO/monitor/output/elasticity/20260916_194317_elasticity_Transolver_train,full,400,400,2,8,0.2577254163
elasticity,/home/hwz/Transolver/LINEARNO/monitor/analysis/transolver_monitor_output_20260917_074049/LINEARNO/monitor/output/elasticity/20260916_194317_elasticity_Transolver_train,full,400,400,3,1,0.6915910039
elasticity,/home/hwz/Transolver/LINEARNO/monitor/analysis/transolver_monitor_output_20260917_074049/LINEARNO/monitor/output/elasticity/20260916_194317_elasticity_Transolver_train,full,400,400,3,2,0.2664130255
elasticity,/home/hwz/Transolver/LINEARNO/monitor/analysis/transolver_monitor_output_20260917_074049/LINEARNO/monitor/output/elasticity/20260916_194317_elasticity_Transolver_train,full,400,400,3,3,1
elasticity,/home/hwz/Transolver/LINEARNO/monitor/analysis/transolver_monitor_output_20260917_074049/LINEARNO/monitor/output/elasticity/20260916_194317_elasticity_Transolver_train,full,400,400,3,4,0.497062213
elasticity,/home/hwz/Transolver/LINEARNO/monitor/analysis/transolver_monitor_output_20260917_074049/LINEARNO/monitor/output/elasticity/20260916_194317_elasticity_Transolver_train,full,400,400,3,5,0.2530094322
elasticity,/home/hwz/Transolver/LINEARNO/monitor/analysis/transolver_monitor_output_20260917_074049/LINEARNO/monitor/output/elasticity/20260916_194317_elasticity_Transolver_train,full,400,400,3,6,0.5375529984
elasticity,/home/hwz/Transolver/LINEARNO/monitor/analysis/transolver_monitor_output_20260917_074049/LINEARNO/monitor/output/elasticity/20260916_194317_elasticity_Transolver_train,full,400,400,3,7,0.6915867971
elasticity,/home/hwz/Transolver/LINEARNO/monitor/analysis/transolver_monitor_output_20260917_074049/LINEARNO/monitor/output/elasticity/20260916_194317_elasticity_Transolver_train,full,400,400,3,8,0.691588087
elasticity,/home/hwz/Transolver/LINEARNO/monitor/analysis/transolver_monitor_output_20260917_074049/LINEARNO/monitor/output/elasticity/20260916_194317_elasticity_Transolver_train,full,400,400,4,1,0.4666745057
elasticity,/home/hwz/Transolver/LINEARNO/monitor/analysis/transolver_monitor_output_20260917_074049/LINEARNO/monitor/output/elasticity/20260916_194317_elasticity_Transolver_train,full,400,400,4,2,0.2179719533
elasticity,/home/hwz/Transolver/LINEARNO/monitor/analysis/transolver_monitor_output_20260917_074049/LINEARNO/monitor/output/elasticity/20260916_194317_elasticity_Transolver_train,full,400,400,4,3,0.497062213
elasticity,/home/hwz/Transolver/LINEARNO/monitor/analysis/transolver_monitor_output_20260917_074049/LINEARNO/monitor/output/elasticity/20260916_194317_elasticity_Transolver_train,full,400,400,4,4,1
elasticity,/home/hwz/Transolver/LINEARNO/monitor/analysis/transolver_monitor_output_20260917_074049/LINEARNO/monitor/output/elasticity/20260916_194317_elasticity_Transolver_train,full,400,400,4,5,0.2332111583
elasticity,/home/hwz/Transolver/LINEARNO/monitor/analysis/transolver_monitor_output_20260917_074049/LINEARNO/monitor/output/elasticity/20260916_194317_elasticity_Transolver_train,full,400,400,4,6,0.418342358
elasticity,/home/hwz/Transolver/LINEARNO/monitor/analysis/transolver_monitor_output_20260917_074049/LINEARNO/monitor/output/elasticity/20260916_194317_elasticity_Transolver_train,full,400,400,4,7,0.4666721355
elasticity,/home/hwz/Transolver/LINEARNO/monitor/analysis/transolver_monitor_output_20260917_074049/LINEARNO/monitor/output/elasticity/20260916_194317_elasticity_Transolver_train,full,400,400,4,8,0.466674705
elasticity,/home/hwz/Transolver/LINEARNO/monitor/analysis/transolver_monitor_output_20260917_074049/LINEARNO/monitor/output/elasticity/20260916_194317_elasticity_Transolver_train,full,400,400,5,1,0.2308047118
elasticity,/home/hwz/Transolver/LINEARNO/monitor/analysis/transolver_monitor_output_20260917_074049/LINEARNO/monitor/output/elasticity/20260916_194317_elasticity_Transolver_train,full,400,400,5,2,0.1634348764
elasticity,/home/hwz/Transolver/LINEARNO/monitor/analysis/transolver_monitor_output_20260917_074049/LINEARNO/monitor/output/elasticity/20260916_194317_elasticity_Transolver_train,full,400,400,5,3,0.2530094322
elasticity,/home/hwz/Transolver/LINEARNO/monitor/analysis/transolver_monitor_output_20260917_074049/LINEARNO/monitor/output/elasticity/20260916_194317_elasticity_Transolver_train,full,400,400,5,4,0.2332111583
elasticity,/home/hwz/Transolver/LINEARNO/monitor/analysis/transolver_monitor_output_20260917_074049/LINEARNO/monitor/output/elasticity/20260916_194317_elasticity_Transolver_train,full,400,400,5,5,1
elasticity,/home/hwz/Transolver/LINEARNO/monitor/analysis/transolver_monitor_output_20260917_074049/LINEARNO/monitor/output/elasticity/20260916_194317_elasticity_Transolver_train,full,400,400,5,6,0.3642829536
elasticity,/home/hwz/Transolver/LINEARNO/monitor/analysis/transolver_monitor_output_20260917_074049/LINEARNO/monitor/output/elasticity/20260916_194317_elasticity_Transolver_train,full,400,400,5,7,0.2307943562
elasticity,/home/hwz/Transolver/LINEARNO/monitor/analysis/transolver_monitor_output_20260917_074049/LINEARNO/monitor/output/elasticity/20260916_194317_elasticity_Transolver_train,full,400,400,5,8,0.2307983059
elasticity,/home/hwz/Transolver/LINEARNO/monitor/analysis/transolver_monitor_output_20260917_074049/LINEARNO/monitor/output/elasticity/20260916_194317_elasticity_Transolver_train,full,400,400,6,1,0.6504349727
elasticity,/home/hwz/Transolver/LINEARNO/monitor/analysis/transolver_monitor_output_20260917_074049/LINEARNO/monitor/output/elasticity/20260916_194317_elasticity_Transolver_train,full,400,400,6,2,0.2972622456
elasticity,/home/hwz/Transolver/LINEARNO/monitor/analysis/transolver_monitor_output_20260917_074049/LINEARNO/monitor/output/elasticity/20260916_194317_elasticity_Transolver_train,full,400,400,6,3,0.5375529984
elasticity,/home/hwz/Transolver/LINEARNO/monitor/analysis/transolver_monitor_output_20260917_074049/LINEARNO/monitor/output/elasticity/20260916_194317_elasticity_Transolver_train,full,400,400,6,4,0.418342358
elasticity,/home/hwz/Transolver/LINEARNO/monitor/analysis/transolver_monitor_output_20260917_074049/LINEARNO/monitor/output/elasticity/20260916_194317_elasticity_Transolver_train,full,400,400,6,5,0.3642829536
elasticity,/home/hwz/Transolver/LINEARNO/monitor/analysis/transolver_monitor_output_20260917_074049/LINEARNO/monitor/output/elasticity/20260916_194317_elasticity_Transolver_train,full,400,400,6,6,1
elasticity,/home/hwz/Transolver/LINEARNO/monitor/analysis/transolver_monitor_output_20260917_074049/LINEARNO/monitor/output/elasticity/20260916_194317_elasticity_Transolver_train,full,400,400,6,7,0.6504262071
elasticity,/home/hwz/Transolver/LINEARNO/monitor/analysis/transolver_monitor_output_20260917_074049/LINEARNO/monitor/output/elasticity/20260916_194317_elasticity_Transolver_train,full,400,400,6,8,0.6504294379
elasticity,/home/hwz/Transolver/LINEARNO/monitor/analysis/transolver_monitor_output_20260917_074049/LINEARNO/monitor/output/elasticity/20260916_194317_elasticity_Transolver_train,full,400,400,7,1,1
elasticity,/home/hwz/Transolver/LINEARNO/monitor/analysis/transolver_monitor_output_20260917_074049/LINEARNO/monitor/output/elasticity/20260916_194317_elasticity_Transolver_train,full,400,400,7,2,0.2577242102
elasticity,/home/hwz/Transolver/LINEARNO/monitor/analysis/transolver_monitor_output_20260917_074049/LINEARNO/monitor/output/elasticity/20260916_194317_elasticity_Transolver_train,full,400,400,7,3,0.6915867971
elasticity,/home/hwz/Transolver/LINEARNO/monitor/analysis/transolver_monitor_output_20260917_074049/LINEARNO/monitor/output/elasticity/20260916_194317_elasticity_Transolver_train,full,400,400,7,4,0.4666721355
elasticity,/home/hwz/Transolver/LINEARNO/monitor/analysis/transolver_monitor_output_20260917_074049/LINEARNO/monitor/output/elasticity/20260916_194317_elasticity_Transolver_train,full,400,400,7,5,0.2307943562
elasticity,/home/hwz/Transolver/LINEARNO/monitor/analysis/transolver_monitor_output_20260917_074049/LINEARNO/monitor/output/elasticity/20260916_194317_elasticity_Transolver_train,full,400,400,7,6,0.6504262071
elasticity,/home/hwz/Transolver/LINEARNO/monitor/analysis/transolver_monitor_output_20260917_074049/LINEARNO/monitor/output/elasticity/20260916_194317_elasticity_Transolver_train,full,400,400,7,7,1
elasticity,/home/hwz/Transolver/LINEARNO/monitor/analysis/transolver_monitor_output_20260917_074049/LINEARNO/monitor/output/elasticity/20260916_194317_elasticity_Transolver_train,full,400,400,7,8,1
elasticity,/home/hwz/Transolver/LINEARNO/monitor/analysis/transolver_monitor_output_20260917_074049/LINEARNO/monitor/output/elasticity/20260916_194317_elasticity_Transolver_train,full,400,400,8,1,1
elasticity,/home/hwz/Transolver/LINEARNO/monitor/analysis/transolver_monitor_output_20260917_074049/LINEARNO/monitor/output/elasticity/20260916_194317_elasticity_Transolver_train,full,400,400,8,2,0.2577254163
elasticity,/home/hwz/Transolver/LINEARNO/monitor/analysis/transolver_monitor_output_20260917_074049/LINEARNO/monitor/output/elasticity/20260916_194317_elasticity_Transolver_train,full,400,400,8,3,0.691588087
elasticity,/home/hwz/Transolver/LINEARNO/monitor/analysis/transolver_monitor_output_20260917_074049/LINEARNO/monitor/output/elasticity/20260916_194317_elasticity_Transolver_train,full,400,400,8,4,0.466674705
elasticity,/home/hwz/Transolver/LINEARNO/monitor/analysis/transolver_monitor_output_20260917_074049/LINEARNO/monitor/output/elasticity/20260916_194317_elasticity_Transolver_train,full,400,400,8,5,0.2307983059
elasticity,/home/hwz/Transolver/LINEARNO/monitor/analysis/transolver_monitor_output_20260917_074049/LINEARNO/monitor/output/elasticity/20260916_194317_elasticity_Transolver_train,full,400,400,8,6,0.6504294379
elasticity,/home/hwz/Transolver/LINEARNO/monitor/analysis/transolver_monitor_output_20260917_074049/LINEARNO/monitor/output/elasticity/20260916_194317_elasticity_Transolver_train,full,400,400,8,7,1
elasticity,/home/hwz/Transolver/LINEARNO/monitor/analysis/transolver_monitor_output_20260917_074049/LINEARNO/monitor/output/elasticity/20260916_194317_elasticity_Transolver_train,full,400,400,8,8,1
elasticity,/home/hwz/Transolver/LINEARNO/monitor/analysis/transolver_monitor_output_20260917_074049/LINEARNO/monitor/output/elasticity/20260916_194317_elasticity_Transolver_train,full,500,500,1,1,1
elasticity,/home/hwz/Transolver/LINEARNO/monitor/analysis/transolver_monitor_output_20260917_074049/LINEARNO/monitor/output/elasticity/20260916_194317_elasticity_Transolver_train,full,500,500,1,2,0.3028490505
elasticity,/home/hwz/Transolver/LINEARNO/monitor/analysis/transolver_monitor_output_20260917_074049/LINEARNO/monitor/output/elasticity/20260916_194317_elasticity_Transolver_train,full,500,500,1,3,0.6873860657
elasticity,/home/hwz/Transolver/LINEARNO/monitor/analysis/transolver_monitor_output_20260917_074049/LINEARNO/monitor/output/elasticity/20260916_194317_elasticity_Transolver_train,full,500,500,1,4,0.4650147855
elasticity,/home/hwz/Transolver/LINEARNO/monitor/analysis/transolver_monitor_output_20260917_074049/LINEARNO/monitor/output/elasticity/20260916_194317_elasticity_Transolver_train,full,500,500,1,5,0.2329621776
elasticity,/home/hwz/Transolver/LINEARNO/monitor/analysis/transolver_monitor_output_20260917_074049/LINEARNO/monitor/output/elasticity/20260916_194317_elasticity_Transolver_train,full,500,500,1,6,0.6523017939
elasticity,/home/hwz/Transolver/LINEARNO/monitor/analysis/transolver_monitor_output_20260917_074049/LINEARNO/monitor/output/elasticity/20260916_194317_elasticity_Transolver_train,full,500,500,1,7,1
elasticity,/home/hwz/Transolver/LINEARNO/monitor/analysis/transolver_monitor_output_20260917_074049/LINEARNO/monitor/output/elasticity/20260916_194317_elasticity_Transolver_train,full,500,500,1,8,1
elasticity,/home/hwz/Transolver/LINEARNO/monitor/analysis/transolver_monitor_output_20260917_074049/LINEARNO/monitor/output/elasticity/20260916_194317_elasticity_Transolver_train,full,500,500,2,1,0.3028490505
elasticity,/home/hwz/Transolver/LINEARNO/monitor/analysis/transolver_monitor_output_20260917_074049/LINEARNO/monitor/output/elasticity/20260916_194317_elasticity_Transolver_train,full,500,500,2,2,0.8757593944
elasticity,/home/hwz/Transolver/LINEARNO/monitor/analysis/transolver_monitor_output_20260917_074049/LINEARNO/monitor/output/elasticity/20260916_194317_elasticity_Transolver_train,full,500,500,2,3,0.3085776422
elasticity,/home/hwz/Transolver/LINEARNO/monitor/analysis/transolver_monitor_output_20260917_074049/LINEARNO/monitor/output/elasticity/20260916_194317_elasticity_Transolver_train,full,500,500,2,4,0.2583299532
elasticity,/home/hwz/Transolver/LINEARNO/monitor/analysis/transolver_monitor_output_20260917_074049/LINEARNO/monitor/output/elasticity/20260916_194317_elasticity_Transolver_train,full,500,500,2,5,0.1854907992
elasticity,/home/hwz/Transolver/LINEARNO/monitor/analysis/transolver_monitor_output_20260917_074049/LINEARNO/monitor/output/elasticity/20260916_194317_elasticity_Transolver_train,full,500,500,2,6,0.3274869
elasticity,/home/hwz/Transolver/LINEARNO/monitor/analysis/transolver_monitor_output_20260917_074049/LINEARNO/monitor/output/elasticity/20260916_194317_elasticity_Transolver_train,full,500,500,2,7,0.30284646
elasticity,/home/hwz/Transolver/LINEARNO/monitor/analysis/transolver_monitor_output_20260917_074049/LINEARNO/monitor/output/elasticity/20260916_194317_elasticity_Transolver_train,full,500,500,2,8,0.3028452897
elasticity,/home/hwz/Transolver/LINEARNO/monitor/analysis/transolver_monitor_output_20260917_074049/LINEARNO/monitor/output/elasticity/20260916_194317_elasticity_Transolver_train,full,500,500,3,1,0.6873860657
elasticity,/home/hwz/Transolver/LINEARNO/monitor/analysis/transolver_monitor_output_20260917_074049/LINEARNO/monitor/output/elasticity/20260916_194317_elasticity_Transolver_train,full,500,500,3,2,0.3085776422
elasticity,/home/hwz/Transolver/LINEARNO/monitor/analysis/transolver_monitor_output_20260917_074049/LINEARNO/monitor/output/elasticity/20260916_194317_elasticity_Transolver_train,full,500,500,3,3,1
elasticity,/home/hwz/Transolver/LINEARNO/monitor/analysis/transolver_monitor_output_20260917_074049/LINEARNO/monitor/output/elasticity/20260916_194317_elasticity_Transolver_train,full,500,500,3,4,0.4968783997
elasticity,/home/hwz/Transolver/LINEARNO/monitor/analysis/transolver_monitor_output_20260917_074049/LINEARNO/monitor/output/elasticity/20260916_194317_elasticity_Transolver_train,full,500,500,3,5,0.2533253701
elasticity,/home/hwz/Transolver/LINEARNO/monitor/analysis/transolver_monitor_output_20260917_074049/LINEARNO/monitor/output/elasticity/20260916_194317_elasticity_Transolver_train,full,500,500,3,6,0.5368629261
elasticity,/home/hwz/Transolver/LINEARNO/monitor/analysis/transolver_monitor_output_20260917_074049/LINEARNO/monitor/output/elasticity/20260916_194317_elasticity_Transolver_train,full,500,500,3,7,0.6873799786
elasticity,/home/hwz/Transolver/LINEARNO/monitor/analysis/transolver_monitor_output_20260917_074049/LINEARNO/monitor/output/elasticity/20260916_194317_elasticity_Transolver_train,full,500,500,3,8,0.6873794161
elasticity,/home/hwz/Transolver/LINEARNO/monitor/analysis/transolver_monitor_output_20260917_074049/LINEARNO/monitor/output/elasticity/20260916_194317_elasticity_Transolver_train,full,500,500,4,1,0.4650147855
elasticity,/home/hwz/Transolver/LINEARNO/monitor/analysis/transolver_monitor_output_20260917_074049/LINEARNO/monitor/output/elasticity/20260916_194317_elasticity_Transolver_train,full,500,500,4,2,0.2583299532
elasticity,/home/hwz/Transolver/LINEARNO/monitor/analysis/transolver_monitor_output_20260917_074049/LINEARNO/monitor/output/elasticity/20260916_194317_elasticity_Transolver_train,full,500,500,4,3,0.4968783997
elasticity,/home/hwz/Transolver/LINEARNO/monitor/analysis/transolver_monitor_output_20260917_074049/LINEARNO/monitor/output/elasticity/20260916_194317_elasticity_Transolver_train,full,500,500,4,4,1
elasticity,/home/hwz/Transolver/LINEARNO/monitor/analysis/transolver_monitor_output_20260917_074049/LINEARNO/monitor/output/elasticity/20260916_194317_elasticity_Transolver_train,full,500,500,4,5,0.2364031613
elasticity,/home/hwz/Transolver/LINEARNO/monitor/analysis/transolver_monitor_output_20260917_074049/LINEARNO/monitor/output/elasticity/20260916_194317_elasticity_Transolver_train,full,500,500,4,6,0.4176823222
elasticity,/home/hwz/Transolver/LINEARNO/monitor/analysis/transolver_monitor_output_20260917_074049/LINEARNO/monitor/output/elasticity/20260916_194317_elasticity_Transolver_train,full,500,500,4,7,0.4650106179
elasticity,/home/hwz/Transolver/LINEARNO/monitor/analysis/transolver_monitor_output_20260917_074049/LINEARNO/monitor/output/elasticity/20260916_194317_elasticity_Transolver_train,full,500,500,4,8,0.465009525
elasticity,/home/hwz/Transolver/LINEARNO/monitor/analysis/transolver_monitor_output_20260917_074049/LINEARNO/monitor/output/elasticity/20260916_194317_elasticity_Transolver_train,full,500,500,5,1,0.2329621776
elasticity,/home/hwz/Transolver/LINEARNO/monitor/analysis/transolver_monitor_output_20260917_074049/LINEARNO/monitor/output/elasticity/20260916_194317_elasticity_Transolver_train,full,500,500,5,2,0.1854907992
elasticity,/home/hwz/Transolver/LINEARNO/monitor/analysis/transolver_monitor_output_20260917_074049/LINEARNO/monitor/output/elasticity/20260916_194317_elasticity_Transolver_train,full,500,500,5,3,0.2533253701
elasticity,/home/hwz/Transolver/LINEARNO/monitor/analysis/transolver_monitor_output_20260917_074049/LINEARNO/monitor/output/elasticity/20260916_194317_elasticity_Transolver_train,full,500,500,5,4,0.2364031613
elasticity,/home/hwz/Transolver/LINEARNO/monitor/analysis/transolver_monitor_output_20260917_074049/LINEARNO/monitor/output/elasticity/20260916_194317_elasticity_Transolver_train,full,500,500,5,5,1
elasticity,/home/hwz/Transolver/LINEARNO/monitor/analysis/transolver_monitor_output_20260917_074049/LINEARNO/monitor/output/elasticity/20260916_194317_elasticity_Transolver_train,full,500,500,5,6,0.3678551763
elasticity,/home/hwz/Transolver/LINEARNO/monitor/analysis/transolver_monitor_output_20260917_074049/LINEARNO/monitor/output/elasticity/20260916_194317_elasticity_Transolver_train,full,500,500,5,7,0.2329550886
elasticity,/home/hwz/Transolver/LINEARNO/monitor/analysis/transolver_monitor_output_20260917_074049/LINEARNO/monitor/output/elasticity/20260916_194317_elasticity_Transolver_train,full,500,500,5,8,0.2329568954
elasticity,/home/hwz/Transolver/LINEARNO/monitor/analysis/transolver_monitor_output_20260917_074049/LINEARNO/monitor/output/elasticity/20260916_194317_elasticity_Transolver_train,full,500,500,6,1,0.6523017939
elasticity,/home/hwz/Transolver/LINEARNO/monitor/analysis/transolver_monitor_output_20260917_074049/LINEARNO/monitor/output/elasticity/20260916_194317_elasticity_Transolver_train,full,500,500,6,2,0.3274869
elasticity,/home/hwz/Transolver/LINEARNO/monitor/analysis/transolver_monitor_output_20260917_074049/LINEARNO/monitor/output/elasticity/20260916_194317_elasticity_Transolver_train,full,500,500,6,3,0.5368629261
elasticity,/home/hwz/Transolver/LINEARNO/monitor/analysis/transolver_monitor_output_20260917_074049/LINEARNO/monitor/output/elasticity/20260916_194317_elasticity_Transolver_train,full,500,500,6,4,0.4176823222
elasticity,/home/hwz/Transolver/LINEARNO/monitor/analysis/transolver_monitor_output_20260917_074049/LINEARNO/monitor/output/elasticity/20260916_194317_elasticity_Transolver_train,full,500,500,6,5,0.3678551763
elasticity,/home/hwz/Transolver/LINEARNO/monitor/analysis/transolver_monitor_output_20260917_074049/LINEARNO/monitor/output/elasticity/20260916_194317_elasticity_Transolver_train,full,500,500,6,6,1
elasticity,/home/hwz/Transolver/LINEARNO/monitor/analysis/transolver_monitor_output_20260917_074049/LINEARNO/monitor/output/elasticity/20260916_194317_elasticity_Transolver_train,full,500,500,6,7,0.6522955336
elasticity,/home/hwz/Transolver/LINEARNO/monitor/analysis/transolver_monitor_output_20260917_074049/LINEARNO/monitor/output/elasticity/20260916_194317_elasticity_Transolver_train,full,500,500,6,8,0.6522963634
elasticity,/home/hwz/Transolver/LINEARNO/monitor/analysis/transolver_monitor_output_20260917_074049/LINEARNO/monitor/output/elasticity/20260916_194317_elasticity_Transolver_train,full,500,500,7,1,1
elasticity,/home/hwz/Transolver/LINEARNO/monitor/analysis/transolver_monitor_output_20260917_074049/LINEARNO/monitor/output/elasticity/20260916_194317_elasticity_Transolver_train,full,500,500,7,2,0.30284646
elasticity,/home/hwz/Transolver/LINEARNO/monitor/analysis/transolver_monitor_output_20260917_074049/LINEARNO/monitor/output/elasticity/20260916_194317_elasticity_Transolver_train,full,500,500,7,3,0.6873799786
elasticity,/home/hwz/Transolver/LINEARNO/monitor/analysis/transolver_monitor_output_20260917_074049/LINEARNO/monitor/output/elasticity/20260916_194317_elasticity_Transolver_train,full,500,500,7,4,0.4650106179
elasticity,/home/hwz/Transolver/LINEARNO/monitor/analysis/transolver_monitor_output_20260917_074049/LINEARNO/monitor/output/elasticity/20260916_194317_elasticity_Transolver_train,full,500,500,7,5,0.2329550886
elasticity,/home/hwz/Transolver/LINEARNO/monitor/analysis/transolver_monitor_output_20260917_074049/LINEARNO/monitor/output/elasticity/20260916_194317_elasticity_Transolver_train,full,500,500,7,6,0.6522955336
elasticity,/home/hwz/Transolver/LINEARNO/monitor/analysis/transolver_monitor_output_20260917_074049/LINEARNO/monitor/output/elasticity/20260916_194317_elasticity_Transolver_train,full,500,500,7,7,1
elasticity,/home/hwz/Transolver/LINEARNO/monitor/analysis/transolver_monitor_output_20260917_074049/LINEARNO/monitor/output/elasticity/20260916_194317_elasticity_Transolver_train,full,500,500,7,8,1
elasticity,/home/hwz/Transolver/LINEARNO/monitor/analysis/transolver_monitor_output_20260917_074049/LINEARNO/monitor/output/elasticity/20260916_194317_elasticity_Transolver_train,full,500,500,8,1,1
elasticity,/home/hwz/Transolver/LINEARNO/monitor/analysis/transolver_monitor_output_20260917_074049/LINEARNO/monitor/output/elasticity/20260916_194317_elasticity_Transolver_train,full,500,500,8,2,0.3028452897
elasticity,/home/hwz/Transolver/LINEARNO/monitor/analysis/transolver_monitor_output_20260917_074049/LINEARNO/monitor/output/elasticity/20260916_194317_elasticity_Transolver_train,full,500,500,8,3,0.6873794161
elasticity,/home/hwz/Transolver/LINEARNO/monitor/analysis/transolver_monitor_output_20260917_074049/LINEARNO/monitor/output/elasticity/20260916_194317_elasticity_Transolver_train,full,500,500,8,4,0.465009525
elasticity,/home/hwz/Transolver/LINEARNO/monitor/analysis/transolver_monitor_output_20260917_074049/LINEARNO/monitor/output/elasticity/20260916_194317_elasticity_Transolver_train,full,500,500,8,5,0.2329568954
elasticity,/home/hwz/Transolver/LINEARNO/monitor/analysis/transolver_monitor_output_20260917_074049/LINEARNO/monitor/output/elasticity/20260916_194317_elasticity_Transolver_train,full,500,500,8,6,0.6522963634
elasticity,/home/hwz/Transolver/LINEARNO/monitor/analysis/transolver_monitor_output_20260917_074049/LINEARNO/monitor/output/elasticity/20260916_194317_elasticity_Transolver_train,full,500,500,8,7,1
elasticity,/home/hwz/Transolver/LINEARNO/monitor/analysis/transolver_monitor_output_20260917_074049/LINEARNO/monitor/output/elasticity/20260916_194317_elasticity_Transolver_train,full,500,500,8,8,1
pipe,/home/hwz/Transolver/LINEARNO/monitor/analysis/transolver_monitor_output_20260917_074049/LINEARNO/monitor/output/pipe/20260916_194330_pipe_Transolver_train,full,1,1,1,1,1
pipe,/home/hwz/Transolver/LINEARNO/monitor/analysis/transolver_monitor_output_20260917_074049/LINEARNO/monitor/output/pipe/20260916_194330_pipe_Transolver_train,full,1,1,1,2,0.9999056421
pipe,/home/hwz/Transolver/LINEARNO/monitor/analysis/transolver_monitor_output_20260917_074049/LINEARNO/monitor/output/pipe/20260916_194330_pipe_Transolver_train,full,1,1,1,3,0.9999549203
pipe,/home/hwz/Transolver/LINEARNO/monitor/analysis/transolver_monitor_output_20260917_074049/LINEARNO/monitor/output/pipe/20260916_194330_pipe_Transolver_train,full,1,1,1,4,0.9999178648
pipe,/home/hwz/Transolver/LINEARNO/monitor/analysis/transolver_monitor_output_20260917_074049/LINEARNO/monitor/output/pipe/20260916_194330_pipe_Transolver_train,full,1,1,1,5,0.999901168
pipe,/home/hwz/Transolver/LINEARNO/monitor/analysis/transolver_monitor_output_20260917_074049/LINEARNO/monitor/output/pipe/20260916_194330_pipe_Transolver_train,full,1,1,1,6,0.9999028519
pipe,/home/hwz/Transolver/LINEARNO/monitor/analysis/transolver_monitor_output_20260917_074049/LINEARNO/monitor/output/pipe/20260916_194330_pipe_Transolver_train,full,1,1,1,7,0.9998915531
pipe,/home/hwz/Transolver/LINEARNO/monitor/analysis/transolver_monitor_output_20260917_074049/LINEARNO/monitor/output/pipe/20260916_194330_pipe_Transolver_train,full,1,1,1,8,0.9998964462
pipe,/home/hwz/Transolver/LINEARNO/monitor/analysis/transolver_monitor_output_20260917_074049/LINEARNO/monitor/output/pipe/20260916_194330_pipe_Transolver_train,full,1,1,2,1,0.9999056421
pipe,/home/hwz/Transolver/LINEARNO/monitor/analysis/transolver_monitor_output_20260917_074049/LINEARNO/monitor/output/pipe/20260916_194330_pipe_Transolver_train,full,1,1,2,2,1
pipe,/home/hwz/Transolver/LINEARNO/monitor/analysis/transolver_monitor_output_20260917_074049/LINEARNO/monitor/output/pipe/20260916_194330_pipe_Transolver_train,full,1,1,2,3,0.9999956805
pipe,/home/hwz/Transolver/LINEARNO/monitor/analysis/transolver_monitor_output_20260917_074049/LINEARNO/monitor/output/pipe/20260916_194330_pipe_Transolver_train,full,1,1,2,4,0.9999952316
pipe,/home/hwz/Transolver/LINEARNO/monitor/analysis/transolver_monitor_output_20260917_074049/LINEARNO/monitor/output/pipe/20260916_194330_pipe_Transolver_train,full,1,1,2,5,0.999996582
pipe,/home/hwz/Transolver/LINEARNO/monitor/analysis/transolver_monitor_output_20260917_074049/LINEARNO/monitor/output/pipe/20260916_194330_pipe_Transolver_train,full,1,1,2,6,1
pipe,/home/hwz/Transolver/LINEARNO/monitor/analysis/transolver_monitor_output_20260917_074049/LINEARNO/monitor/output/pipe/20260916_194330_pipe_Transolver_train,full,1,1,2,7,1
pipe,/home/hwz/Transolver/LINEARNO/monitor/analysis/transolver_monitor_output_20260917_074049/LINEARNO/monitor/output/pipe/20260916_194330_pipe_Transolver_train,full,1,1,2,8,0.999999674
pipe,/home/hwz/Transolver/LINEARNO/monitor/analysis/transolver_monitor_output_20260917_074049/LINEARNO/monitor/output/pipe/20260916_194330_pipe_Transolver_train,full,1,1,3,1,0.9999549203
pipe,/home/hwz/Transolver/LINEARNO/monitor/analysis/transolver_monitor_output_20260917_074049/LINEARNO/monitor/output/pipe/20260916_194330_pipe_Transolver_train,full,1,1,3,2,0.9999956805
pipe,/home/hwz/Transolver/LINEARNO/monitor/analysis/transolver_monitor_output_20260917_074049/LINEARNO/monitor/output/pipe/20260916_194330_pipe_Transolver_train,full,1,1,3,3,1
pipe,/home/hwz/Transolver/LINEARNO/monitor/analysis/transolver_monitor_output_20260917_074049/LINEARNO/monitor/output/pipe/20260916_194330_pipe_Transolver_train,full,1,1,3,4,0.9999951739
pipe,/home/hwz/Transolver/LINEARNO/monitor/analysis/transolver_monitor_output_20260917_074049/LINEARNO/monitor/output/pipe/20260916_194330_pipe_Transolver_train,full,1,1,3,5,0.9999916647
pipe,/home/hwz/Transolver/LINEARNO/monitor/analysis/transolver_monitor_output_20260917_074049/LINEARNO/monitor/output/pipe/20260916_194330_pipe_Transolver_train,full,1,1,3,6,0.9999975245
pipe,/home/hwz/Transolver/LINEARNO/monitor/analysis/transolver_monitor_output_20260917_074049/LINEARNO/monitor/output/pipe/20260916_194330_pipe_Transolver_train,full,1,1,3,7,0.999993952
pipe,/home/hwz/Transolver/LINEARNO/monitor/analysis/transolver_monitor_output_20260917_074049/LINEARNO/monitor/output/pipe/20260916_194330_pipe_Transolver_train,full,1,1,3,8,0.9999911953
pipe,/home/hwz/Transolver/LINEARNO/monitor/analysis/transolver_monitor_output_20260917_074049/LINEARNO/monitor/output/pipe/20260916_194330_pipe_Transolver_train,full,1,1,4,1,0.9999178648
pipe,/home/hwz/Transolver/LINEARNO/monitor/analysis/transolver_monitor_output_20260917_074049/LINEARNO/monitor/output/pipe/20260916_194330_pipe_Transolver_train,full,1,1,4,2,0.9999952316
pipe,/home/hwz/Transolver/LINEARNO/monitor/analysis/transolver_monitor_output_20260917_074049/LINEARNO/monitor/output/pipe/20260916_194330_pipe_Transolver_train,full,1,1,4,3,0.9999951739
pipe,/home/hwz/Transolver/LINEARNO/monitor/analysis/transolver_monitor_output_20260917_074049/LINEARNO/monitor/output/pipe/20260916_194330_pipe_Transolver_train,full,1,1,4,4,1
pipe,/home/hwz/Transolver/LINEARNO/monitor/analysis/transolver_monitor_output_20260917_074049/LINEARNO/monitor/output/pipe/20260916_194330_pipe_Transolver_train,full,1,1,4,5,0.999999905
pipe,/home/hwz/Transolver/LINEARNO/monitor/analysis/transolver_monitor_output_20260917_074049/LINEARNO/monitor/output/pipe/20260916_194330_pipe_Transolver_train,full,1,1,4,6,0.9999989141
pipe,/home/hwz/Transolver/LINEARNO/monitor/analysis/transolver_monitor_output_20260917_074049/LINEARNO/monitor/output/pipe/20260916_194330_pipe_Transolver_train,full,1,1,4,7,0.9999952484
pipe,/home/hwz/Transolver/LINEARNO/monitor/analysis/transolver_monitor_output_20260917_074049/LINEARNO/monitor/output/pipe/20260916_194330_pipe_Transolver_train,full,1,1,4,8,0.9999999925
pipe,/home/hwz/Transolver/LINEARNO/monitor/analysis/transolver_monitor_output_20260917_074049/LINEARNO/monitor/output/pipe/20260916_194330_pipe_Transolver_train,full,1,1,5,1,0.999901168
pipe,/home/hwz/Transolver/LINEARNO/monitor/analysis/transolver_monitor_output_20260917_074049/LINEARNO/monitor/output/pipe/20260916_194330_pipe_Transolver_train,full,1,1,5,2,0.999996582
pipe,/home/hwz/Transolver/LINEARNO/monitor/analysis/transolver_monitor_output_20260917_074049/LINEARNO/monitor/output/pipe/20260916_194330_pipe_Transolver_train,full,1,1,5,3,0.9999916647
pipe,/home/hwz/Transolver/LINEARNO/monitor/analysis/transolver_monitor_output_20260917_074049/LINEARNO/monitor/output/pipe/20260916_194330_pipe_Transolver_train,full,1,1,5,4,0.999999905
pipe,/home/hwz/Transolver/LINEARNO/monitor/analysis/transolver_monitor_output_20260917_074049/LINEARNO/monitor/output/pipe/20260916_194330_pipe_Transolver_train,full,1,1,5,5,1
pipe,/home/hwz/Transolver/LINEARNO/monitor/analysis/transolver_monitor_output_20260917_074049/LINEARNO/monitor/output/pipe/20260916_194330_pipe_Transolver_train,full,1,1,5,6,0.9999985527
pipe,/home/hwz/Transolver/LINEARNO/monitor/analysis/transolver_monitor_output_20260917_074049/LINEARNO/monitor/output/pipe/20260916_194330_pipe_Transolver_train,full,1,1,5,7,0.9999938048
pipe,/home/hwz/Transolver/LINEARNO/monitor/analysis/transolver_monitor_output_20260917_074049/LINEARNO/monitor/output/pipe/20260916_194330_pipe_Transolver_train,full,1,1,5,8,1
pipe,/home/hwz/Transolver/LINEARNO/monitor/analysis/transolver_monitor_output_20260917_074049/LINEARNO/monitor/output/pipe/20260916_194330_pipe_Transolver_train,full,1,1,6,1,0.9999028519
pipe,/home/hwz/Transolver/LINEARNO/monitor/analysis/transolver_monitor_output_20260917_074049/LINEARNO/monitor/output/pipe/20260916_194330_pipe_Transolver_train,full,1,1,6,2,1
pipe,/home/hwz/Transolver/LINEARNO/monitor/analysis/transolver_monitor_output_20260917_074049/LINEARNO/monitor/output/pipe/20260916_194330_pipe_Transolver_train,full,1,1,6,3,0.9999975245
pipe,/home/hwz/Transolver/LINEARNO/monitor/analysis/transolver_monitor_output_20260917_074049/LINEARNO/monitor/output/pipe/20260916_194330_pipe_Transolver_train,full,1,1,6,4,0.9999989141
pipe,/home/hwz/Transolver/LINEARNO/monitor/analysis/transolver_monitor_output_20260917_074049/LINEARNO/monitor/output/pipe/20260916_194330_pipe_Transolver_train,full,1,1,6,5,0.9999985527
pipe,/home/hwz/Transolver/LINEARNO/monitor/analysis/transolver_monitor_output_20260917_074049/LINEARNO/monitor/output/pipe/20260916_194330_pipe_Transolver_train,full,1,1,6,6,1
pipe,/home/hwz/Transolver/LINEARNO/monitor/analysis/transolver_monitor_output_20260917_074049/LINEARNO/monitor/output/pipe/20260916_194330_pipe_Transolver_train,full,1,1,6,7,1
pipe,/home/hwz/Transolver/LINEARNO/monitor/analysis/transolver_monitor_output_20260917_074049/LINEARNO/monitor/output/pipe/20260916_194330_pipe_Transolver_train,full,1,1,6,8,1
pipe,/home/hwz/Transolver/LINEARNO/monitor/analysis/transolver_monitor_output_20260917_074049/LINEARNO/monitor/output/pipe/20260916_194330_pipe_Transolver_train,full,1,1,7,1,0.9998915531
pipe,/home/hwz/Transolver/LINEARNO/monitor/analysis/transolver_monitor_output_20260917_074049/LINEARNO/monitor/output/pipe/20260916_194330_pipe_Transolver_train,full,1,1,7,2,1
pipe,/home/hwz/Transolver/LINEARNO/monitor/analysis/transolver_monitor_output_20260917_074049/LINEARNO/monitor/output/pipe/20260916_194330_pipe_Transolver_train,full,1,1,7,3,0.999993952
pipe,/home/hwz/Transolver/LINEARNO/monitor/analysis/transolver_monitor_output_20260917_074049/LINEARNO/monitor/output/pipe/20260916_194330_pipe_Transolver_train,full,1,1,7,4,0.9999952484
pipe,/home/hwz/Transolver/LINEARNO/monitor/analysis/transolver_monitor_output_20260917_074049/LINEARNO/monitor/output/pipe/20260916_194330_pipe_Transolver_train,full,1,1,7,5,0.9999938048
pipe,/home/hwz/Transolver/LINEARNO/monitor/analysis/transolver_monitor_output_20260917_074049/LINEARNO/monitor/output/pipe/20260916_194330_pipe_Transolver_train,full,1,1,7,6,1
pipe,/home/hwz/Transolver/LINEARNO/monitor/analysis/transolver_monitor_output_20260917_074049/LINEARNO/monitor/output/pipe/20260916_194330_pipe_Transolver_train,full,1,1,7,7,1
pipe,/home/hwz/Transolver/LINEARNO/monitor/analysis/transolver_monitor_output_20260917_074049/LINEARNO/monitor/output/pipe/20260916_194330_pipe_Transolver_train,full,1,1,7,8,1
pipe,/home/hwz/Transolver/LINEARNO/monitor/analysis/transolver_monitor_output_20260917_074049/LINEARNO/monitor/output/pipe/20260916_194330_pipe_Transolver_train,full,1,1,8,1,0.9998964462
pipe,/home/hwz/Transolver/LINEARNO/monitor/analysis/transolver_monitor_output_20260917_074049/LINEARNO/monitor/output/pipe/20260916_194330_pipe_Transolver_train,full,1,1,8,2,0.999999674
pipe,/home/hwz/Transolver/LINEARNO/monitor/analysis/transolver_monitor_output_20260917_074049/LINEARNO/monitor/output/pipe/20260916_194330_pipe_Transolver_train,full,1,1,8,3,0.9999911953
pipe,/home/hwz/Transolver/LINEARNO/monitor/analysis/transolver_monitor_output_20260917_074049/LINEARNO/monitor/output/pipe/20260916_194330_pipe_Transolver_train,full,1,1,8,4,0.9999999925
pipe,/home/hwz/Transolver/LINEARNO/monitor/analysis/transolver_monitor_output_20260917_074049/LINEARNO/monitor/output/pipe/20260916_194330_pipe_Transolver_train,full,1,1,8,5,1
pipe,/home/hwz/Transolver/LINEARNO/monitor/analysis/transolver_monitor_output_20260917_074049/LINEARNO/monitor/output/pipe/20260916_194330_pipe_Transolver_train,full,1,1,8,6,1
pipe,/home/hwz/Transolver/LINEARNO/monitor/analysis/transolver_monitor_output_20260917_074049/LINEARNO/monitor/output/pipe/20260916_194330_pipe_Transolver_train,full,1,1,8,7,1
pipe,/home/hwz/Transolver/LINEARNO/monitor/analysis/transolver_monitor_output_20260917_074049/LINEARNO/monitor/output/pipe/20260916_194330_pipe_Transolver_train,full,1,1,8,8,1
pipe,/home/hwz/Transolver/LINEARNO/monitor/analysis/transolver_monitor_output_20260917_074049/LINEARNO/monitor/output/pipe/20260916_194330_pipe_Transolver_train,full,100,100,1,1,1
pipe,/home/hwz/Transolver/LINEARNO/monitor/analysis/transolver_monitor_output_20260917_074049/LINEARNO/monitor/output/pipe/20260916_194330_pipe_Transolver_train,full,100,100,1,2,0.4276256148
pipe,/home/hwz/Transolver/LINEARNO/monitor/analysis/transolver_monitor_output_20260917_074049/LINEARNO/monitor/output/pipe/20260916_194330_pipe_Transolver_train,full,100,100,1,3,0.4242249122
pipe,/home/hwz/Transolver/LINEARNO/monitor/analysis/transolver_monitor_output_20260917_074049/LINEARNO/monitor/output/pipe/20260916_194330_pipe_Transolver_train,full,100,100,1,4,0.5246114628
pipe,/home/hwz/Transolver/LINEARNO/monitor/analysis/transolver_monitor_output_20260917_074049/LINEARNO/monitor/output/pipe/20260916_194330_pipe_Transolver_train,full,100,100,1,5,0.2528121258
pipe,/home/hwz/Transolver/LINEARNO/monitor/analysis/transolver_monitor_output_20260917_074049/LINEARNO/monitor/output/pipe/20260916_194330_pipe_Transolver_train,full,100,100,1,6,0.1371827038
pipe,/home/hwz/Transolver/LINEARNO/monitor/analysis/transolver_monitor_output_20260917_074049/LINEARNO/monitor/output/pipe/20260916_194330_pipe_Transolver_train,full,100,100,1,7,0.2220423466
pipe,/home/hwz/Transolver/LINEARNO/monitor/analysis/transolver_monitor_output_20260917_074049/LINEARNO/monitor/output/pipe/20260916_194330_pipe_Transolver_train,full,100,100,1,8,0.6275000428
pipe,/home/hwz/Transolver/LINEARNO/monitor/analysis/transolver_monitor_output_20260917_074049/LINEARNO/monitor/output/pipe/20260916_194330_pipe_Transolver_train,full,100,100,2,1,0.4276256148
pipe,/home/hwz/Transolver/LINEARNO/monitor/analysis/transolver_monitor_output_20260917_074049/LINEARNO/monitor/output/pipe/20260916_194330_pipe_Transolver_train,full,100,100,2,2,1
pipe,/home/hwz/Transolver/LINEARNO/monitor/analysis/transolver_monitor_output_20260917_074049/LINEARNO/monitor/output/pipe/20260916_194330_pipe_Transolver_train,full,100,100,2,3,0.5294354735
pipe,/home/hwz/Transolver/LINEARNO/monitor/analysis/transolver_monitor_output_20260917_074049/LINEARNO/monitor/output/pipe/20260916_194330_pipe_Transolver_train,full,100,100,2,4,0.314653308
pipe,/home/hwz/Transolver/LINEARNO/monitor/analysis/transolver_monitor_output_20260917_074049/LINEARNO/monitor/output/pipe/20260916_194330_pipe_Transolver_train,full,100,100,2,5,0.2264013078
pipe,/home/hwz/Transolver/LINEARNO/monitor/analysis/transolver_monitor_output_20260917_074049/LINEARNO/monitor/output/pipe/20260916_194330_pipe_Transolver_train,full,100,100,2,6,0.1506086132
pipe,/home/hwz/Transolver/LINEARNO/monitor/analysis/transolver_monitor_output_20260917_074049/LINEARNO/monitor/output/pipe/20260916_194330_pipe_Transolver_train,full,100,100,2,7,0.2458049273
pipe,/home/hwz/Transolver/LINEARNO/monitor/analysis/transolver_monitor_output_20260917_074049/LINEARNO/monitor/output/pipe/20260916_194330_pipe_Transolver_train,full,100,100,2,8,0.3672432797
pipe,/home/hwz/Transolver/LINEARNO/monitor/analysis/transolver_monitor_output_20260917_074049/LINEARNO/monitor/output/pipe/20260916_194330_pipe_Transolver_train,full,100,100,3,1,0.4242249122
pipe,/home/hwz/Transolver/LINEARNO/monitor/analysis/transolver_monitor_output_20260917_074049/LINEARNO/monitor/output/pipe/20260916_194330_pipe_Transolver_train,full,100,100,3,2,0.5294354735
pipe,/home/hwz/Transolver/LINEARNO/monitor/analysis/transolver_monitor_output_20260917_074049/LINEARNO/monitor/output/pipe/20260916_194330_pipe_Transolver_train,full,100,100,3,3,1
pipe,/home/hwz/Transolver/LINEARNO/monitor/analysis/transolver_monitor_output_20260917_074049/LINEARNO/monitor/output/pipe/20260916_194330_pipe_Transolver_train,full,100,100,3,4,0.3327747979
pipe,/home/hwz/Transolver/LINEARNO/monitor/analysis/transolver_monitor_output_20260917_074049/LINEARNO/monitor/output/pipe/20260916_194330_pipe_Transolver_train,full,100,100,3,5,0.2130514473
pipe,/home/hwz/Transolver/LINEARNO/monitor/analysis/transolver_monitor_output_20260917_074049/LINEARNO/monitor/output/pipe/20260916_194330_pipe_Transolver_train,full,100,100,3,6,0.2101067841
pipe,/home/hwz/Transolver/LINEARNO/monitor/analysis/transolver_monitor_output_20260917_074049/LINEARNO/monitor/output/pipe/20260916_194330_pipe_Transolver_train,full,100,100,3,7,0.3066464071
pipe,/home/hwz/Transolver/LINEARNO/monitor/analysis/transolver_monitor_output_20260917_074049/LINEARNO/monitor/output/pipe/20260916_194330_pipe_Transolver_train,full,100,100,3,8,0.3796049666
pipe,/home/hwz/Transolver/LINEARNO/monitor/analysis/transolver_monitor_output_20260917_074049/LINEARNO/monitor/output/pipe/20260916_194330_pipe_Transolver_train,full,100,100,4,1,0.5246114628
pipe,/home/hwz/Transolver/LINEARNO/monitor/analysis/transolver_monitor_output_20260917_074049/LINEARNO/monitor/output/pipe/20260916_194330_pipe_Transolver_train,full,100,100,4,2,0.314653308
pipe,/home/hwz/Transolver/LINEARNO/monitor/analysis/transolver_monitor_output_20260917_074049/LINEARNO/monitor/output/pipe/20260916_194330_pipe_Transolver_train,full,100,100,4,3,0.3327747979
pipe,/home/hwz/Transolver/LINEARNO/monitor/analysis/transolver_monitor_output_20260917_074049/LINEARNO/monitor/output/pipe/20260916_194330_pipe_Transolver_train,full,100,100,4,4,1
pipe,/home/hwz/Transolver/LINEARNO/monitor/analysis/transolver_monitor_output_20260917_074049/LINEARNO/monitor/output/pipe/20260916_194330_pipe_Transolver_train,full,100,100,4,5,0.3058697546
pipe,/home/hwz/Transolver/LINEARNO/monitor/analysis/transolver_monitor_output_20260917_074049/LINEARNO/monitor/output/pipe/20260916_194330_pipe_Transolver_train,full,100,100,4,6,0.227695141
pipe,/home/hwz/Transolver/LINEARNO/monitor/analysis/transolver_monitor_output_20260917_074049/LINEARNO/monitor/output/pipe/20260916_194330_pipe_Transolver_train,full,100,100,4,7,0.3124358149
pipe,/home/hwz/Transolver/LINEARNO/monitor/analysis/transolver_monitor_output_20260917_074049/LINEARNO/monitor/output/pipe/20260916_194330_pipe_Transolver_train,full,100,100,4,8,0.5436928729
pipe,/home/hwz/Transolver/LINEARNO/monitor/analysis/transolver_monitor_output_20260917_074049/LINEARNO/monitor/output/pipe/20260916_194330_pipe_Transolver_train,full,100,100,5,1,0.2528121258
pipe,/home/hwz/Transolver/LINEARNO/monitor/analysis/transolver_monitor_output_20260917_074049/LINEARNO/monitor/output/pipe/20260916_194330_pipe_Transolver_train,full,100,100,5,2,0.2264013078
pipe,/home/hwz/Transolver/LINEARNO/monitor/analysis/transolver_monitor_output_20260917_074049/LINEARNO/monitor/output/pipe/20260916_194330_pipe_Transolver_train,full,100,100,5,3,0.2130514473
pipe,/home/hwz/Transolver/LINEARNO/monitor/analysis/transolver_monitor_output_20260917_074049/LINEARNO/monitor/output/pipe/20260916_194330_pipe_Transolver_train,full,100,100,5,4,0.3058697546
pipe,/home/hwz/Transolver/LINEARNO/monitor/analysis/transolver_monitor_output_20260917_074049/LINEARNO/monitor/output/pipe/20260916_194330_pipe_Transolver_train,full,100,100,5,5,1
pipe,/home/hwz/Transolver/LINEARNO/monitor/analysis/transolver_monitor_output_20260917_074049/LINEARNO/monitor/output/pipe/20260916_194330_pipe_Transolver_train,full,100,100,5,6,0.4239125486
pipe,/home/hwz/Transolver/LINEARNO/monitor/analysis/transolver_monitor_output_20260917_074049/LINEARNO/monitor/output/pipe/20260916_194330_pipe_Transolver_train,full,100,100,5,7,0.3666854478
pipe,/home/hwz/Transolver/LINEARNO/monitor/analysis/transolver_monitor_output_20260917_074049/LINEARNO/monitor/output/pipe/20260916_194330_pipe_Transolver_train,full,100,100,5,8,0.3664940058
pipe,/home/hwz/Transolver/LINEARNO/monitor/analysis/transolver_monitor_output_20260917_074049/LINEARNO/monitor/output/pipe/20260916_194330_pipe_Transolver_train,full,100,100,6,1,0.1371827038
pipe,/home/hwz/Transolver/LINEARNO/monitor/analysis/transolver_monitor_output_20260917_074049/LINEARNO/monitor/output/pipe/20260916_194330_pipe_Transolver_train,full,100,100,6,2,0.1506086132
pipe,/home/hwz/Transolver/LINEARNO/monitor/analysis/transolver_monitor_output_20260917_074049/LINEARNO/monitor/output/pipe/20260916_194330_pipe_Transolver_train,full,100,100,6,3,0.2101067841
pipe,/home/hwz/Transolver/LINEARNO/monitor/analysis/transolver_monitor_output_20260917_074049/LINEARNO/monitor/output/pipe/20260916_194330_pipe_Transolver_train,full,100,100,6,4,0.227695141
pipe,/home/hwz/Transolver/LINEARNO/monitor/analysis/transolver_monitor_output_20260917_074049/LINEARNO/monitor/output/pipe/20260916_194330_pipe_Transolver_train,full,100,100,6,5,0.4239125486
pipe,/home/hwz/Transolver/LINEARNO/monitor/analysis/transolver_monitor_output_20260917_074049/LINEARNO/monitor/output/pipe/20260916_194330_pipe_Transolver_train,full,100,100,6,6,1
pipe,/home/hwz/Transolver/LINEARNO/monitor/analysis/transolver_monitor_output_20260917_074049/LINEARNO/monitor/output/pipe/20260916_194330_pipe_Transolver_train,full,100,100,6,7,0.4726248216
pipe,/home/hwz/Transolver/LINEARNO/monitor/analysis/transolver_monitor_output_20260917_074049/LINEARNO/monitor/output/pipe/20260916_194330_pipe_Transolver_train,full,100,100,6,8,0.2705491413
pipe,/home/hwz/Transolver/LINEARNO/monitor/analysis/transolver_monitor_output_20260917_074049/LINEARNO/monitor/output/pipe/20260916_194330_pipe_Transolver_train,full,100,100,7,1,0.2220423466
pipe,/home/hwz/Transolver/LINEARNO/monitor/analysis/transolver_monitor_output_20260917_074049/LINEARNO/monitor/output/pipe/20260916_194330_pipe_Transolver_train,full,100,100,7,2,0.2458049273
pipe,/home/hwz/Transolver/LINEARNO/monitor/analysis/transolver_monitor_output_20260917_074049/LINEARNO/monitor/output/pipe/20260916_194330_pipe_Transolver_train,full,100,100,7,3,0.3066464071
pipe,/home/hwz/Transolver/LINEARNO/monitor/analysis/transolver_monitor_output_20260917_074049/LINEARNO/monitor/output/pipe/20260916_194330_pipe_Transolver_train,full,100,100,7,4,0.3124358149
pipe,/home/hwz/Transolver/LINEARNO/monitor/analysis/transolver_monitor_output_20260917_074049/LINEARNO/monitor/output/pipe/20260916_194330_pipe_Transolver_train,full,100,100,7,5,0.3666854478
pipe,/home/hwz/Transolver/LINEARNO/monitor/analysis/transolver_monitor_output_20260917_074049/LINEARNO/monitor/output/pipe/20260916_194330_pipe_Transolver_train,full,100,100,7,6,0.4726248216
pipe,/home/hwz/Transolver/LINEARNO/monitor/analysis/transolver_monitor_output_20260917_074049/LINEARNO/monitor/output/pipe/20260916_194330_pipe_Transolver_train,full,100,100,7,7,1
pipe,/home/hwz/Transolver/LINEARNO/monitor/analysis/transolver_monitor_output_20260917_074049/LINEARNO/monitor/output/pipe/20260916_194330_pipe_Transolver_train,full,100,100,7,8,0.3734225214
pipe,/home/hwz/Transolver/LINEARNO/monitor/analysis/transolver_monitor_output_20260917_074049/LINEARNO/monitor/output/pipe/20260916_194330_pipe_Transolver_train,full,100,100,8,1,0.6275000428
pipe,/home/hwz/Transolver/LINEARNO/monitor/analysis/transolver_monitor_output_20260917_074049/LINEARNO/monitor/output/pipe/20260916_194330_pipe_Transolver_train,full,100,100,8,2,0.3672432797
pipe,/home/hwz/Transolver/LINEARNO/monitor/analysis/transolver_monitor_output_20260917_074049/LINEARNO/monitor/output/pipe/20260916_194330_pipe_Transolver_train,full,100,100,8,3,0.3796049666
pipe,/home/hwz/Transolver/LINEARNO/monitor/analysis/transolver_monitor_output_20260917_074049/LINEARNO/monitor/output/pipe/20260916_194330_pipe_Transolver_train,full,100,100,8,4,0.5436928729
pipe,/home/hwz/Transolver/LINEARNO/monitor/analysis/transolver_monitor_output_20260917_074049/LINEARNO/monitor/output/pipe/20260916_194330_pipe_Transolver_train,full,100,100,8,5,0.3664940058
pipe,/home/hwz/Transolver/LINEARNO/monitor/analysis/transolver_monitor_output_20260917_074049/LINEARNO/monitor/output/pipe/20260916_194330_pipe_Transolver_train,full,100,100,8,6,0.2705491413
pipe,/home/hwz/Transolver/LINEARNO/monitor/analysis/transolver_monitor_output_20260917_074049/LINEARNO/monitor/output/pipe/20260916_194330_pipe_Transolver_train,full,100,100,8,7,0.3734225214
pipe,/home/hwz/Transolver/LINEARNO/monitor/analysis/transolver_monitor_output_20260917_074049/LINEARNO/monitor/output/pipe/20260916_194330_pipe_Transolver_train,full,100,100,8,8,1
pipe,/home/hwz/Transolver/LINEARNO/monitor/analysis/transolver_monitor_output_20260917_074049/LINEARNO/monitor/output/pipe/20260916_194330_pipe_Transolver_train,full,200,200,1,1,1
pipe,/home/hwz/Transolver/LINEARNO/monitor/analysis/transolver_monitor_output_20260917_074049/LINEARNO/monitor/output/pipe/20260916_194330_pipe_Transolver_train,full,200,200,1,2,0.3347506146
pipe,/home/hwz/Transolver/LINEARNO/monitor/analysis/transolver_monitor_output_20260917_074049/LINEARNO/monitor/output/pipe/20260916_194330_pipe_Transolver_train,full,200,200,1,3,0.4656251017
pipe,/home/hwz/Transolver/LINEARNO/monitor/analysis/transolver_monitor_output_20260917_074049/LINEARNO/monitor/output/pipe/20260916_194330_pipe_Transolver_train,full,200,200,1,4,0.4088383771
pipe,/home/hwz/Transolver/LINEARNO/monitor/analysis/transolver_monitor_output_20260917_074049/LINEARNO/monitor/output/pipe/20260916_194330_pipe_Transolver_train,full,200,200,1,5,0.210549686
pipe,/home/hwz/Transolver/LINEARNO/monitor/analysis/transolver_monitor_output_20260917_074049/LINEARNO/monitor/output/pipe/20260916_194330_pipe_Transolver_train,full,200,200,1,6,0.1125853759
pipe,/home/hwz/Transolver/LINEARNO/monitor/analysis/transolver_monitor_output_20260917_074049/LINEARNO/monitor/output/pipe/20260916_194330_pipe_Transolver_train,full,200,200,1,7,0.2021839519
pipe,/home/hwz/Transolver/LINEARNO/monitor/analysis/transolver_monitor_output_20260917_074049/LINEARNO/monitor/output/pipe/20260916_194330_pipe_Transolver_train,full,200,200,1,8,0.4644903848
pipe,/home/hwz/Transolver/LINEARNO/monitor/analysis/transolver_monitor_output_20260917_074049/LINEARNO/monitor/output/pipe/20260916_194330_pipe_Transolver_train,full,200,200,2,1,0.3347506146
pipe,/home/hwz/Transolver/LINEARNO/monitor/analysis/transolver_monitor_output_20260917_074049/LINEARNO/monitor/output/pipe/20260916_194330_pipe_Transolver_train,full,200,200,2,2,1
pipe,/home/hwz/Transolver/LINEARNO/monitor/analysis/transolver_monitor_output_20260917_074049/LINEARNO/monitor/output/pipe/20260916_194330_pipe_Transolver_train,full,200,200,2,3,0.3956038691
pipe,/home/hwz/Transolver/LINEARNO/monitor/analysis/transolver_monitor_output_20260917_074049/LINEARNO/monitor/output/pipe/20260916_194330_pipe_Transolver_train,full,200,200,2,4,0.2855101076
pipe,/home/hwz/Transolver/LINEARNO/monitor/analysis/transolver_monitor_output_20260917_074049/LINEARNO/monitor/output/pipe/20260916_194330_pipe_Transolver_train,full,200,200,2,5,0.1877698483
pipe,/home/hwz/Transolver/LINEARNO/monitor/analysis/transolver_monitor_output_20260917_074049/LINEARNO/monitor/output/pipe/20260916_194330_pipe_Transolver_train,full,200,200,2,6,0.1533015779
pipe,/home/hwz/Transolver/LINEARNO/monitor/analysis/transolver_monitor_output_20260917_074049/LINEARNO/monitor/output/pipe/20260916_194330_pipe_Transolver_train,full,200,200,2,7,0.2184412367
pipe,/home/hwz/Transolver/LINEARNO/monitor/analysis/transolver_monitor_output_20260917_074049/LINEARNO/monitor/output/pipe/20260916_194330_pipe_Transolver_train,full,200,200,2,8,0.280786423
pipe,/home/hwz/Transolver/LINEARNO/monitor/analysis/transolver_monitor_output_20260917_074049/LINEARNO/monitor/output/pipe/20260916_194330_pipe_Transolver_train,full,200,200,3,1,0.4656251017
pipe,/home/hwz/Transolver/LINEARNO/monitor/analysis/transolver_monitor_output_20260917_074049/LINEARNO/monitor/output/pipe/20260916_194330_pipe_Transolver_train,full,200,200,3,2,0.3956038691
pipe,/home/hwz/Transolver/LINEARNO/monitor/analysis/transolver_monitor_output_20260917_074049/LINEARNO/monitor/output/pipe/20260916_194330_pipe_Transolver_train,full,200,200,3,3,1
pipe,/home/hwz/Transolver/LINEARNO/monitor/analysis/transolver_monitor_output_20260917_074049/LINEARNO/monitor/output/pipe/20260916_194330_pipe_Transolver_train,full,200,200,3,4,0.2968170117
pipe,/home/hwz/Transolver/LINEARNO/monitor/analysis/transolver_monitor_output_20260917_074049/LINEARNO/monitor/output/pipe/20260916_194330_pipe_Transolver_train,full,200,200,3,5,0.2039350333
pipe,/home/hwz/Transolver/LINEARNO/monitor/analysis/transolver_monitor_output_20260917_074049/LINEARNO/monitor/output/pipe/20260916_194330_pipe_Transolver_train,full,200,200,3,6,0.1597480458
pipe,/home/hwz/Transolver/LINEARNO/monitor/analysis/transolver_monitor_output_20260917_074049/LINEARNO/monitor/output/pipe/20260916_194330_pipe_Transolver_train,full,200,200,3,7,0.2336662028
pipe,/home/hwz/Transolver/LINEARNO/monitor/analysis/transolver_monitor_output_20260917_074049/LINEARNO/monitor/output/pipe/20260916_194330_pipe_Transolver_train,full,200,200,3,8,0.3339427497
pipe,/home/hwz/Transolver/LINEARNO/monitor/analysis/transolver_monitor_output_20260917_074049/LINEARNO/monitor/output/pipe/20260916_194330_pipe_Transolver_train,full,200,200,4,1,0.4088383771
pipe,/home/hwz/Transolver/LINEARNO/monitor/analysis/transolver_monitor_output_20260917_074049/LINEARNO/monitor/output/pipe/20260916_194330_pipe_Transolver_train,full,200,200,4,2,0.2855101076
pipe,/home/hwz/Transolver/LINEARNO/monitor/analysis/transolver_monitor_output_20260917_074049/LINEARNO/monitor/output/pipe/20260916_194330_pipe_Transolver_train,full,200,200,4,3,0.2968170117
pipe,/home/hwz/Transolver/LINEARNO/monitor/analysis/transolver_monitor_output_20260917_074049/LINEARNO/monitor/output/pipe/20260916_194330_pipe_Transolver_train,full,200,200,4,4,1
pipe,/home/hwz/Transolver/LINEARNO/monitor/analysis/transolver_monitor_output_20260917_074049/LINEARNO/monitor/output/pipe/20260916_194330_pipe_Transolver_train,full,200,200,4,5,0.3304178972
pipe,/home/hwz/Transolver/LINEARNO/monitor/analysis/transolver_monitor_output_20260917_074049/LINEARNO/monitor/output/pipe/20260916_194330_pipe_Transolver_train,full,200,200,4,6,0.255185453
pipe,/home/hwz/Transolver/LINEARNO/monitor/analysis/transolver_monitor_output_20260917_074049/LINEARNO/monitor/output/pipe/20260916_194330_pipe_Transolver_train,full,200,200,4,7,0.3357812628
pipe,/home/hwz/Transolver/LINEARNO/monitor/analysis/transolver_monitor_output_20260917_074049/LINEARNO/monitor/output/pipe/20260916_194330_pipe_Transolver_train,full,200,200,4,8,0.3776488368
pipe,/home/hwz/Transolver/LINEARNO/monitor/analysis/transolver_monitor_output_20260917_074049/LINEARNO/monitor/output/pipe/20260916_194330_pipe_Transolver_train,full,200,200,5,1,0.210549686
pipe,/home/hwz/Transolver/LINEARNO/monitor/analysis/transolver_monitor_output_20260917_074049/LINEARNO/monitor/output/pipe/20260916_194330_pipe_Transolver_train,full,200,200,5,2,0.1877698483
pipe,/home/hwz/Transolver/LINEARNO/monitor/analysis/transolver_monitor_output_20260917_074049/LINEARNO/monitor/output/pipe/20260916_194330_pipe_Transolver_train,full,200,200,5,3,0.2039350333
pipe,/home/hwz/Transolver/LINEARNO/monitor/analysis/transolver_monitor_output_20260917_074049/LINEARNO/monitor/output/pipe/20260916_194330_pipe_Transolver_train,full,200,200,5,4,0.3304178972
pipe,/home/hwz/Transolver/LINEARNO/monitor/analysis/transolver_monitor_output_20260917_074049/LINEARNO/monitor/output/pipe/20260916_194330_pipe_Transolver_train,full,200,200,5,5,1
pipe,/home/hwz/Transolver/LINEARNO/monitor/analysis/transolver_monitor_output_20260917_074049/LINEARNO/monitor/output/pipe/20260916_194330_pipe_Transolver_train,full,200,200,5,6,0.3705624974
pipe,/home/hwz/Transolver/LINEARNO/monitor/analysis/transolver_monitor_output_20260917_074049/LINEARNO/monitor/output/pipe/20260916_194330_pipe_Transolver_train,full,200,200,5,7,0.3077988597
pipe,/home/hwz/Transolver/LINEARNO/monitor/analysis/transolver_monitor_output_20260917_074049/LINEARNO/monitor/output/pipe/20260916_194330_pipe_Transolver_train,full,200,200,5,8,0.2695808716
pipe,/home/hwz/Transolver/LINEARNO/monitor/analysis/transolver_monitor_output_20260917_074049/LINEARNO/monitor/output/pipe/20260916_194330_pipe_Transolver_train,full,200,200,6,1,0.1125853759
pipe,/home/hwz/Transolver/LINEARNO/monitor/analysis/transolver_monitor_output_20260917_074049/LINEARNO/monitor/output/pipe/20260916_194330_pipe_Transolver_train,full,200,200,6,2,0.1533015779
pipe,/home/hwz/Transolver/LINEARNO/monitor/analysis/transolver_monitor_output_20260917_074049/LINEARNO/monitor/output/pipe/20260916_194330_pipe_Transolver_train,full,200,200,6,3,0.1597480458
pipe,/home/hwz/Transolver/LINEARNO/monitor/analysis/transolver_monitor_output_20260917_074049/LINEARNO/monitor/output/pipe/20260916_194330_pipe_Transolver_train,full,200,200,6,4,0.255185453
pipe,/home/hwz/Transolver/LINEARNO/monitor/analysis/transolver_monitor_output_20260917_074049/LINEARNO/monitor/output/pipe/20260916_194330_pipe_Transolver_train,full,200,200,6,5,0.3705624974
pipe,/home/hwz/Transolver/LINEARNO/monitor/analysis/transolver_monitor_output_20260917_074049/LINEARNO/monitor/output/pipe/20260916_194330_pipe_Transolver_train,full,200,200,6,6,1
pipe,/home/hwz/Transolver/LINEARNO/monitor/analysis/transolver_monitor_output_20260917_074049/LINEARNO/monitor/output/pipe/20260916_194330_pipe_Transolver_train,full,200,200,6,7,0.3767511109
pipe,/home/hwz/Transolver/LINEARNO/monitor/analysis/transolver_monitor_output_20260917_074049/LINEARNO/monitor/output/pipe/20260916_194330_pipe_Transolver_train,full,200,200,6,8,0.2139121377
pipe,/home/hwz/Transolver/LINEARNO/monitor/analysis/transolver_monitor_output_20260917_074049/LINEARNO/monitor/output/pipe/20260916_194330_pipe_Transolver_train,full,200,200,7,1,0.2021839519
pipe,/home/hwz/Transolver/LINEARNO/monitor/analysis/transolver_monitor_output_20260917_074049/LINEARNO/monitor/output/pipe/20260916_194330_pipe_Transolver_train,full,200,200,7,2,0.2184412367
pipe,/home/hwz/Transolver/LINEARNO/monitor/analysis/transolver_monitor_output_20260917_074049/LINEARNO/monitor/output/pipe/20260916_194330_pipe_Transolver_train,full,200,200,7,3,0.2336662028
pipe,/home/hwz/Transolver/LINEARNO/monitor/analysis/transolver_monitor_output_20260917_074049/LINEARNO/monitor/output/pipe/20260916_194330_pipe_Transolver_train,full,200,200,7,4,0.3357812628
pipe,/home/hwz/Transolver/LINEARNO/monitor/analysis/transolver_monitor_output_20260917_074049/LINEARNO/monitor/output/pipe/20260916_194330_pipe_Transolver_train,full,200,200,7,5,0.3077988597
pipe,/home/hwz/Transolver/LINEARNO/monitor/analysis/transolver_monitor_output_20260917_074049/LINEARNO/monitor/output/pipe/20260916_194330_pipe_Transolver_train,full,200,200,7,6,0.3767511109
pipe,/home/hwz/Transolver/LINEARNO/monitor/analysis/transolver_monitor_output_20260917_074049/LINEARNO/monitor/output/pipe/20260916_194330_pipe_Transolver_train,full,200,200,7,7,1
pipe,/home/hwz/Transolver/LINEARNO/monitor/analysis/transolver_monitor_output_20260917_074049/LINEARNO/monitor/output/pipe/20260916_194330_pipe_Transolver_train,full,200,200,7,8,0.2923651521
pipe,/home/hwz/Transolver/LINEARNO/monitor/analysis/transolver_monitor_output_20260917_074049/LINEARNO/monitor/output/pipe/20260916_194330_pipe_Transolver_train,full,200,200,8,1,0.4644903848
pipe,/home/hwz/Transolver/LINEARNO/monitor/analysis/transolver_monitor_output_20260917_074049/LINEARNO/monitor/output/pipe/20260916_194330_pipe_Transolver_train,full,200,200,8,2,0.280786423
pipe,/home/hwz/Transolver/LINEARNO/monitor/analysis/transolver_monitor_output_20260917_074049/LINEARNO/monitor/output/pipe/20260916_194330_pipe_Transolver_train,full,200,200,8,3,0.3339427497
pipe,/home/hwz/Transolver/LINEARNO/monitor/analysis/transolver_monitor_output_20260917_074049/LINEARNO/monitor/output/pipe/20260916_194330_pipe_Transolver_train,full,200,200,8,4,0.3776488368
pipe,/home/hwz/Transolver/LINEARNO/monitor/analysis/transolver_monitor_output_20260917_074049/LINEARNO/monitor/output/pipe/20260916_194330_pipe_Transolver_train,full,200,200,8,5,0.2695808716
pipe,/home/hwz/Transolver/LINEARNO/monitor/analysis/transolver_monitor_output_20260917_074049/LINEARNO/monitor/output/pipe/20260916_194330_pipe_Transolver_train,full,200,200,8,6,0.2139121377
pipe,/home/hwz/Transolver/LINEARNO/monitor/analysis/transolver_monitor_output_20260917_074049/LINEARNO/monitor/output/pipe/20260916_194330_pipe_Transolver_train,full,200,200,8,7,0.2923651521
pipe,/home/hwz/Transolver/LINEARNO/monitor/analysis/transolver_monitor_output_20260917_074049/LINEARNO/monitor/output/pipe/20260916_194330_pipe_Transolver_train,full,200,200,8,8,1
pipe,/home/hwz/Transolver/LINEARNO/monitor/analysis/transolver_monitor_output_20260917_074049/LINEARNO/monitor/output/pipe/20260916_194330_pipe_Transolver_train,full,300,300,1,1,1
pipe,/home/hwz/Transolver/LINEARNO/monitor/analysis/transolver_monitor_output_20260917_074049/LINEARNO/monitor/output/pipe/20260916_194330_pipe_Transolver_train,full,300,300,1,2,0.2925285826
pipe,/home/hwz/Transolver/LINEARNO/monitor/analysis/transolver_monitor_output_20260917_074049/LINEARNO/monitor/output/pipe/20260916_194330_pipe_Transolver_train,full,300,300,1,3,0.4277880164
pipe,/home/hwz/Transolver/LINEARNO/monitor/analysis/transolver_monitor_output_20260917_074049/LINEARNO/monitor/output/pipe/20260916_194330_pipe_Transolver_train,full,300,300,1,4,0.384378111
pipe,/home/hwz/Transolver/LINEARNO/monitor/analysis/transolver_monitor_output_20260917_074049/LINEARNO/monitor/output/pipe/20260916_194330_pipe_Transolver_train,full,300,300,1,5,0.1785343107
pipe,/home/hwz/Transolver/LINEARNO/monitor/analysis/transolver_monitor_output_20260917_074049/LINEARNO/monitor/output/pipe/20260916_194330_pipe_Transolver_train,full,300,300,1,6,0.09713712696
pipe,/home/hwz/Transolver/LINEARNO/monitor/analysis/transolver_monitor_output_20260917_074049/LINEARNO/monitor/output/pipe/20260916_194330_pipe_Transolver_train,full,300,300,1,7,0.1854531446
pipe,/home/hwz/Transolver/LINEARNO/monitor/analysis/transolver_monitor_output_20260917_074049/LINEARNO/monitor/output/pipe/20260916_194330_pipe_Transolver_train,full,300,300,1,8,0.3989755202
pipe,/home/hwz/Transolver/LINEARNO/monitor/analysis/transolver_monitor_output_20260917_074049/LINEARNO/monitor/output/pipe/20260916_194330_pipe_Transolver_train,full,300,300,2,1,0.2925285826
pipe,/home/hwz/Transolver/LINEARNO/monitor/analysis/transolver_monitor_output_20260917_074049/LINEARNO/monitor/output/pipe/20260916_194330_pipe_Transolver_train,full,300,300,2,2,1
pipe,/home/hwz/Transolver/LINEARNO/monitor/analysis/transolver_monitor_output_20260917_074049/LINEARNO/monitor/output/pipe/20260916_194330_pipe_Transolver_train,full,300,300,2,3,0.3955953226
pipe,/home/hwz/Transolver/LINEARNO/monitor/analysis/transolver_monitor_output_20260917_074049/LINEARNO/monitor/output/pipe/20260916_194330_pipe_Transolver_train,full,300,300,2,4,0.3095067811
pipe,/home/hwz/Transolver/LINEARNO/monitor/analysis/transolver_monitor_output_20260917_074049/LINEARNO/monitor/output/pipe/20260916_194330_pipe_Transolver_train,full,300,300,2,5,0.2565622052
pipe,/home/hwz/Transolver/LINEARNO/monitor/analysis/transolver_monitor_output_20260917_074049/LINEARNO/monitor/output/pipe/20260916_194330_pipe_Transolver_train,full,300,300,2,6,0.1452954549
pipe,/home/hwz/Transolver/LINEARNO/monitor/analysis/transolver_monitor_output_20260917_074049/LINEARNO/monitor/output/pipe/20260916_194330_pipe_Transolver_train,full,300,300,2,7,0.189179596
pipe,/home/hwz/Transolver/LINEARNO/monitor/analysis/transolver_monitor_output_20260917_074049/LINEARNO/monitor/output/pipe/20260916_194330_pipe_Transolver_train,full,300,300,2,8,0.228073877
pipe,/home/hwz/Transolver/LINEARNO/monitor/analysis/transolver_monitor_output_20260917_074049/LINEARNO/monitor/output/pipe/20260916_194330_pipe_Transolver_train,full,300,300,3,1,0.4277880164
pipe,/home/hwz/Transolver/LINEARNO/monitor/analysis/transolver_monitor_output_20260917_074049/LINEARNO/monitor/output/pipe/20260916_194330_pipe_Transolver_train,full,300,300,3,2,0.3955953226
pipe,/home/hwz/Transolver/LINEARNO/monitor/analysis/transolver_monitor_output_20260917_074049/LINEARNO/monitor/output/pipe/20260916_194330_pipe_Transolver_train,full,300,300,3,3,1
pipe,/home/hwz/Transolver/LINEARNO/monitor/analysis/transolver_monitor_output_20260917_074049/LINEARNO/monitor/output/pipe/20260916_194330_pipe_Transolver_train,full,300,300,3,4,0.2823128072
pipe,/home/hwz/Transolver/LINEARNO/monitor/analysis/transolver_monitor_output_20260917_074049/LINEARNO/monitor/output/pipe/20260916_194330_pipe_Transolver_train,full,300,300,3,5,0.2780596466
pipe,/home/hwz/Transolver/LINEARNO/monitor/analysis/transolver_monitor_output_20260917_074049/LINEARNO/monitor/output/pipe/20260916_194330_pipe_Transolver_train,full,300,300,3,6,0.1407712093
pipe,/home/hwz/Transolver/LINEARNO/monitor/analysis/transolver_monitor_output_20260917_074049/LINEARNO/monitor/output/pipe/20260916_194330_pipe_Transolver_train,full,300,300,3,7,0.1809433289
pipe,/home/hwz/Transolver/LINEARNO/monitor/analysis/transolver_monitor_output_20260917_074049/LINEARNO/monitor/output/pipe/20260916_194330_pipe_Transolver_train,full,300,300,3,8,0.278426497
pipe,/home/hwz/Transolver/LINEARNO/monitor/analysis/transolver_monitor_output_20260917_074049/LINEARNO/monitor/output/pipe/20260916_194330_pipe_Transolver_train,full,300,300,4,1,0.384378111
pipe,/home/hwz/Transolver/LINEARNO/monitor/analysis/transolver_monitor_output_20260917_074049/LINEARNO/monitor/output/pipe/20260916_194330_pipe_Transolver_train,full,300,300,4,2,0.3095067811
pipe,/home/hwz/Transolver/LINEARNO/monitor/analysis/transolver_monitor_output_20260917_074049/LINEARNO/monitor/output/pipe/20260916_194330_pipe_Transolver_train,full,300,300,4,3,0.2823128072
pipe,/home/hwz/Transolver/LINEARNO/monitor/analysis/transolver_monitor_output_20260917_074049/LINEARNO/monitor/output/pipe/20260916_194330_pipe_Transolver_train,full,300,300,4,4,1
pipe,/home/hwz/Transolver/LINEARNO/monitor/analysis/transolver_monitor_output_20260917_074049/LINEARNO/monitor/output/pipe/20260916_194330_pipe_Transolver_train,full,300,300,4,5,0.3104400053
pipe,/home/hwz/Transolver/LINEARNO/monitor/analysis/transolver_monitor_output_20260917_074049/LINEARNO/monitor/output/pipe/20260916_194330_pipe_Transolver_train,full,300,300,4,6,0.2131821922
pipe,/home/hwz/Transolver/LINEARNO/monitor/analysis/transolver_monitor_output_20260917_074049/LINEARNO/monitor/output/pipe/20260916_194330_pipe_Transolver_train,full,300,300,4,7,0.3363697153
pipe,/home/hwz/Transolver/LINEARNO/monitor/analysis/transolver_monitor_output_20260917_074049/LINEARNO/monitor/output/pipe/20260916_194330_pipe_Transolver_train,full,300,300,4,8,0.3333859882
pipe,/home/hwz/Transolver/LINEARNO/monitor/analysis/transolver_monitor_output_20260917_074049/LINEARNO/monitor/output/pipe/20260916_194330_pipe_Transolver_train,full,300,300,5,1,0.1785343107
pipe,/home/hwz/Transolver/LINEARNO/monitor/analysis/transolver_monitor_output_20260917_074049/LINEARNO/monitor/output/pipe/20260916_194330_pipe_Transolver_train,full,300,300,5,2,0.2565622052
pipe,/home/hwz/Transolver/LINEARNO/monitor/analysis/transolver_monitor_output_20260917_074049/LINEARNO/monitor/output/pipe/20260916_194330_pipe_Transolver_train,full,300,300,5,3,0.2780596466
pipe,/home/hwz/Transolver/LINEARNO/monitor/analysis/transolver_monitor_output_20260917_074049/LINEARNO/monitor/output/pipe/20260916_194330_pipe_Transolver_train,full,300,300,5,4,0.3104400053
pipe,/home/hwz/Transolver/LINEARNO/monitor/analysis/transolver_monitor_output_20260917_074049/LINEARNO/monitor/output/pipe/20260916_194330_pipe_Transolver_train,full,300,300,5,5,1
pipe,/home/hwz/Transolver/LINEARNO/monitor/analysis/transolver_monitor_output_20260917_074049/LINEARNO/monitor/output/pipe/20260916_194330_pipe_Transolver_train,full,300,300,5,6,0.303807202
pipe,/home/hwz/Transolver/LINEARNO/monitor/analysis/transolver_monitor_output_20260917_074049/LINEARNO/monitor/output/pipe/20260916_194330_pipe_Transolver_train,full,300,300,5,7,0.2527553228
pipe,/home/hwz/Transolver/LINEARNO/monitor/analysis/transolver_monitor_output_20260917_074049/LINEARNO/monitor/output/pipe/20260916_194330_pipe_Transolver_train,full,300,300,5,8,0.2188803526
pipe,/home/hwz/Transolver/LINEARNO/monitor/analysis/transolver_monitor_output_20260917_074049/LINEARNO/monitor/output/pipe/20260916_194330_pipe_Transolver_train,full,300,300,6,1,0.09713712696
pipe,/home/hwz/Transolver/LINEARNO/monitor/analysis/transolver_monitor_output_20260917_074049/LINEARNO/monitor/output/pipe/20260916_194330_pipe_Transolver_train,full,300,300,6,2,0.1452954549
pipe,/home/hwz/Transolver/LINEARNO/monitor/analysis/transolver_monitor_output_20260917_074049/LINEARNO/monitor/output/pipe/20260916_194330_pipe_Transolver_train,full,300,300,6,3,0.1407712093
pipe,/home/hwz/Transolver/LINEARNO/monitor/analysis/transolver_monitor_output_20260917_074049/LINEARNO/monitor/output/pipe/20260916_194330_pipe_Transolver_train,full,300,300,6,4,0.2131821922
pipe,/home/hwz/Transolver/LINEARNO/monitor/analysis/transolver_monitor_output_20260917_074049/LINEARNO/monitor/output/pipe/20260916_194330_pipe_Transolver_train,full,300,300,6,5,0.303807202
pipe,/home/hwz/Transolver/LINEARNO/monitor/analysis/transolver_monitor_output_20260917_074049/LINEARNO/monitor/output/pipe/20260916_194330_pipe_Transolver_train,full,300,300,6,6,1
pipe,/home/hwz/Transolver/LINEARNO/monitor/analysis/transolver_monitor_output_20260917_074049/LINEARNO/monitor/output/pipe/20260916_194330_pipe_Transolver_train,full,300,300,6,7,0.3004922219
pipe,/home/hwz/Transolver/LINEARNO/monitor/analysis/transolver_monitor_output_20260917_074049/LINEARNO/monitor/output/pipe/20260916_194330_pipe_Transolver_train,full,300,300,6,8,0.1687896399
pipe,/home/hwz/Transolver/LINEARNO/monitor/analysis/transolver_monitor_output_20260917_074049/LINEARNO/monitor/output/pipe/20260916_194330_pipe_Transolver_train,full,300,300,7,1,0.1854531446
pipe,/home/hwz/Transolver/LINEARNO/monitor/analysis/transolver_monitor_output_20260917_074049/LINEARNO/monitor/output/pipe/20260916_194330_pipe_Transolver_train,full,300,300,7,2,0.189179596
pipe,/home/hwz/Transolver/LINEARNO/monitor/analysis/transolver_monitor_output_20260917_074049/LINEARNO/monitor/output/pipe/20260916_194330_pipe_Transolver_train,full,300,300,7,3,0.1809433289
pipe,/home/hwz/Transolver/LINEARNO/monitor/analysis/transolver_monitor_output_20260917_074049/LINEARNO/monitor/output/pipe/20260916_194330_pipe_Transolver_train,full,300,300,7,4,0.3363697153
pipe,/home/hwz/Transolver/LINEARNO/monitor/analysis/transolver_monitor_output_20260917_074049/LINEARNO/monitor/output/pipe/20260916_194330_pipe_Transolver_train,full,300,300,7,5,0.2527553228
pipe,/home/hwz/Transolver/LINEARNO/monitor/analysis/transolver_monitor_output_20260917_074049/LINEARNO/monitor/output/pipe/20260916_194330_pipe_Transolver_train,full,300,300,7,6,0.3004922219
pipe,/home/hwz/Transolver/LINEARNO/monitor/analysis/transolver_monitor_output_20260917_074049/LINEARNO/monitor/output/pipe/20260916_194330_pipe_Transolver_train,full,300,300,7,7,1
pipe,/home/hwz/Transolver/LINEARNO/monitor/analysis/transolver_monitor_output_20260917_074049/LINEARNO/monitor/output/pipe/20260916_194330_pipe_Transolver_train,full,300,300,7,8,0.2875058586
pipe,/home/hwz/Transolver/LINEARNO/monitor/analysis/transolver_monitor_output_20260917_074049/LINEARNO/monitor/output/pipe/20260916_194330_pipe_Transolver_train,full,300,300,8,1,0.3989755202
pipe,/home/hwz/Transolver/LINEARNO/monitor/analysis/transolver_monitor_output_20260917_074049/LINEARNO/monitor/output/pipe/20260916_194330_pipe_Transolver_train,full,300,300,8,2,0.228073877
pipe,/home/hwz/Transolver/LINEARNO/monitor/analysis/transolver_monitor_output_20260917_074049/LINEARNO/monitor/output/pipe/20260916_194330_pipe_Transolver_train,full,300,300,8,3,0.278426497
pipe,/home/hwz/Transolver/LINEARNO/monitor/analysis/transolver_monitor_output_20260917_074049/LINEARNO/monitor/output/pipe/20260916_194330_pipe_Transolver_train,full,300,300,8,4,0.3333859882
pipe,/home/hwz/Transolver/LINEARNO/monitor/analysis/transolver_monitor_output_20260917_074049/LINEARNO/monitor/output/pipe/20260916_194330_pipe_Transolver_train,full,300,300,8,5,0.2188803526
pipe,/home/hwz/Transolver/LINEARNO/monitor/analysis/transolver_monitor_output_20260917_074049/LINEARNO/monitor/output/pipe/20260916_194330_pipe_Transolver_train,full,300,300,8,6,0.1687896399
pipe,/home/hwz/Transolver/LINEARNO/monitor/analysis/transolver_monitor_output_20260917_074049/LINEARNO/monitor/output/pipe/20260916_194330_pipe_Transolver_train,full,300,300,8,7,0.2875058586
pipe,/home/hwz/Transolver/LINEARNO/monitor/analysis/transolver_monitor_output_20260917_074049/LINEARNO/monitor/output/pipe/20260916_194330_pipe_Transolver_train,full,300,300,8,8,1
pipe,/home/hwz/Transolver/LINEARNO/monitor/analysis/transolver_monitor_output_20260917_074049/LINEARNO/monitor/output/pipe/20260916_194330_pipe_Transolver_train,full,400,400,1,1,1
pipe,/home/hwz/Transolver/LINEARNO/monitor/analysis/transolver_monitor_output_20260917_074049/LINEARNO/monitor/output/pipe/20260916_194330_pipe_Transolver_train,full,400,400,1,2,0.3220256624
pipe,/home/hwz/Transolver/LINEARNO/monitor/analysis/transolver_monitor_output_20260917_074049/LINEARNO/monitor/output/pipe/20260916_194330_pipe_Transolver_train,full,400,400,1,3,0.4561489651
pipe,/home/hwz/Transolver/LINEARNO/monitor/analysis/transolver_monitor_output_20260917_074049/LINEARNO/monitor/output/pipe/20260916_194330_pipe_Transolver_train,full,400,400,1,4,0.3941348159
pipe,/home/hwz/Transolver/LINEARNO/monitor/analysis/transolver_monitor_output_20260917_074049/LINEARNO/monitor/output/pipe/20260916_194330_pipe_Transolver_train,full,400,400,1,5,0.2142000646
pipe,/home/hwz/Transolver/LINEARNO/monitor/analysis/transolver_monitor_output_20260917_074049/LINEARNO/monitor/output/pipe/20260916_194330_pipe_Transolver_train,full,400,400,1,6,0.09274822236
pipe,/home/hwz/Transolver/LINEARNO/monitor/analysis/transolver_monitor_output_20260917_074049/LINEARNO/monitor/output/pipe/20260916_194330_pipe_Transolver_train,full,400,400,1,7,0.1992579717
pipe,/home/hwz/Transolver/LINEARNO/monitor/analysis/transolver_monitor_output_20260917_074049/LINEARNO/monitor/output/pipe/20260916_194330_pipe_Transolver_train,full,400,400,1,8,0.4006997636
pipe,/home/hwz/Transolver/LINEARNO/monitor/analysis/transolver_monitor_output_20260917_074049/LINEARNO/monitor/output/pipe/20260916_194330_pipe_Transolver_train,full,400,400,2,1,0.3220256624
pipe,/home/hwz/Transolver/LINEARNO/monitor/analysis/transolver_monitor_output_20260917_074049/LINEARNO/monitor/output/pipe/20260916_194330_pipe_Transolver_train,full,400,400,2,2,1
pipe,/home/hwz/Transolver/LINEARNO/monitor/analysis/transolver_monitor_output_20260917_074049/LINEARNO/monitor/output/pipe/20260916_194330_pipe_Transolver_train,full,400,400,2,3,0.3742673256
pipe,/home/hwz/Transolver/LINEARNO/monitor/analysis/transolver_monitor_output_20260917_074049/LINEARNO/monitor/output/pipe/20260916_194330_pipe_Transolver_train,full,400,400,2,4,0.3091212118
pipe,/home/hwz/Transolver/LINEARNO/monitor/analysis/transolver_monitor_output_20260917_074049/LINEARNO/monitor/output/pipe/20260916_194330_pipe_Transolver_train,full,400,400,2,5,0.1633826228
pipe,/home/hwz/Transolver/LINEARNO/monitor/analysis/transolver_monitor_output_20260917_074049/LINEARNO/monitor/output/pipe/20260916_194330_pipe_Transolver_train,full,400,400,2,6,0.1666184347
pipe,/home/hwz/Transolver/LINEARNO/monitor/analysis/transolver_monitor_output_20260917_074049/LINEARNO/monitor/output/pipe/20260916_194330_pipe_Transolver_train,full,400,400,2,7,0.2009870478
pipe,/home/hwz/Transolver/LINEARNO/monitor/analysis/transolver_monitor_output_20260917_074049/LINEARNO/monitor/output/pipe/20260916_194330_pipe_Transolver_train,full,400,400,2,8,0.2391822106
pipe,/home/hwz/Transolver/LINEARNO/monitor/analysis/transolver_monitor_output_20260917_074049/LINEARNO/monitor/output/pipe/20260916_194330_pipe_Transolver_train,full,400,400,3,1,0.4561489651
pipe,/home/hwz/Transolver/LINEARNO/monitor/analysis/transolver_monitor_output_20260917_074049/LINEARNO/monitor/output/pipe/20260916_194330_pipe_Transolver_train,full,400,400,3,2,0.3742673256
pipe,/home/hwz/Transolver/LINEARNO/monitor/analysis/transolver_monitor_output_20260917_074049/LINEARNO/monitor/output/pipe/20260916_194330_pipe_Transolver_train,full,400,400,3,3,1
pipe,/home/hwz/Transolver/LINEARNO/monitor/analysis/transolver_monitor_output_20260917_074049/LINEARNO/monitor/output/pipe/20260916_194330_pipe_Transolver_train,full,400,400,3,4,0.2896804568
pipe,/home/hwz/Transolver/LINEARNO/monitor/analysis/transolver_monitor_output_20260917_074049/LINEARNO/monitor/output/pipe/20260916_194330_pipe_Transolver_train,full,400,400,3,5,0.19327349
pipe,/home/hwz/Transolver/LINEARNO/monitor/analysis/transolver_monitor_output_20260917_074049/LINEARNO/monitor/output/pipe/20260916_194330_pipe_Transolver_train,full,400,400,3,6,0.1042430045
pipe,/home/hwz/Transolver/LINEARNO/monitor/analysis/transolver_monitor_output_20260917_074049/LINEARNO/monitor/output/pipe/20260916_194330_pipe_Transolver_train,full,400,400,3,7,0.1863721202
pipe,/home/hwz/Transolver/LINEARNO/monitor/analysis/transolver_monitor_output_20260917_074049/LINEARNO/monitor/output/pipe/20260916_194330_pipe_Transolver_train,full,400,400,3,8,0.2995956201
pipe,/home/hwz/Transolver/LINEARNO/monitor/analysis/transolver_monitor_output_20260917_074049/LINEARNO/monitor/output/pipe/20260916_194330_pipe_Transolver_train,full,400,400,4,1,0.3941348159
pipe,/home/hwz/Transolver/LINEARNO/monitor/analysis/transolver_monitor_output_20260917_074049/LINEARNO/monitor/output/pipe/20260916_194330_pipe_Transolver_train,full,400,400,4,2,0.3091212118
pipe,/home/hwz/Transolver/LINEARNO/monitor/analysis/transolver_monitor_output_20260917_074049/LINEARNO/monitor/output/pipe/20260916_194330_pipe_Transolver_train,full,400,400,4,3,0.2896804568
pipe,/home/hwz/Transolver/LINEARNO/monitor/analysis/transolver_monitor_output_20260917_074049/LINEARNO/monitor/output/pipe/20260916_194330_pipe_Transolver_train,full,400,400,4,4,1
pipe,/home/hwz/Transolver/LINEARNO/monitor/analysis/transolver_monitor_output_20260917_074049/LINEARNO/monitor/output/pipe/20260916_194330_pipe_Transolver_train,full,400,400,4,5,0.3373983377
pipe,/home/hwz/Transolver/LINEARNO/monitor/analysis/transolver_monitor_output_20260917_074049/LINEARNO/monitor/output/pipe/20260916_194330_pipe_Transolver_train,full,400,400,4,6,0.229170251
pipe,/home/hwz/Transolver/LINEARNO/monitor/analysis/transolver_monitor_output_20260917_074049/LINEARNO/monitor/output/pipe/20260916_194330_pipe_Transolver_train,full,400,400,4,7,0.348618671
pipe,/home/hwz/Transolver/LINEARNO/monitor/analysis/transolver_monitor_output_20260917_074049/LINEARNO/monitor/output/pipe/20260916_194330_pipe_Transolver_train,full,400,400,4,8,0.3319675042
pipe,/home/hwz/Transolver/LINEARNO/monitor/analysis/transolver_monitor_output_20260917_074049/LINEARNO/monitor/output/pipe/20260916_194330_pipe_Transolver_train,full,400,400,5,1,0.2142000646
pipe,/home/hwz/Transolver/LINEARNO/monitor/analysis/transolver_monitor_output_20260917_074049/LINEARNO/monitor/output/pipe/20260916_194330_pipe_Transolver_train,full,400,400,5,2,0.1633826228
pipe,/home/hwz/Transolver/LINEARNO/monitor/analysis/transolver_monitor_output_20260917_074049/LINEARNO/monitor/output/pipe/20260916_194330_pipe_Transolver_train,full,400,400,5,3,0.19327349
pipe,/home/hwz/Transolver/LINEARNO/monitor/analysis/transolver_monitor_output_20260917_074049/LINEARNO/monitor/output/pipe/20260916_194330_pipe_Transolver_train,full,400,400,5,4,0.3373983377
pipe,/home/hwz/Transolver/LINEARNO/monitor/analysis/transolver_monitor_output_20260917_074049/LINEARNO/monitor/output/pipe/20260916_194330_pipe_Transolver_train,full,400,400,5,5,1
pipe,/home/hwz/Transolver/LINEARNO/monitor/analysis/transolver_monitor_output_20260917_074049/LINEARNO/monitor/output/pipe/20260916_194330_pipe_Transolver_train,full,400,400,5,6,0.3282472601
pipe,/home/hwz/Transolver/LINEARNO/monitor/analysis/transolver_monitor_output_20260917_074049/LINEARNO/monitor/output/pipe/20260916_194330_pipe_Transolver_train,full,400,400,5,7,0.3226351072
pipe,/home/hwz/Transolver/LINEARNO/monitor/analysis/transolver_monitor_output_20260917_074049/LINEARNO/monitor/output/pipe/20260916_194330_pipe_Transolver_train,full,400,400,5,8,0.2563580203
pipe,/home/hwz/Transolver/LINEARNO/monitor/analysis/transolver_monitor_output_20260917_074049/LINEARNO/monitor/output/pipe/20260916_194330_pipe_Transolver_train,full,400,400,6,1,0.09274822236
pipe,/home/hwz/Transolver/LINEARNO/monitor/analysis/transolver_monitor_output_20260917_074049/LINEARNO/monitor/output/pipe/20260916_194330_pipe_Transolver_train,full,400,400,6,2,0.1666184347
pipe,/home/hwz/Transolver/LINEARNO/monitor/analysis/transolver_monitor_output_20260917_074049/LINEARNO/monitor/output/pipe/20260916_194330_pipe_Transolver_train,full,400,400,6,3,0.1042430045
pipe,/home/hwz/Transolver/LINEARNO/monitor/analysis/transolver_monitor_output_20260917_074049/LINEARNO/monitor/output/pipe/20260916_194330_pipe_Transolver_train,full,400,400,6,4,0.229170251
pipe,/home/hwz/Transolver/LINEARNO/monitor/analysis/transolver_monitor_output_20260917_074049/LINEARNO/monitor/output/pipe/20260916_194330_pipe_Transolver_train,full,400,400,6,5,0.3282472601
pipe,/home/hwz/Transolver/LINEARNO/monitor/analysis/transolver_monitor_output_20260917_074049/LINEARNO/monitor/output/pipe/20260916_194330_pipe_Transolver_train,full,400,400,6,6,1
pipe,/home/hwz/Transolver/LINEARNO/monitor/analysis/transolver_monitor_output_20260917_074049/LINEARNO/monitor/output/pipe/20260916_194330_pipe_Transolver_train,full,400,400,6,7,0.3289676129
pipe,/home/hwz/Transolver/LINEARNO/monitor/analysis/transolver_monitor_output_20260917_074049/LINEARNO/monitor/output/pipe/20260916_194330_pipe_Transolver_train,full,400,400,6,8,0.1563203722
pipe,/home/hwz/Transolver/LINEARNO/monitor/analysis/transolver_monitor_output_20260917_074049/LINEARNO/monitor/output/pipe/20260916_194330_pipe_Transolver_train,full,400,400,7,1,0.1992579717
pipe,/home/hwz/Transolver/LINEARNO/monitor/analysis/transolver_monitor_output_20260917_074049/LINEARNO/monitor/output/pipe/20260916_194330_pipe_Transolver_train,full,400,400,7,2,0.2009870478
pipe,/home/hwz/Transolver/LINEARNO/monitor/analysis/transolver_monitor_output_20260917_074049/LINEARNO/monitor/output/pipe/20260916_194330_pipe_Transolver_train,full,400,400,7,3,0.1863721202
pipe,/home/hwz/Transolver/LINEARNO/monitor/analysis/transolver_monitor_output_20260917_074049/LINEARNO/monitor/output/pipe/20260916_194330_pipe_Transolver_train,full,400,400,7,4,0.348618671
pipe,/home/hwz/Transolver/LINEARNO/monitor/analysis/transolver_monitor_output_20260917_074049/LINEARNO/monitor/output/pipe/20260916_194330_pipe_Transolver_train,full,400,400,7,5,0.3226351072
pipe,/home/hwz/Transolver/LINEARNO/monitor/analysis/transolver_monitor_output_20260917_074049/LINEARNO/monitor/output/pipe/20260916_194330_pipe_Transolver_train,full,400,400,7,6,0.3289676129
pipe,/home/hwz/Transolver/LINEARNO/monitor/analysis/transolver_monitor_output_20260917_074049/LINEARNO/monitor/output/pipe/20260916_194330_pipe_Transolver_train,full,400,400,7,7,1
pipe,/home/hwz/Transolver/LINEARNO/monitor/analysis/transolver_monitor_output_20260917_074049/LINEARNO/monitor/output/pipe/20260916_194330_pipe_Transolver_train,full,400,400,7,8,0.2939360004
pipe,/home/hwz/Transolver/LINEARNO/monitor/analysis/transolver_monitor_output_20260917_074049/LINEARNO/monitor/output/pipe/20260916_194330_pipe_Transolver_train,full,400,400,8,1,0.4006997636
pipe,/home/hwz/Transolver/LINEARNO/monitor/analysis/transolver_monitor_output_20260917_074049/LINEARNO/monitor/output/pipe/20260916_194330_pipe_Transolver_train,full,400,400,8,2,0.2391822106
pipe,/home/hwz/Transolver/LINEARNO/monitor/analysis/transolver_monitor_output_20260917_074049/LINEARNO/monitor/output/pipe/20260916_194330_pipe_Transolver_train,full,400,400,8,3,0.2995956201
pipe,/home/hwz/Transolver/LINEARNO/monitor/analysis/transolver_monitor_output_20260917_074049/LINEARNO/monitor/output/pipe/20260916_194330_pipe_Transolver_train,full,400,400,8,4,0.3319675042
pipe,/home/hwz/Transolver/LINEARNO/monitor/analysis/transolver_monitor_output_20260917_074049/LINEARNO/monitor/output/pipe/20260916_194330_pipe_Transolver_train,full,400,400,8,5,0.2563580203
pipe,/home/hwz/Transolver/LINEARNO/monitor/analysis/transolver_monitor_output_20260917_074049/LINEARNO/monitor/output/pipe/20260916_194330_pipe_Transolver_train,full,400,400,8,6,0.1563203722
pipe,/home/hwz/Transolver/LINEARNO/monitor/analysis/transolver_monitor_output_20260917_074049/LINEARNO/monitor/output/pipe/20260916_194330_pipe_Transolver_train,full,400,400,8,7,0.2939360004
pipe,/home/hwz/Transolver/LINEARNO/monitor/analysis/transolver_monitor_output_20260917_074049/LINEARNO/monitor/output/pipe/20260916_194330_pipe_Transolver_train,full,400,400,8,8,1
pipe,/home/hwz/Transolver/LINEARNO/monitor/analysis/transolver_monitor_output_20260917_074049/LINEARNO/monitor/output/pipe/20260916_194330_pipe_Transolver_train,full,500,500,1,1,1
pipe,/home/hwz/Transolver/LINEARNO/monitor/analysis/transolver_monitor_output_20260917_074049/LINEARNO/monitor/output/pipe/20260916_194330_pipe_Transolver_train,full,500,500,1,2,0.3165257723
pipe,/home/hwz/Transolver/LINEARNO/monitor/analysis/transolver_monitor_output_20260917_074049/LINEARNO/monitor/output/pipe/20260916_194330_pipe_Transolver_train,full,500,500,1,3,0.4370526201
pipe,/home/hwz/Transolver/LINEARNO/monitor/analysis/transolver_monitor_output_20260917_074049/LINEARNO/monitor/output/pipe/20260916_194330_pipe_Transolver_train,full,500,500,1,4,0.3964669455
pipe,/home/hwz/Transolver/LINEARNO/monitor/analysis/transolver_monitor_output_20260917_074049/LINEARNO/monitor/output/pipe/20260916_194330_pipe_Transolver_train,full,500,500,1,5,0.193121865
pipe,/home/hwz/Transolver/LINEARNO/monitor/analysis/transolver_monitor_output_20260917_074049/LINEARNO/monitor/output/pipe/20260916_194330_pipe_Transolver_train,full,500,500,1,6,0.105288773
pipe,/home/hwz/Transolver/LINEARNO/monitor/analysis/transolver_monitor_output_20260917_074049/LINEARNO/monitor/output/pipe/20260916_194330_pipe_Transolver_train,full,500,500,1,7,0.1879152423
pipe,/home/hwz/Transolver/LINEARNO/monitor/analysis/transolver_monitor_output_20260917_074049/LINEARNO/monitor/output/pipe/20260916_194330_pipe_Transolver_train,full,500,500,1,8,0.4080012138
pipe,/home/hwz/Transolver/LINEARNO/monitor/analysis/transolver_monitor_output_20260917_074049/LINEARNO/monitor/output/pipe/20260916_194330_pipe_Transolver_train,full,500,500,2,1,0.3165257723
pipe,/home/hwz/Transolver/LINEARNO/monitor/analysis/transolver_monitor_output_20260917_074049/LINEARNO/monitor/output/pipe/20260916_194330_pipe_Transolver_train,full,500,500,2,2,1
pipe,/home/hwz/Transolver/LINEARNO/monitor/analysis/transolver_monitor_output_20260917_074049/LINEARNO/monitor/output/pipe/20260916_194330_pipe_Transolver_train,full,500,500,2,3,0.3982992362
pipe,/home/hwz/Transolver/LINEARNO/monitor/analysis/transolver_monitor_output_20260917_074049/LINEARNO/monitor/output/pipe/20260916_194330_pipe_Transolver_train,full,500,500,2,4,0.30578729
pipe,/home/hwz/Transolver/LINEARNO/monitor/analysis/transolver_monitor_output_20260917_074049/LINEARNO/monitor/output/pipe/20260916_194330_pipe_Transolver_train,full,500,500,2,5,0.2525033314
pipe,/home/hwz/Transolver/LINEARNO/monitor/analysis/transolver_monitor_output_20260917_074049/LINEARNO/monitor/output/pipe/20260916_194330_pipe_Transolver_train,full,500,500,2,6,0.1380446028
pipe,/home/hwz/Transolver/LINEARNO/monitor/analysis/transolver_monitor_output_20260917_074049/LINEARNO/monitor/output/pipe/20260916_194330_pipe_Transolver_train,full,500,500,2,7,0.178367583
pipe,/home/hwz/Transolver/LINEARNO/monitor/analysis/transolver_monitor_output_20260917_074049/LINEARNO/monitor/output/pipe/20260916_194330_pipe_Transolver_train,full,500,500,2,8,0.2263736334
pipe,/home/hwz/Transolver/LINEARNO/monitor/analysis/transolver_monitor_output_20260917_074049/LINEARNO/monitor/output/pipe/20260916_194330_pipe_Transolver_train,full,500,500,3,1,0.4370526201
pipe,/home/hwz/Transolver/LINEARNO/monitor/analysis/transolver_monitor_output_20260917_074049/LINEARNO/monitor/output/pipe/20260916_194330_pipe_Transolver_train,full,500,500,3,2,0.3982992362
pipe,/home/hwz/Transolver/LINEARNO/monitor/analysis/transolver_monitor_output_20260917_074049/LINEARNO/monitor/output/pipe/20260916_194330_pipe_Transolver_train,full,500,500,3,3,1
pipe,/home/hwz/Transolver/LINEARNO/monitor/analysis/transolver_monitor_output_20260917_074049/LINEARNO/monitor/output/pipe/20260916_194330_pipe_Transolver_train,full,500,500,3,4,0.2719672061
pipe,/home/hwz/Transolver/LINEARNO/monitor/analysis/transolver_monitor_output_20260917_074049/LINEARNO/monitor/output/pipe/20260916_194330_pipe_Transolver_train,full,500,500,3,5,0.264665525
pipe,/home/hwz/Transolver/LINEARNO/monitor/analysis/transolver_monitor_output_20260917_074049/LINEARNO/monitor/output/pipe/20260916_194330_pipe_Transolver_train,full,500,500,3,6,0.130249022
pipe,/home/hwz/Transolver/LINEARNO/monitor/analysis/transolver_monitor_output_20260917_074049/LINEARNO/monitor/output/pipe/20260916_194330_pipe_Transolver_train,full,500,500,3,7,0.1703951057
pipe,/home/hwz/Transolver/LINEARNO/monitor/analysis/transolver_monitor_output_20260917_074049/LINEARNO/monitor/output/pipe/20260916_194330_pipe_Transolver_train,full,500,500,3,8,0.2781000534
pipe,/home/hwz/Transolver/LINEARNO/monitor/analysis/transolver_monitor_output_20260917_074049/LINEARNO/monitor/output/pipe/20260916_194330_pipe_Transolver_train,full,500,500,4,1,0.3964669455
pipe,/home/hwz/Transolver/LINEARNO/monitor/analysis/transolver_monitor_output_20260917_074049/LINEARNO/monitor/output/pipe/20260916_194330_pipe_Transolver_train,full,500,500,4,2,0.30578729
pipe,/home/hwz/Transolver/LINEARNO/monitor/analysis/transolver_monitor_output_20260917_074049/LINEARNO/monitor/output/pipe/20260916_194330_pipe_Transolver_train,full,500,500,4,3,0.2719672061
pipe,/home/hwz/Transolver/LINEARNO/monitor/analysis/transolver_monitor_output_20260917_074049/LINEARNO/monitor/output/pipe/20260916_194330_pipe_Transolver_train,full,500,500,4,4,1
pipe,/home/hwz/Transolver/LINEARNO/monitor/analysis/transolver_monitor_output_20260917_074049/LINEARNO/monitor/output/pipe/20260916_194330_pipe_Transolver_train,full,500,500,4,5,0.3154755559
pipe,/home/hwz/Transolver/LINEARNO/monitor/analysis/transolver_monitor_output_20260917_074049/LINEARNO/monitor/output/pipe/20260916_194330_pipe_Transolver_train,full,500,500,4,6,0.2224704255
pipe,/home/hwz/Transolver/LINEARNO/monitor/analysis/transolver_monitor_output_20260917_074049/LINEARNO/monitor/output/pipe/20260916_194330_pipe_Transolver_train,full,500,500,4,7,0.3264952104
pipe,/home/hwz/Transolver/LINEARNO/monitor/analysis/transolver_monitor_output_20260917_074049/LINEARNO/monitor/output/pipe/20260916_194330_pipe_Transolver_train,full,500,500,4,8,0.3257983463
pipe,/home/hwz/Transolver/LINEARNO/monitor/analysis/transolver_monitor_output_20260917_074049/LINEARNO/monitor/output/pipe/20260916_194330_pipe_Transolver_train,full,500,500,5,1,0.193121865
pipe,/home/hwz/Transolver/LINEARNO/monitor/analysis/transolver_monitor_output_20260917_074049/LINEARNO/monitor/output/pipe/20260916_194330_pipe_Transolver_train,full,500,500,5,2,0.2525033314
pipe,/home/hwz/Transolver/LINEARNO/monitor/analysis/transolver_monitor_output_20260917_074049/LINEARNO/monitor/output/pipe/20260916_194330_pipe_Transolver_train,full,500,500,5,3,0.264665525
pipe,/home/hwz/Transolver/LINEARNO/monitor/analysis/transolver_monitor_output_20260917_074049/LINEARNO/monitor/output/pipe/20260916_194330_pipe_Transolver_train,full,500,500,5,4,0.3154755559
pipe,/home/hwz/Transolver/LINEARNO/monitor/analysis/transolver_monitor_output_20260917_074049/LINEARNO/monitor/output/pipe/20260916_194330_pipe_Transolver_train,full,500,500,5,5,1
pipe,/home/hwz/Transolver/LINEARNO/monitor/analysis/transolver_monitor_output_20260917_074049/LINEARNO/monitor/output/pipe/20260916_194330_pipe_Transolver_train,full,500,500,5,6,0.2919585503
pipe,/home/hwz/Transolver/LINEARNO/monitor/analysis/transolver_monitor_output_20260917_074049/LINEARNO/monitor/output/pipe/20260916_194330_pipe_Transolver_train,full,500,500,5,7,0.2493371893
pipe,/home/hwz/Transolver/LINEARNO/monitor/analysis/transolver_monitor_output_20260917_074049/LINEARNO/monitor/output/pipe/20260916_194330_pipe_Transolver_train,full,500,500,5,8,0.2073454227
pipe,/home/hwz/Transolver/LINEARNO/monitor/analysis/transolver_monitor_output_20260917_074049/LINEARNO/monitor/output/pipe/20260916_194330_pipe_Transolver_train,full,500,500,6,1,0.105288773
pipe,/home/hwz/Transolver/LINEARNO/monitor/analysis/transolver_monitor_output_20260917_074049/LINEARNO/monitor/output/pipe/20260916_194330_pipe_Transolver_train,full,500,500,6,2,0.1380446028
pipe,/home/hwz/Transolver/LINEARNO/monitor/analysis/transolver_monitor_output_20260917_074049/LINEARNO/monitor/output/pipe/20260916_194330_pipe_Transolver_train,full,500,500,6,3,0.130249022
pipe,/home/hwz/Transolver/LINEARNO/monitor/analysis/transolver_monitor_output_20260917_074049/LINEARNO/monitor/output/pipe/20260916_194330_pipe_Transolver_train,full,500,500,6,4,0.2224704255
pipe,/home/hwz/Transolver/LINEARNO/monitor/analysis/transolver_monitor_output_20260917_074049/LINEARNO/monitor/output/pipe/20260916_194330_pipe_Transolver_train,full,500,500,6,5,0.2919585503
pipe,/home/hwz/Transolver/LINEARNO/monitor/analysis/transolver_monitor_output_20260917_074049/LINEARNO/monitor/output/pipe/20260916_194330_pipe_Transolver_train,full,500,500,6,6,1
pipe,/home/hwz/Transolver/LINEARNO/monitor/analysis/transolver_monitor_output_20260917_074049/LINEARNO/monitor/output/pipe/20260916_194330_pipe_Transolver_train,full,500,500,6,7,0.3334527513
pipe,/home/hwz/Transolver/LINEARNO/monitor/analysis/transolver_monitor_output_20260917_074049/LINEARNO/monitor/output/pipe/20260916_194330_pipe_Transolver_train,full,500,500,6,8,0.174152673
pipe,/home/hwz/Transolver/LINEARNO/monitor/analysis/transolver_monitor_output_20260917_074049/LINEARNO/monitor/output/pipe/20260916_194330_pipe_Transolver_train,full,500,500,7,1,0.1879152423
pipe,/home/hwz/Transolver/LINEARNO/monitor/analysis/transolver_monitor_output_20260917_074049/LINEARNO/monitor/output/pipe/20260916_194330_pipe_Transolver_train,full,500,500,7,2,0.178367583
pipe,/home/hwz/Transolver/LINEARNO/monitor/analysis/transolver_monitor_output_20260917_074049/LINEARNO/monitor/output/pipe/20260916_194330_pipe_Transolver_train,full,500,500,7,3,0.1703951057
pipe,/home/hwz/Transolver/LINEARNO/monitor/analysis/transolver_monitor_output_20260917_074049/LINEARNO/monitor/output/pipe/20260916_194330_pipe_Transolver_train,full,500,500,7,4,0.3264952104
pipe,/home/hwz/Transolver/LINEARNO/monitor/analysis/transolver_monitor_output_20260917_074049/LINEARNO/monitor/output/pipe/20260916_194330_pipe_Transolver_train,full,500,500,7,5,0.2493371893
pipe,/home/hwz/Transolver/LINEARNO/monitor/analysis/transolver_monitor_output_20260917_074049/LINEARNO/monitor/output/pipe/20260916_194330_pipe_Transolver_train,full,500,500,7,6,0.3334527513
pipe,/home/hwz/Transolver/LINEARNO/monitor/analysis/transolver_monitor_output_20260917_074049/LINEARNO/monitor/output/pipe/20260916_194330_pipe_Transolver_train,full,500,500,7,7,1
pipe,/home/hwz/Transolver/LINEARNO/monitor/analysis/transolver_monitor_output_20260917_074049/LINEARNO/monitor/output/pipe/20260916_194330_pipe_Transolver_train,full,500,500,7,8,0.2778129629
pipe,/home/hwz/Transolver/LINEARNO/monitor/analysis/transolver_monitor_output_20260917_074049/LINEARNO/monitor/output/pipe/20260916_194330_pipe_Transolver_train,full,500,500,8,1,0.4080012138
pipe,/home/hwz/Transolver/LINEARNO/monitor/analysis/transolver_monitor_output_20260917_074049/LINEARNO/monitor/output/pipe/20260916_194330_pipe_Transolver_train,full,500,500,8,2,0.2263736334
pipe,/home/hwz/Transolver/LINEARNO/monitor/analysis/transolver_monitor_output_20260917_074049/LINEARNO/monitor/output/pipe/20260916_194330_pipe_Transolver_train,full,500,500,8,3,0.2781000534
pipe,/home/hwz/Transolver/LINEARNO/monitor/analysis/transolver_monitor_output_20260917_074049/LINEARNO/monitor/output/pipe/20260916_194330_pipe_Transolver_train,full,500,500,8,4,0.3257983463
pipe,/home/hwz/Transolver/LINEARNO/monitor/analysis/transolver_monitor_output_20260917_074049/LINEARNO/monitor/output/pipe/20260916_194330_pipe_Transolver_train,full,500,500,8,5,0.2073454227
pipe,/home/hwz/Transolver/LINEARNO/monitor/analysis/transolver_monitor_output_20260917_074049/LINEARNO/monitor/output/pipe/20260916_194330_pipe_Transolver_train,full,500,500,8,6,0.174152673
pipe,/home/hwz/Transolver/LINEARNO/monitor/analysis/transolver_monitor_output_20260917_074049/LINEARNO/monitor/output/pipe/20260916_194330_pipe_Transolver_train,full,500,500,8,7,0.2778129629
pipe,/home/hwz/Transolver/LINEARNO/monitor/analysis/transolver_monitor_output_20260917_074049/LINEARNO/monitor/output/pipe/20260916_194330_pipe_Transolver_train,full,500,500,8,8,1
