dataset,run_directory,kernel,requested_epoch,source_validation_index,layer_i,layer_j,similarity
standard_airfoil,/home/hwz/Transolver/LINEARNO/monitor/analysis/transolver_monitor_output_20260917_074049/LINEARNO/monitor/output/standard_airfoil/20260916_193631_standard_airfoil_Transolver_train,base,1,1,1,1,1
standard_airfoil,/home/hwz/Transolver/LINEARNO/monitor/analysis/transolver_monitor_output_20260917_074049/LINEARNO/monitor/output/standard_airfoil/20260916_193631_standard_airfoil_Transolver_train,base,1,1,1,2,0.9997715186
standard_airfoil,/home/hwz/Transolver/LINEARNO/monitor/analysis/transolver_monitor_output_20260917_074049/LINEARNO/monitor/output/standard_airfoil/20260916_193631_standard_airfoil_Transolver_train,base,1,1,1,3,0.9997560512
standard_airfoil,/home/hwz/Transolver/LINEARNO/monitor/analysis/transolver_monitor_output_20260917_074049/LINEARNO/monitor/output/standard_airfoil/20260916_193631_standard_airfoil_Transolver_train,base,1,1,1,4,0.9997362476
standard_airfoil,/home/hwz/Transolver/LINEARNO/monitor/analysis/transolver_monitor_output_20260917_074049/LINEARNO/monitor/output/standard_airfoil/20260916_193631_standard_airfoil_Transolver_train,base,1,1,1,5,0.9997458756
standard_airfoil,/home/hwz/Transolver/LINEARNO/monitor/analysis/transolver_monitor_output_20260917_074049/LINEARNO/monitor/output/standard_airfoil/20260916_193631_standard_airfoil_Transolver_train,base,1,1,1,6,0.9997248668
standard_airfoil,/home/hwz/Transolver/LINEARNO/monitor/analysis/transolver_monitor_output_20260917_074049/LINEARNO/monitor/output/standard_airfoil/20260916_193631_standard_airfoil_Transolver_train,base,1,1,1,7,0.9997265637
standard_airfoil,/home/hwz/Transolver/LINEARNO/monitor/analysis/transolver_monitor_output_20260917_074049/LINEARNO/monitor/output/standard_airfoil/20260916_193631_standard_airfoil_Transolver_train,base,1,1,1,8,0.999711249
standard_airfoil,/home/hwz/Transolver/LINEARNO/monitor/analysis/transolver_monitor_output_20260917_074049/LINEARNO/monitor/output/standard_airfoil/20260916_193631_standard_airfoil_Transolver_train,base,1,1,2,1,0.9997715186
standard_airfoil,/home/hwz/Transolver/LINEARNO/monitor/analysis/transolver_monitor_output_20260917_074049/LINEARNO/monitor/output/standard_airfoil/20260916_193631_standard_airfoil_Transolver_train,base,1,1,2,2,1
standard_airfoil,/home/hwz/Transolver/LINEARNO/monitor/analysis/transolver_monitor_output_20260917_074049/LINEARNO/monitor/output/standard_airfoil/20260916_193631_standard_airfoil_Transolver_train,base,1,1,2,3,1
standard_airfoil,/home/hwz/Transolver/LINEARNO/monitor/analysis/transolver_monitor_output_20260917_074049/LINEARNO/monitor/output/standard_airfoil/20260916_193631_standard_airfoil_Transolver_train,base,1,1,2,4,1
standard_airfoil,/home/hwz/Transolver/LINEARNO/monitor/analysis/transolver_monitor_output_20260917_074049/LINEARNO/monitor/output/standard_airfoil/20260916_193631_standard_airfoil_Transolver_train,base,1,1,2,5,1
standard_airfoil,/home/hwz/Transolver/LINEARNO/monitor/analysis/transolver_monitor_output_20260917_074049/LINEARNO/monitor/output/standard_airfoil/20260916_193631_standard_airfoil_Transolver_train,base,1,1,2,6,1
standard_airfoil,/home/hwz/Transolver/LINEARNO/monitor/analysis/transolver_monitor_output_20260917_074049/LINEARNO/monitor/output/standard_airfoil/20260916_193631_standard_airfoil_Transolver_train,base,1,1,2,7,1
standard_airfoil,/home/hwz/Transolver/LINEARNO/monitor/analysis/transolver_monitor_output_20260917_074049/LINEARNO/monitor/output/standard_airfoil/20260916_193631_standard_airfoil_Transolver_train,base,1,1,2,8,1
standard_airfoil,/home/hwz/Transolver/LINEARNO/monitor/analysis/transolver_monitor_output_20260917_074049/LINEARNO/monitor/output/standard_airfoil/20260916_193631_standard_airfoil_Transolver_train,base,1,1,3,1,0.9997560512
standard_airfoil,/home/hwz/Transolver/LINEARNO/monitor/analysis/transolver_monitor_output_20260917_074049/LINEARNO/monitor/output/standard_airfoil/20260916_193631_standard_airfoil_Transolver_train,base,1,1,3,2,1
standard_airfoil,/home/hwz/Transolver/LINEARNO/monitor/analysis/transolver_monitor_output_20260917_074049/LINEARNO/monitor/output/standard_airfoil/20260916_193631_standard_airfoil_Transolver_train,base,1,1,3,3,1
standard_airfoil,/home/hwz/Transolver/LINEARNO/monitor/analysis/transolver_monitor_output_20260917_074049/LINEARNO/monitor/output/standard_airfoil/20260916_193631_standard_airfoil_Transolver_train,base,1,1,3,4,1
standard_airfoil,/home/hwz/Transolver/LINEARNO/monitor/analysis/transolver_monitor_output_20260917_074049/LINEARNO/monitor/output/standard_airfoil/20260916_193631_standard_airfoil_Transolver_train,base,1,1,3,5,1
standard_airfoil,/home/hwz/Transolver/LINEARNO/monitor/analysis/transolver_monitor_output_20260917_074049/LINEARNO/monitor/output/standard_airfoil/20260916_193631_standard_airfoil_Transolver_train,base,1,1,3,6,1
standard_airfoil,/home/hwz/Transolver/LINEARNO/monitor/analysis/transolver_monitor_output_20260917_074049/LINEARNO/monitor/output/standard_airfoil/20260916_193631_standard_airfoil_Transolver_train,base,1,1,3,7,1
standard_airfoil,/home/hwz/Transolver/LINEARNO/monitor/analysis/transolver_monitor_output_20260917_074049/LINEARNO/monitor/output/standard_airfoil/20260916_193631_standard_airfoil_Transolver_train,base,1,1,3,8,1
standard_airfoil,/home/hwz/Transolver/LINEARNO/monitor/analysis/transolver_monitor_output_20260917_074049/LINEARNO/monitor/output/standard_airfoil/20260916_193631_standard_airfoil_Transolver_train,base,1,1,4,1,0.9997362476
standard_airfoil,/home/hwz/Transolver/LINEARNO/monitor/analysis/transolver_monitor_output_20260917_074049/LINEARNO/monitor/output/standard_airfoil/20260916_193631_standard_airfoil_Transolver_train,base,1,1,4,2,1
standard_airfoil,/home/hwz/Transolver/LINEARNO/monitor/analysis/transolver_monitor_output_20260917_074049/LINEARNO/monitor/output/standard_airfoil/20260916_193631_standard_airfoil_Transolver_train,base,1,1,4,3,1
standard_airfoil,/home/hwz/Transolver/LINEARNO/monitor/analysis/transolver_monitor_output_20260917_074049/LINEARNO/monitor/output/standard_airfoil/20260916_193631_standard_airfoil_Transolver_train,base,1,1,4,4,1
standard_airfoil,/home/hwz/Transolver/LINEARNO/monitor/analysis/transolver_monitor_output_20260917_074049/LINEARNO/monitor/output/standard_airfoil/20260916_193631_standard_airfoil_Transolver_train,base,1,1,4,5,1
standard_airfoil,/home/hwz/Transolver/LINEARNO/monitor/analysis/transolver_monitor_output_20260917_074049/LINEARNO/monitor/output/standard_airfoil/20260916_193631_standard_airfoil_Transolver_train,base,1,1,4,6,1
standard_airfoil,/home/hwz/Transolver/LINEARNO/monitor/analysis/transolver_monitor_output_20260917_074049/LINEARNO/monitor/output/standard_airfoil/20260916_193631_standard_airfoil_Transolver_train,base,1,1,4,7,1
standard_airfoil,/home/hwz/Transolver/LINEARNO/monitor/analysis/transolver_monitor_output_20260917_074049/LINEARNO/monitor/output/standard_airfoil/20260916_193631_standard_airfoil_Transolver_train,base,1,1,4,8,1
standard_airfoil,/home/hwz/Transolver/LINEARNO/monitor/analysis/transolver_monitor_output_20260917_074049/LINEARNO/monitor/output/standard_airfoil/20260916_193631_standard_airfoil_Transolver_train,base,1,1,5,1,0.9997458756
standard_airfoil,/home/hwz/Transolver/LINEARNO/monitor/analysis/transolver_monitor_output_20260917_074049/LINEARNO/monitor/output/standard_airfoil/20260916_193631_standard_airfoil_Transolver_train,base,1,1,5,2,1
standard_airfoil,/home/hwz/Transolver/LINEARNO/monitor/analysis/transolver_monitor_output_20260917_074049/LINEARNO/monitor/output/standard_airfoil/20260916_193631_standard_airfoil_Transolver_train,base,1,1,5,3,1
standard_airfoil,/home/hwz/Transolver/LINEARNO/monitor/analysis/transolver_monitor_output_20260917_074049/LINEARNO/monitor/output/standard_airfoil/20260916_193631_standard_airfoil_Transolver_train,base,1,1,5,4,1
standard_airfoil,/home/hwz/Transolver/LINEARNO/monitor/analysis/transolver_monitor_output_20260917_074049/LINEARNO/monitor/output/standard_airfoil/20260916_193631_standard_airfoil_Transolver_train,base,1,1,5,5,1
standard_airfoil,/home/hwz/Transolver/LINEARNO/monitor/analysis/transolver_monitor_output_20260917_074049/LINEARNO/monitor/output/standard_airfoil/20260916_193631_standard_airfoil_Transolver_train,base,1,1,5,6,1
standard_airfoil,/home/hwz/Transolver/LINEARNO/monitor/analysis/transolver_monitor_output_20260917_074049/LINEARNO/monitor/output/standard_airfoil/20260916_193631_standard_airfoil_Transolver_train,base,1,1,5,7,1
standard_airfoil,/home/hwz/Transolver/LINEARNO/monitor/analysis/transolver_monitor_output_20260917_074049/LINEARNO/monitor/output/standard_airfoil/20260916_193631_standard_airfoil_Transolver_train,base,1,1,5,8,1
standard_airfoil,/home/hwz/Transolver/LINEARNO/monitor/analysis/transolver_monitor_output_20260917_074049/LINEARNO/monitor/output/standard_airfoil/20260916_193631_standard_airfoil_Transolver_train,base,1,1,6,1,0.9997248668
standard_airfoil,/home/hwz/Transolver/LINEARNO/monitor/analysis/transolver_monitor_output_20260917_074049/LINEARNO/monitor/output/standard_airfoil/20260916_193631_standard_airfoil_Transolver_train,base,1,1,6,2,1
standard_airfoil,/home/hwz/Transolver/LINEARNO/monitor/analysis/transolver_monitor_output_20260917_074049/LINEARNO/monitor/output/standard_airfoil/20260916_193631_standard_airfoil_Transolver_train,base,1,1,6,3,1
standard_airfoil,/home/hwz/Transolver/LINEARNO/monitor/analysis/transolver_monitor_output_20260917_074049/LINEARNO/monitor/output/standard_airfoil/20260916_193631_standard_airfoil_Transolver_train,base,1,1,6,4,1
standard_airfoil,/home/hwz/Transolver/LINEARNO/monitor/analysis/transolver_monitor_output_20260917_074049/LINEARNO/monitor/output/standard_airfoil/20260916_193631_standard_airfoil_Transolver_train,base,1,1,6,5,1
standard_airfoil,/home/hwz/Transolver/LINEARNO/monitor/analysis/transolver_monitor_output_20260917_074049/LINEARNO/monitor/output/standard_airfoil/20260916_193631_standard_airfoil_Transolver_train,base,1,1,6,6,1
standard_airfoil,/home/hwz/Transolver/LINEARNO/monitor/analysis/transolver_monitor_output_20260917_074049/LINEARNO/monitor/output/standard_airfoil/20260916_193631_standard_airfoil_Transolver_train,base,1,1,6,7,1
standard_airfoil,/home/hwz/Transolver/LINEARNO/monitor/analysis/transolver_monitor_output_20260917_074049/LINEARNO/monitor/output/standard_airfoil/20260916_193631_standard_airfoil_Transolver_train,base,1,1,6,8,1
standard_airfoil,/home/hwz/Transolver/LINEARNO/monitor/analysis/transolver_monitor_output_20260917_074049/LINEARNO/monitor/output/standard_airfoil/20260916_193631_standard_airfoil_Transolver_train,base,1,1,7,1,0.9997265637
standard_airfoil,/home/hwz/Transolver/LINEARNO/monitor/analysis/transolver_monitor_output_20260917_074049/LINEARNO/monitor/output/standard_airfoil/20260916_193631_standard_airfoil_Transolver_train,base,1,1,7,2,1
standard_airfoil,/home/hwz/Transolver/LINEARNO/monitor/analysis/transolver_monitor_output_20260917_074049/LINEARNO/monitor/output/standard_airfoil/20260916_193631_standard_airfoil_Transolver_train,base,1,1,7,3,1
standard_airfoil,/home/hwz/Transolver/LINEARNO/monitor/analysis/transolver_monitor_output_20260917_074049/LINEARNO/monitor/output/standard_airfoil/20260916_193631_standard_airfoil_Transolver_train,base,1,1,7,4,1
standard_airfoil,/home/hwz/Transolver/LINEARNO/monitor/analysis/transolver_monitor_output_20260917_074049/LINEARNO/monitor/output/standard_airfoil/20260916_193631_standard_airfoil_Transolver_train,base,1,1,7,5,1
standard_airfoil,/home/hwz/Transolver/LINEARNO/monitor/analysis/transolver_monitor_output_20260917_074049/LINEARNO/monitor/output/standard_airfoil/20260916_193631_standard_airfoil_Transolver_train,base,1,1,7,6,1
standard_airfoil,/home/hwz/Transolver/LINEARNO/monitor/analysis/transolver_monitor_output_20260917_074049/LINEARNO/monitor/output/standard_airfoil/20260916_193631_standard_airfoil_Transolver_train,base,1,1,7,7,1
standard_airfoil,/home/hwz/Transolver/LINEARNO/monitor/analysis/transolver_monitor_output_20260917_074049/LINEARNO/monitor/output/standard_airfoil/20260916_193631_standard_airfoil_Transolver_train,base,1,1,7,8,1
standard_airfoil,/home/hwz/Transolver/LINEARNO/monitor/analysis/transolver_monitor_output_20260917_074049/LINEARNO/monitor/output/standard_airfoil/20260916_193631_standard_airfoil_Transolver_train,base,1,1,8,1,0.999711249
standard_airfoil,/home/hwz/Transolver/LINEARNO/monitor/analysis/transolver_monitor_output_20260917_074049/LINEARNO/monitor/output/standard_airfoil/20260916_193631_standard_airfoil_Transolver_train,base,1,1,8,2,1
standard_airfoil,/home/hwz/Transolver/LINEARNO/monitor/analysis/transolver_monitor_output_20260917_074049/LINEARNO/monitor/output/standard_airfoil/20260916_193631_standard_airfoil_Transolver_train,base,1,1,8,3,1
standard_airfoil,/home/hwz/Transolver/LINEARNO/monitor/analysis/transolver_monitor_output_20260917_074049/LINEARNO/monitor/output/standard_airfoil/20260916_193631_standard_airfoil_Transolver_train,base,1,1,8,4,1
standard_airfoil,/home/hwz/Transolver/LINEARNO/monitor/analysis/transolver_monitor_output_20260917_074049/LINEARNO/monitor/output/standard_airfoil/20260916_193631_standard_airfoil_Transolver_train,base,1,1,8,5,1
standard_airfoil,/home/hwz/Transolver/LINEARNO/monitor/analysis/transolver_monitor_output_20260917_074049/LINEARNO/monitor/output/standard_airfoil/20260916_193631_standard_airfoil_Transolver_train,base,1,1,8,6,1
standard_airfoil,/home/hwz/Transolver/LINEARNO/monitor/analysis/transolver_monitor_output_20260917_074049/LINEARNO/monitor/output/standard_airfoil/20260916_193631_standard_airfoil_Transolver_train,base,1,1,8,7,1
standard_airfoil,/home/hwz/Transolver/LINEARNO/monitor/analysis/transolver_monitor_output_20260917_074049/LINEARNO/monitor/output/standard_airfoil/20260916_193631_standard_airfoil_Transolver_train,base,1,1,8,8,1
standard_airfoil,/home/hwz/Transolver/LINEARNO/monitor/analysis/transolver_monitor_output_20260917_074049/LINEARNO/monitor/output/standard_airfoil/20260916_193631_standard_airfoil_Transolver_train,base,100,100,1,1,1
standard_airfoil,/home/hwz/Transolver/LINEARNO/monitor/analysis/transolver_monitor_output_20260917_074049/LINEARNO/monitor/output/standard_airfoil/20260916_193631_standard_airfoil_Transolver_train,base,100,100,1,2,0.6937951874
standard_airfoil,/home/hwz/Transolver/LINEARNO/monitor/analysis/transolver_monitor_output_20260917_074049/LINEARNO/monitor/output/standard_airfoil/20260916_193631_standard_airfoil_Transolver_train,base,100,100,1,3,0.5025779605
standard_airfoil,/home/hwz/Transolver/LINEARNO/monitor/analysis/transolver_monitor_output_20260917_074049/LINEARNO/monitor/output/standard_airfoil/20260916_193631_standard_airfoil_Transolver_train,base,100,100,1,4,0.4747003475
standard_airfoil,/home/hwz/Transolver/LINEARNO/monitor/analysis/transolver_monitor_output_20260917_074049/LINEARNO/monitor/output/standard_airfoil/20260916_193631_standard_airfoil_Transolver_train,base,100,100,1,5,0.5783510236
standard_airfoil,/home/hwz/Transolver/LINEARNO/monitor/analysis/transolver_monitor_output_20260917_074049/LINEARNO/monitor/output/standard_airfoil/20260916_193631_standard_airfoil_Transolver_train,base,100,100,1,6,0.6833196916
standard_airfoil,/home/hwz/Transolver/LINEARNO/monitor/analysis/transolver_monitor_output_20260917_074049/LINEARNO/monitor/output/standard_airfoil/20260916_193631_standard_airfoil_Transolver_train,base,100,100,1,7,0.693668535
standard_airfoil,/home/hwz/Transolver/LINEARNO/monitor/analysis/transolver_monitor_output_20260917_074049/LINEARNO/monitor/output/standard_airfoil/20260916_193631_standard_airfoil_Transolver_train,base,100,100,1,8,0.6883476693
standard_airfoil,/home/hwz/Transolver/LINEARNO/monitor/analysis/transolver_monitor_output_20260917_074049/LINEARNO/monitor/output/standard_airfoil/20260916_193631_standard_airfoil_Transolver_train,base,100,100,2,1,0.6937951874
standard_airfoil,/home/hwz/Transolver/LINEARNO/monitor/analysis/transolver_monitor_output_20260917_074049/LINEARNO/monitor/output/standard_airfoil/20260916_193631_standard_airfoil_Transolver_train,base,100,100,2,2,1
standard_airfoil,/home/hwz/Transolver/LINEARNO/monitor/analysis/transolver_monitor_output_20260917_074049/LINEARNO/monitor/output/standard_airfoil/20260916_193631_standard_airfoil_Transolver_train,base,100,100,2,3,0.544810445
standard_airfoil,/home/hwz/Transolver/LINEARNO/monitor/analysis/transolver_monitor_output_20260917_074049/LINEARNO/monitor/output/standard_airfoil/20260916_193631_standard_airfoil_Transolver_train,base,100,100,2,4,0.5512345564
standard_airfoil,/home/hwz/Transolver/LINEARNO/monitor/analysis/transolver_monitor_output_20260917_074049/LINEARNO/monitor/output/standard_airfoil/20260916_193631_standard_airfoil_Transolver_train,base,100,100,2,5,0.6943296138
standard_airfoil,/home/hwz/Transolver/LINEARNO/monitor/analysis/transolver_monitor_output_20260917_074049/LINEARNO/monitor/output/standard_airfoil/20260916_193631_standard_airfoil_Transolver_train,base,100,100,2,6,0.9625449199
standard_airfoil,/home/hwz/Transolver/LINEARNO/monitor/analysis/transolver_monitor_output_20260917_074049/LINEARNO/monitor/output/standard_airfoil/20260916_193631_standard_airfoil_Transolver_train,base,100,100,2,7,0.9669098724
standard_airfoil,/home/hwz/Transolver/LINEARNO/monitor/analysis/transolver_monitor_output_20260917_074049/LINEARNO/monitor/output/standard_airfoil/20260916_193631_standard_airfoil_Transolver_train,base,100,100,2,8,0.9850555211
standard_airfoil,/home/hwz/Transolver/LINEARNO/monitor/analysis/transolver_monitor_output_20260917_074049/LINEARNO/monitor/output/standard_airfoil/20260916_193631_standard_airfoil_Transolver_train,base,100,100,3,1,0.5025779605
standard_airfoil,/home/hwz/Transolver/LINEARNO/monitor/analysis/transolver_monitor_output_20260917_074049/LINEARNO/monitor/output/standard_airfoil/20260916_193631_standard_airfoil_Transolver_train,base,100,100,3,2,0.544810445
standard_airfoil,/home/hwz/Transolver/LINEARNO/monitor/analysis/transolver_monitor_output_20260917_074049/LINEARNO/monitor/output/standard_airfoil/20260916_193631_standard_airfoil_Transolver_train,base,100,100,3,3,1
standard_airfoil,/home/hwz/Transolver/LINEARNO/monitor/analysis/transolver_monitor_output_20260917_074049/LINEARNO/monitor/output/standard_airfoil/20260916_193631_standard_airfoil_Transolver_train,base,100,100,3,4,0.4790906254
standard_airfoil,/home/hwz/Transolver/LINEARNO/monitor/analysis/transolver_monitor_output_20260917_074049/LINEARNO/monitor/output/standard_airfoil/20260916_193631_standard_airfoil_Transolver_train,base,100,100,3,5,0.5045831921
standard_airfoil,/home/hwz/Transolver/LINEARNO/monitor/analysis/transolver_monitor_output_20260917_074049/LINEARNO/monitor/output/standard_airfoil/20260916_193631_standard_airfoil_Transolver_train,base,100,100,3,6,0.5421309825
standard_airfoil,/home/hwz/Transolver/LINEARNO/monitor/analysis/transolver_monitor_output_20260917_074049/LINEARNO/monitor/output/standard_airfoil/20260916_193631_standard_airfoil_Transolver_train,base,100,100,3,7,0.543661939
standard_airfoil,/home/hwz/Transolver/LINEARNO/monitor/analysis/transolver_monitor_output_20260917_074049/LINEARNO/monitor/output/standard_airfoil/20260916_193631_standard_airfoil_Transolver_train,base,100,100,3,8,0.5473258682
standard_airfoil,/home/hwz/Transolver/LINEARNO/monitor/analysis/transolver_monitor_output_20260917_074049/LINEARNO/monitor/output/standard_airfoil/20260916_193631_standard_airfoil_Transolver_train,base,100,100,4,1,0.4747003475
standard_airfoil,/home/hwz/Transolver/LINEARNO/monitor/analysis/transolver_monitor_output_20260917_074049/LINEARNO/monitor/output/standard_airfoil/20260916_193631_standard_airfoil_Transolver_train,base,100,100,4,2,0.5512345564
standard_airfoil,/home/hwz/Transolver/LINEARNO/monitor/analysis/transolver_monitor_output_20260917_074049/LINEARNO/monitor/output/standard_airfoil/20260916_193631_standard_airfoil_Transolver_train,base,100,100,4,3,0.4790906254
standard_airfoil,/home/hwz/Transolver/LINEARNO/monitor/analysis/transolver_monitor_output_20260917_074049/LINEARNO/monitor/output/standard_airfoil/20260916_193631_standard_airfoil_Transolver_train,base,100,100,4,4,1
standard_airfoil,/home/hwz/Transolver/LINEARNO/monitor/analysis/transolver_monitor_output_20260917_074049/LINEARNO/monitor/output/standard_airfoil/20260916_193631_standard_airfoil_Transolver_train,base,100,100,4,5,0.5277437335
standard_airfoil,/home/hwz/Transolver/LINEARNO/monitor/analysis/transolver_monitor_output_20260917_074049/LINEARNO/monitor/output/standard_airfoil/20260916_193631_standard_airfoil_Transolver_train,base,100,100,4,6,0.5573725887
standard_airfoil,/home/hwz/Transolver/LINEARNO/monitor/analysis/transolver_monitor_output_20260917_074049/LINEARNO/monitor/output/standard_airfoil/20260916_193631_standard_airfoil_Transolver_train,base,100,100,4,7,0.5670366799
standard_airfoil,/home/hwz/Transolver/LINEARNO/monitor/analysis/transolver_monitor_output_20260917_074049/LINEARNO/monitor/output/standard_airfoil/20260916_193631_standard_airfoil_Transolver_train,base,100,100,4,8,0.558156766
standard_airfoil,/home/hwz/Transolver/LINEARNO/monitor/analysis/transolver_monitor_output_20260917_074049/LINEARNO/monitor/output/standard_airfoil/20260916_193631_standard_airfoil_Transolver_train,base,100,100,5,1,0.5783510236
standard_airfoil,/home/hwz/Transolver/LINEARNO/monitor/analysis/transolver_monitor_output_20260917_074049/LINEARNO/monitor/output/standard_airfoil/20260916_193631_standard_airfoil_Transolver_train,base,100,100,5,2,0.6943296138
standard_airfoil,/home/hwz/Transolver/LINEARNO/monitor/analysis/transolver_monitor_output_20260917_074049/LINEARNO/monitor/output/standard_airfoil/20260916_193631_standard_airfoil_Transolver_train,base,100,100,5,3,0.5045831921
standard_airfoil,/home/hwz/Transolver/LINEARNO/monitor/analysis/transolver_monitor_output_20260917_074049/LINEARNO/monitor/output/standard_airfoil/20260916_193631_standard_airfoil_Transolver_train,base,100,100,5,4,0.5277437335
standard_airfoil,/home/hwz/Transolver/LINEARNO/monitor/analysis/transolver_monitor_output_20260917_074049/LINEARNO/monitor/output/standard_airfoil/20260916_193631_standard_airfoil_Transolver_train,base,100,100,5,5,1
standard_airfoil,/home/hwz/Transolver/LINEARNO/monitor/analysis/transolver_monitor_output_20260917_074049/LINEARNO/monitor/output/standard_airfoil/20260916_193631_standard_airfoil_Transolver_train,base,100,100,5,6,0.6832079869
standard_airfoil,/home/hwz/Transolver/LINEARNO/monitor/analysis/transolver_monitor_output_20260917_074049/LINEARNO/monitor/output/standard_airfoil/20260916_193631_standard_airfoil_Transolver_train,base,100,100,5,7,0.6924377661
standard_airfoil,/home/hwz/Transolver/LINEARNO/monitor/analysis/transolver_monitor_output_20260917_074049/LINEARNO/monitor/output/standard_airfoil/20260916_193631_standard_airfoil_Transolver_train,base,100,100,5,8,0.6995493099
standard_airfoil,/home/hwz/Transolver/LINEARNO/monitor/analysis/transolver_monitor_output_20260917_074049/LINEARNO/monitor/output/standard_airfoil/20260916_193631_standard_airfoil_Transolver_train,base,100,100,6,1,0.6833196916
standard_airfoil,/home/hwz/Transolver/LINEARNO/monitor/analysis/transolver_monitor_output_20260917_074049/LINEARNO/monitor/output/standard_airfoil/20260916_193631_standard_airfoil_Transolver_train,base,100,100,6,2,0.9625449199
standard_airfoil,/home/hwz/Transolver/LINEARNO/monitor/analysis/transolver_monitor_output_20260917_074049/LINEARNO/monitor/output/standard_airfoil/20260916_193631_standard_airfoil_Transolver_train,base,100,100,6,3,0.5421309825
standard_airfoil,/home/hwz/Transolver/LINEARNO/monitor/analysis/transolver_monitor_output_20260917_074049/LINEARNO/monitor/output/standard_airfoil/20260916_193631_standard_airfoil_Transolver_train,base,100,100,6,4,0.5573725887
standard_airfoil,/home/hwz/Transolver/LINEARNO/monitor/analysis/transolver_monitor_output_20260917_074049/LINEARNO/monitor/output/standard_airfoil/20260916_193631_standard_airfoil_Transolver_train,base,100,100,6,5,0.6832079869
standard_airfoil,/home/hwz/Transolver/LINEARNO/monitor/analysis/transolver_monitor_output_20260917_074049/LINEARNO/monitor/output/standard_airfoil/20260916_193631_standard_airfoil_Transolver_train,base,100,100,6,6,1
standard_airfoil,/home/hwz/Transolver/LINEARNO/monitor/analysis/transolver_monitor_output_20260917_074049/LINEARNO/monitor/output/standard_airfoil/20260916_193631_standard_airfoil_Transolver_train,base,100,100,6,7,0.9709850587
standard_airfoil,/home/hwz/Transolver/LINEARNO/monitor/analysis/transolver_monitor_output_20260917_074049/LINEARNO/monitor/output/standard_airfoil/20260916_193631_standard_airfoil_Transolver_train,base,100,100,6,8,0.9655034132
standard_airfoil,/home/hwz/Transolver/LINEARNO/monitor/analysis/transolver_monitor_output_20260917_074049/LINEARNO/monitor/output/standard_airfoil/20260916_193631_standard_airfoil_Transolver_train,base,100,100,7,1,0.693668535
standard_airfoil,/home/hwz/Transolver/LINEARNO/monitor/analysis/transolver_monitor_output_20260917_074049/LINEARNO/monitor/output/standard_airfoil/20260916_193631_standard_airfoil_Transolver_train,base,100,100,7,2,0.9669098724
standard_airfoil,/home/hwz/Transolver/LINEARNO/monitor/analysis/transolver_monitor_output_20260917_074049/LINEARNO/monitor/output/standard_airfoil/20260916_193631_standard_airfoil_Transolver_train,base,100,100,7,3,0.543661939
standard_airfoil,/home/hwz/Transolver/LINEARNO/monitor/analysis/transolver_monitor_output_20260917_074049/LINEARNO/monitor/output/standard_airfoil/20260916_193631_standard_airfoil_Transolver_train,base,100,100,7,4,0.5670366799
standard_airfoil,/home/hwz/Transolver/LINEARNO/monitor/analysis/transolver_monitor_output_20260917_074049/LINEARNO/monitor/output/standard_airfoil/20260916_193631_standard_airfoil_Transolver_train,base,100,100,7,5,0.6924377661
standard_airfoil,/home/hwz/Transolver/LINEARNO/monitor/analysis/transolver_monitor_output_20260917_074049/LINEARNO/monitor/output/standard_airfoil/20260916_193631_standard_airfoil_Transolver_train,base,100,100,7,6,0.9709850587
standard_airfoil,/home/hwz/Transolver/LINEARNO/monitor/analysis/transolver_monitor_output_20260917_074049/LINEARNO/monitor/output/standard_airfoil/20260916_193631_standard_airfoil_Transolver_train,base,100,100,7,7,1
standard_airfoil,/home/hwz/Transolver/LINEARNO/monitor/analysis/transolver_monitor_output_20260917_074049/LINEARNO/monitor/output/standard_airfoil/20260916_193631_standard_airfoil_Transolver_train,base,100,100,7,8,0.9748736229
standard_airfoil,/home/hwz/Transolver/LINEARNO/monitor/analysis/transolver_monitor_output_20260917_074049/LINEARNO/monitor/output/standard_airfoil/20260916_193631_standard_airfoil_Transolver_train,base,100,100,8,1,0.6883476693
standard_airfoil,/home/hwz/Transolver/LINEARNO/monitor/analysis/transolver_monitor_output_20260917_074049/LINEARNO/monitor/output/standard_airfoil/20260916_193631_standard_airfoil_Transolver_train,base,100,100,8,2,0.9850555211
standard_airfoil,/home/hwz/Transolver/LINEARNO/monitor/analysis/transolver_monitor_output_20260917_074049/LINEARNO/monitor/output/standard_airfoil/20260916_193631_standard_airfoil_Transolver_train,base,100,100,8,3,0.5473258682
standard_airfoil,/home/hwz/Transolver/LINEARNO/monitor/analysis/transolver_monitor_output_20260917_074049/LINEARNO/monitor/output/standard_airfoil/20260916_193631_standard_airfoil_Transolver_train,base,100,100,8,4,0.558156766
standard_airfoil,/home/hwz/Transolver/LINEARNO/monitor/analysis/transolver_monitor_output_20260917_074049/LINEARNO/monitor/output/standard_airfoil/20260916_193631_standard_airfoil_Transolver_train,base,100,100,8,5,0.6995493099
standard_airfoil,/home/hwz/Transolver/LINEARNO/monitor/analysis/transolver_monitor_output_20260917_074049/LINEARNO/monitor/output/standard_airfoil/20260916_193631_standard_airfoil_Transolver_train,base,100,100,8,6,0.9655034132
standard_airfoil,/home/hwz/Transolver/LINEARNO/monitor/analysis/transolver_monitor_output_20260917_074049/LINEARNO/monitor/output/standard_airfoil/20260916_193631_standard_airfoil_Transolver_train,base,100,100,8,7,0.9748736229
standard_airfoil,/home/hwz/Transolver/LINEARNO/monitor/analysis/transolver_monitor_output_20260917_074049/LINEARNO/monitor/output/standard_airfoil/20260916_193631_standard_airfoil_Transolver_train,base,100,100,8,8,1
standard_airfoil,/home/hwz/Transolver/LINEARNO/monitor/analysis/transolver_monitor_output_20260917_074049/LINEARNO/monitor/output/standard_airfoil/20260916_193631_standard_airfoil_Transolver_train,base,200,200,1,1,1
standard_airfoil,/home/hwz/Transolver/LINEARNO/monitor/analysis/transolver_monitor_output_20260917_074049/LINEARNO/monitor/output/standard_airfoil/20260916_193631_standard_airfoil_Transolver_train,base,200,200,1,2,0.585044086
standard_airfoil,/home/hwz/Transolver/LINEARNO/monitor/analysis/transolver_monitor_output_20260917_074049/LINEARNO/monitor/output/standard_airfoil/20260916_193631_standard_airfoil_Transolver_train,base,200,200,1,3,0.429058711
standard_airfoil,/home/hwz/Transolver/LINEARNO/monitor/analysis/transolver_monitor_output_20260917_074049/LINEARNO/monitor/output/standard_airfoil/20260916_193631_standard_airfoil_Transolver_train,base,200,200,1,4,0.4232669929
standard_airfoil,/home/hwz/Transolver/LINEARNO/monitor/analysis/transolver_monitor_output_20260917_074049/LINEARNO/monitor/output/standard_airfoil/20260916_193631_standard_airfoil_Transolver_train,base,200,200,1,5,0.522223074
standard_airfoil,/home/hwz/Transolver/LINEARNO/monitor/analysis/transolver_monitor_output_20260917_074049/LINEARNO/monitor/output/standard_airfoil/20260916_193631_standard_airfoil_Transolver_train,base,200,200,1,6,0.5166748511
standard_airfoil,/home/hwz/Transolver/LINEARNO/monitor/analysis/transolver_monitor_output_20260917_074049/LINEARNO/monitor/output/standard_airfoil/20260916_193631_standard_airfoil_Transolver_train,base,200,200,1,7,0.4451217735
standard_airfoil,/home/hwz/Transolver/LINEARNO/monitor/analysis/transolver_monitor_output_20260917_074049/LINEARNO/monitor/output/standard_airfoil/20260916_193631_standard_airfoil_Transolver_train,base,200,200,1,8,0.6399776628
standard_airfoil,/home/hwz/Transolver/LINEARNO/monitor/analysis/transolver_monitor_output_20260917_074049/LINEARNO/monitor/output/standard_airfoil/20260916_193631_standard_airfoil_Transolver_train,base,200,200,2,1,0.585044086
standard_airfoil,/home/hwz/Transolver/LINEARNO/monitor/analysis/transolver_monitor_output_20260917_074049/LINEARNO/monitor/output/standard_airfoil/20260916_193631_standard_airfoil_Transolver_train,base,200,200,2,2,1
standard_airfoil,/home/hwz/Transolver/LINEARNO/monitor/analysis/transolver_monitor_output_20260917_074049/LINEARNO/monitor/output/standard_airfoil/20260916_193631_standard_airfoil_Transolver_train,base,200,200,2,3,0.4649709854
standard_airfoil,/home/hwz/Transolver/LINEARNO/monitor/analysis/transolver_monitor_output_20260917_074049/LINEARNO/monitor/output/standard_airfoil/20260916_193631_standard_airfoil_Transolver_train,base,200,200,2,4,0.4568566671
standard_airfoil,/home/hwz/Transolver/LINEARNO/monitor/analysis/transolver_monitor_output_20260917_074049/LINEARNO/monitor/output/standard_airfoil/20260916_193631_standard_airfoil_Transolver_train,base,200,200,2,5,0.5959357666
standard_airfoil,/home/hwz/Transolver/LINEARNO/monitor/analysis/transolver_monitor_output_20260917_074049/LINEARNO/monitor/output/standard_airfoil/20260916_193631_standard_airfoil_Transolver_train,base,200,200,2,6,0.5546267144
standard_airfoil,/home/hwz/Transolver/LINEARNO/monitor/analysis/transolver_monitor_output_20260917_074049/LINEARNO/monitor/output/standard_airfoil/20260916_193631_standard_airfoil_Transolver_train,base,200,200,2,7,0.5262717698
standard_airfoil,/home/hwz/Transolver/LINEARNO/monitor/analysis/transolver_monitor_output_20260917_074049/LINEARNO/monitor/output/standard_airfoil/20260916_193631_standard_airfoil_Transolver_train,base,200,200,2,8,0.710567411
standard_airfoil,/home/hwz/Transolver/LINEARNO/monitor/analysis/transolver_monitor_output_20260917_074049/LINEARNO/monitor/output/standard_airfoil/20260916_193631_standard_airfoil_Transolver_train,base,200,200,3,1,0.429058711
standard_airfoil,/home/hwz/Transolver/LINEARNO/monitor/analysis/transolver_monitor_output_20260917_074049/LINEARNO/monitor/output/standard_airfoil/20260916_193631_standard_airfoil_Transolver_train,base,200,200,3,2,0.4649709854
standard_airfoil,/home/hwz/Transolver/LINEARNO/monitor/analysis/transolver_monitor_output_20260917_074049/LINEARNO/monitor/output/standard_airfoil/20260916_193631_standard_airfoil_Transolver_train,base,200,200,3,3,1
standard_airfoil,/home/hwz/Transolver/LINEARNO/monitor/analysis/transolver_monitor_output_20260917_074049/LINEARNO/monitor/output/standard_airfoil/20260916_193631_standard_airfoil_Transolver_train,base,200,200,3,4,0.4085883107
standard_airfoil,/home/hwz/Transolver/LINEARNO/monitor/analysis/transolver_monitor_output_20260917_074049/LINEARNO/monitor/output/standard_airfoil/20260916_193631_standard_airfoil_Transolver_train,base,200,200,3,5,0.4325304721
standard_airfoil,/home/hwz/Transolver/LINEARNO/monitor/analysis/transolver_monitor_output_20260917_074049/LINEARNO/monitor/output/standard_airfoil/20260916_193631_standard_airfoil_Transolver_train,base,200,200,3,6,0.4125332818
standard_airfoil,/home/hwz/Transolver/LINEARNO/monitor/analysis/transolver_monitor_output_20260917_074049/LINEARNO/monitor/output/standard_airfoil/20260916_193631_standard_airfoil_Transolver_train,base,200,200,3,7,0.4000299061
standard_airfoil,/home/hwz/Transolver/LINEARNO/monitor/analysis/transolver_monitor_output_20260917_074049/LINEARNO/monitor/output/standard_airfoil/20260916_193631_standard_airfoil_Transolver_train,base,200,200,3,8,0.4502045708
standard_airfoil,/home/hwz/Transolver/LINEARNO/monitor/analysis/transolver_monitor_output_20260917_074049/LINEARNO/monitor/output/standard_airfoil/20260916_193631_standard_airfoil_Transolver_train,base,200,200,4,1,0.4232669929
standard_airfoil,/home/hwz/Transolver/LINEARNO/monitor/analysis/transolver_monitor_output_20260917_074049/LINEARNO/monitor/output/standard_airfoil/20260916_193631_standard_airfoil_Transolver_train,base,200,200,4,2,0.4568566671
standard_airfoil,/home/hwz/Transolver/LINEARNO/monitor/analysis/transolver_monitor_output_20260917_074049/LINEARNO/monitor/output/standard_airfoil/20260916_193631_standard_airfoil_Transolver_train,base,200,200,4,3,0.4085883107
standard_airfoil,/home/hwz/Transolver/LINEARNO/monitor/analysis/transolver_monitor_output_20260917_074049/LINEARNO/monitor/output/standard_airfoil/20260916_193631_standard_airfoil_Transolver_train,base,200,200,4,4,1
standard_airfoil,/home/hwz/Transolver/LINEARNO/monitor/analysis/transolver_monitor_output_20260917_074049/LINEARNO/monitor/output/standard_airfoil/20260916_193631_standard_airfoil_Transolver_train,base,200,200,4,5,0.4332741322
standard_airfoil,/home/hwz/Transolver/LINEARNO/monitor/analysis/transolver_monitor_output_20260917_074049/LINEARNO/monitor/output/standard_airfoil/20260916_193631_standard_airfoil_Transolver_train,base,200,200,4,6,0.434483218
standard_airfoil,/home/hwz/Transolver/LINEARNO/monitor/analysis/transolver_monitor_output_20260917_074049/LINEARNO/monitor/output/standard_airfoil/20260916_193631_standard_airfoil_Transolver_train,base,200,200,4,7,0.4374034042
standard_airfoil,/home/hwz/Transolver/LINEARNO/monitor/analysis/transolver_monitor_output_20260917_074049/LINEARNO/monitor/output/standard_airfoil/20260916_193631_standard_airfoil_Transolver_train,base,200,200,4,8,0.4912694553
standard_airfoil,/home/hwz/Transolver/LINEARNO/monitor/analysis/transolver_monitor_output_20260917_074049/LINEARNO/monitor/output/standard_airfoil/20260916_193631_standard_airfoil_Transolver_train,base,200,200,5,1,0.522223074
standard_airfoil,/home/hwz/Transolver/LINEARNO/monitor/analysis/transolver_monitor_output_20260917_074049/LINEARNO/monitor/output/standard_airfoil/20260916_193631_standard_airfoil_Transolver_train,base,200,200,5,2,0.5959357666
standard_airfoil,/home/hwz/Transolver/LINEARNO/monitor/analysis/transolver_monitor_output_20260917_074049/LINEARNO/monitor/output/standard_airfoil/20260916_193631_standard_airfoil_Transolver_train,base,200,200,5,3,0.4325304721
standard_airfoil,/home/hwz/Transolver/LINEARNO/monitor/analysis/transolver_monitor_output_20260917_074049/LINEARNO/monitor/output/standard_airfoil/20260916_193631_standard_airfoil_Transolver_train,base,200,200,5,4,0.4332741322
standard_airfoil,/home/hwz/Transolver/LINEARNO/monitor/analysis/transolver_monitor_output_20260917_074049/LINEARNO/monitor/output/standard_airfoil/20260916_193631_standard_airfoil_Transolver_train,base,200,200,5,5,1
standard_airfoil,/home/hwz/Transolver/LINEARNO/monitor/analysis/transolver_monitor_output_20260917_074049/LINEARNO/monitor/output/standard_airfoil/20260916_193631_standard_airfoil_Transolver_train,base,200,200,5,6,0.545230709
standard_airfoil,/home/hwz/Transolver/LINEARNO/monitor/analysis/transolver_monitor_output_20260917_074049/LINEARNO/monitor/output/standard_airfoil/20260916_193631_standard_airfoil_Transolver_train,base,200,200,5,7,0.4466166375
standard_airfoil,/home/hwz/Transolver/LINEARNO/monitor/analysis/transolver_monitor_output_20260917_074049/LINEARNO/monitor/output/standard_airfoil/20260916_193631_standard_airfoil_Transolver_train,base,200,200,5,8,0.5868441593
standard_airfoil,/home/hwz/Transolver/LINEARNO/monitor/analysis/transolver_monitor_output_20260917_074049/LINEARNO/monitor/output/standard_airfoil/20260916_193631_standard_airfoil_Transolver_train,base,200,200,6,1,0.5166748511
standard_airfoil,/home/hwz/Transolver/LINEARNO/monitor/analysis/transolver_monitor_output_20260917_074049/LINEARNO/monitor/output/standard_airfoil/20260916_193631_standard_airfoil_Transolver_train,base,200,200,6,2,0.5546267144
standard_airfoil,/home/hwz/Transolver/LINEARNO/monitor/analysis/transolver_monitor_output_20260917_074049/LINEARNO/monitor/output/standard_airfoil/20260916_193631_standard_airfoil_Transolver_train,base,200,200,6,3,0.4125332818
standard_airfoil,/home/hwz/Transolver/LINEARNO/monitor/analysis/transolver_monitor_output_20260917_074049/LINEARNO/monitor/output/standard_airfoil/20260916_193631_standard_airfoil_Transolver_train,base,200,200,6,4,0.434483218
standard_airfoil,/home/hwz/Transolver/LINEARNO/monitor/analysis/transolver_monitor_output_20260917_074049/LINEARNO/monitor/output/standard_airfoil/20260916_193631_standard_airfoil_Transolver_train,base,200,200,6,5,0.545230709
standard_airfoil,/home/hwz/Transolver/LINEARNO/monitor/analysis/transolver_monitor_output_20260917_074049/LINEARNO/monitor/output/standard_airfoil/20260916_193631_standard_airfoil_Transolver_train,base,200,200,6,6,1
standard_airfoil,/home/hwz/Transolver/LINEARNO/monitor/analysis/transolver_monitor_output_20260917_074049/LINEARNO/monitor/output/standard_airfoil/20260916_193631_standard_airfoil_Transolver_train,base,200,200,6,7,0.4547307305
standard_airfoil,/home/hwz/Transolver/LINEARNO/monitor/analysis/transolver_monitor_output_20260917_074049/LINEARNO/monitor/output/standard_airfoil/20260916_193631_standard_airfoil_Transolver_train,base,200,200,6,8,0.6075634668
standard_airfoil,/home/hwz/Transolver/LINEARNO/monitor/analysis/transolver_monitor_output_20260917_074049/LINEARNO/monitor/output/standard_airfoil/20260916_193631_standard_airfoil_Transolver_train,base,200,200,7,1,0.4451217735
standard_airfoil,/home/hwz/Transolver/LINEARNO/monitor/analysis/transolver_monitor_output_20260917_074049/LINEARNO/monitor/output/standard_airfoil/20260916_193631_standard_airfoil_Transolver_train,base,200,200,7,2,0.5262717698
standard_airfoil,/home/hwz/Transolver/LINEARNO/monitor/analysis/transolver_monitor_output_20260917_074049/LINEARNO/monitor/output/standard_airfoil/20260916_193631_standard_airfoil_Transolver_train,base,200,200,7,3,0.4000299061
standard_airfoil,/home/hwz/Transolver/LINEARNO/monitor/analysis/transolver_monitor_output_20260917_074049/LINEARNO/monitor/output/standard_airfoil/20260916_193631_standard_airfoil_Transolver_train,base,200,200,7,4,0.4374034042
standard_airfoil,/home/hwz/Transolver/LINEARNO/monitor/analysis/transolver_monitor_output_20260917_074049/LINEARNO/monitor/output/standard_airfoil/20260916_193631_standard_airfoil_Transolver_train,base,200,200,7,5,0.4466166375
standard_airfoil,/home/hwz/Transolver/LINEARNO/monitor/analysis/transolver_monitor_output_20260917_074049/LINEARNO/monitor/output/standard_airfoil/20260916_193631_standard_airfoil_Transolver_train,base,200,200,7,6,0.4547307305
standard_airfoil,/home/hwz/Transolver/LINEARNO/monitor/analysis/transolver_monitor_output_20260917_074049/LINEARNO/monitor/output/standard_airfoil/20260916_193631_standard_airfoil_Transolver_train,base,200,200,7,7,1
standard_airfoil,/home/hwz/Transolver/LINEARNO/monitor/analysis/transolver_monitor_output_20260917_074049/LINEARNO/monitor/output/standard_airfoil/20260916_193631_standard_airfoil_Transolver_train,base,200,200,7,8,0.6311339475
standard_airfoil,/home/hwz/Transolver/LINEARNO/monitor/analysis/transolver_monitor_output_20260917_074049/LINEARNO/monitor/output/standard_airfoil/20260916_193631_standard_airfoil_Transolver_train,base,200,200,8,1,0.6399776628
standard_airfoil,/home/hwz/Transolver/LINEARNO/monitor/analysis/transolver_monitor_output_20260917_074049/LINEARNO/monitor/output/standard_airfoil/20260916_193631_standard_airfoil_Transolver_train,base,200,200,8,2,0.710567411
standard_airfoil,/home/hwz/Transolver/LINEARNO/monitor/analysis/transolver_monitor_output_20260917_074049/LINEARNO/monitor/output/standard_airfoil/20260916_193631_standard_airfoil_Transolver_train,base,200,200,8,3,0.4502045708
standard_airfoil,/home/hwz/Transolver/LINEARNO/monitor/analysis/transolver_monitor_output_20260917_074049/LINEARNO/monitor/output/standard_airfoil/20260916_193631_standard_airfoil_Transolver_train,base,200,200,8,4,0.4912694553
standard_airfoil,/home/hwz/Transolver/LINEARNO/monitor/analysis/transolver_monitor_output_20260917_074049/LINEARNO/monitor/output/standard_airfoil/20260916_193631_standard_airfoil_Transolver_train,base,200,200,8,5,0.5868441593
standard_airfoil,/home/hwz/Transolver/LINEARNO/monitor/analysis/transolver_monitor_output_20260917_074049/LINEARNO/monitor/output/standard_airfoil/20260916_193631_standard_airfoil_Transolver_train,base,200,200,8,6,0.6075634668
standard_airfoil,/home/hwz/Transolver/LINEARNO/monitor/analysis/transolver_monitor_output_20260917_074049/LINEARNO/monitor/output/standard_airfoil/20260916_193631_standard_airfoil_Transolver_train,base,200,200,8,7,0.6311339475
standard_airfoil,/home/hwz/Transolver/LINEARNO/monitor/analysis/transolver_monitor_output_20260917_074049/LINEARNO/monitor/output/standard_airfoil/20260916_193631_standard_airfoil_Transolver_train,base,200,200,8,8,1
standard_airfoil,/home/hwz/Transolver/LINEARNO/monitor/analysis/transolver_monitor_output_20260917_074049/LINEARNO/monitor/output/standard_airfoil/20260916_193631_standard_airfoil_Transolver_train,base,300,300,1,1,1
standard_airfoil,/home/hwz/Transolver/LINEARNO/monitor/analysis/transolver_monitor_output_20260917_074049/LINEARNO/monitor/output/standard_airfoil/20260916_193631_standard_airfoil_Transolver_train,base,300,300,1,2,0.5940751554
standard_airfoil,/home/hwz/Transolver/LINEARNO/monitor/analysis/transolver_monitor_output_20260917_074049/LINEARNO/monitor/output/standard_airfoil/20260916_193631_standard_airfoil_Transolver_train,base,300,300,1,3,0.4284834713
standard_airfoil,/home/hwz/Transolver/LINEARNO/monitor/analysis/transolver_monitor_output_20260917_074049/LINEARNO/monitor/output/standard_airfoil/20260916_193631_standard_airfoil_Transolver_train,base,300,300,1,4,0.4295361405
standard_airfoil,/home/hwz/Transolver/LINEARNO/monitor/analysis/transolver_monitor_output_20260917_074049/LINEARNO/monitor/output/standard_airfoil/20260916_193631_standard_airfoil_Transolver_train,base,300,300,1,5,0.4928083383
standard_airfoil,/home/hwz/Transolver/LINEARNO/monitor/analysis/transolver_monitor_output_20260917_074049/LINEARNO/monitor/output/standard_airfoil/20260916_193631_standard_airfoil_Transolver_train,base,300,300,1,6,0.4694331335
standard_airfoil,/home/hwz/Transolver/LINEARNO/monitor/analysis/transolver_monitor_output_20260917_074049/LINEARNO/monitor/output/standard_airfoil/20260916_193631_standard_airfoil_Transolver_train,base,300,300,1,7,0.4692503852
standard_airfoil,/home/hwz/Transolver/LINEARNO/monitor/analysis/transolver_monitor_output_20260917_074049/LINEARNO/monitor/output/standard_airfoil/20260916_193631_standard_airfoil_Transolver_train,base,300,300,1,8,0.6434476627
standard_airfoil,/home/hwz/Transolver/LINEARNO/monitor/analysis/transolver_monitor_output_20260917_074049/LINEARNO/monitor/output/standard_airfoil/20260916_193631_standard_airfoil_Transolver_train,base,300,300,2,1,0.5940751554
standard_airfoil,/home/hwz/Transolver/LINEARNO/monitor/analysis/transolver_monitor_output_20260917_074049/LINEARNO/monitor/output/standard_airfoil/20260916_193631_standard_airfoil_Transolver_train,base,300,300,2,2,1
standard_airfoil,/home/hwz/Transolver/LINEARNO/monitor/analysis/transolver_monitor_output_20260917_074049/LINEARNO/monitor/output/standard_airfoil/20260916_193631_standard_airfoil_Transolver_train,base,300,300,2,3,0.47337671
standard_airfoil,/home/hwz/Transolver/LINEARNO/monitor/analysis/transolver_monitor_output_20260917_074049/LINEARNO/monitor/output/standard_airfoil/20260916_193631_standard_airfoil_Transolver_train,base,300,300,2,4,0.4523061123
standard_airfoil,/home/hwz/Transolver/LINEARNO/monitor/analysis/transolver_monitor_output_20260917_074049/LINEARNO/monitor/output/standard_airfoil/20260916_193631_standard_airfoil_Transolver_train,base,300,300,2,5,0.5551909069
standard_airfoil,/home/hwz/Transolver/LINEARNO/monitor/analysis/transolver_monitor_output_20260917_074049/LINEARNO/monitor/output/standard_airfoil/20260916_193631_standard_airfoil_Transolver_train,base,300,300,2,6,0.5041900016
standard_airfoil,/home/hwz/Transolver/LINEARNO/monitor/analysis/transolver_monitor_output_20260917_074049/LINEARNO/monitor/output/standard_airfoil/20260916_193631_standard_airfoil_Transolver_train,base,300,300,2,7,0.5432747961
standard_airfoil,/home/hwz/Transolver/LINEARNO/monitor/analysis/transolver_monitor_output_20260917_074049/LINEARNO/monitor/output/standard_airfoil/20260916_193631_standard_airfoil_Transolver_train,base,300,300,2,8,0.6917087073
standard_airfoil,/home/hwz/Transolver/LINEARNO/monitor/analysis/transolver_monitor_output_20260917_074049/LINEARNO/monitor/output/standard_airfoil/20260916_193631_standard_airfoil_Transolver_train,base,300,300,3,1,0.4284834713
standard_airfoil,/home/hwz/Transolver/LINEARNO/monitor/analysis/transolver_monitor_output_20260917_074049/LINEARNO/monitor/output/standard_airfoil/20260916_193631_standard_airfoil_Transolver_train,base,300,300,3,2,0.47337671
standard_airfoil,/home/hwz/Transolver/LINEARNO/monitor/analysis/transolver_monitor_output_20260917_074049/LINEARNO/monitor/output/standard_airfoil/20260916_193631_standard_airfoil_Transolver_train,base,300,300,3,3,1
standard_airfoil,/home/hwz/Transolver/LINEARNO/monitor/analysis/transolver_monitor_output_20260917_074049/LINEARNO/monitor/output/standard_airfoil/20260916_193631_standard_airfoil_Transolver_train,base,300,300,3,4,0.4119714797
standard_airfoil,/home/hwz/Transolver/LINEARNO/monitor/analysis/transolver_monitor_output_20260917_074049/LINEARNO/monitor/output/standard_airfoil/20260916_193631_standard_airfoil_Transolver_train,base,300,300,3,5,0.4295899533
standard_airfoil,/home/hwz/Transolver/LINEARNO/monitor/analysis/transolver_monitor_output_20260917_074049/LINEARNO/monitor/output/standard_airfoil/20260916_193631_standard_airfoil_Transolver_train,base,300,300,3,6,0.4049583725
standard_airfoil,/home/hwz/Transolver/LINEARNO/monitor/analysis/transolver_monitor_output_20260917_074049/LINEARNO/monitor/output/standard_airfoil/20260916_193631_standard_airfoil_Transolver_train,base,300,300,3,7,0.3792891535
standard_airfoil,/home/hwz/Transolver/LINEARNO/monitor/analysis/transolver_monitor_output_20260917_074049/LINEARNO/monitor/output/standard_airfoil/20260916_193631_standard_airfoil_Transolver_train,base,300,300,3,8,0.4534614449
standard_airfoil,/home/hwz/Transolver/LINEARNO/monitor/analysis/transolver_monitor_output_20260917_074049/LINEARNO/monitor/output/standard_airfoil/20260916_193631_standard_airfoil_Transolver_train,base,300,300,4,1,0.4295361405
standard_airfoil,/home/hwz/Transolver/LINEARNO/monitor/analysis/transolver_monitor_output_20260917_074049/LINEARNO/monitor/output/standard_airfoil/20260916_193631_standard_airfoil_Transolver_train,base,300,300,4,2,0.4523061123
standard_airfoil,/home/hwz/Transolver/LINEARNO/monitor/analysis/transolver_monitor_output_20260917_074049/LINEARNO/monitor/output/standard_airfoil/20260916_193631_standard_airfoil_Transolver_train,base,300,300,4,3,0.4119714797
standard_airfoil,/home/hwz/Transolver/LINEARNO/monitor/analysis/transolver_monitor_output_20260917_074049/LINEARNO/monitor/output/standard_airfoil/20260916_193631_standard_airfoil_Transolver_train,base,300,300,4,4,1
standard_airfoil,/home/hwz/Transolver/LINEARNO/monitor/analysis/transolver_monitor_output_20260917_074049/LINEARNO/monitor/output/standard_airfoil/20260916_193631_standard_airfoil_Transolver_train,base,300,300,4,5,0.4318109499
standard_airfoil,/home/hwz/Transolver/LINEARNO/monitor/analysis/transolver_monitor_output_20260917_074049/LINEARNO/monitor/output/standard_airfoil/20260916_193631_standard_airfoil_Transolver_train,base,300,300,4,6,0.4204779482
standard_airfoil,/home/hwz/Transolver/LINEARNO/monitor/analysis/transolver_monitor_output_20260917_074049/LINEARNO/monitor/output/standard_airfoil/20260916_193631_standard_airfoil_Transolver_train,base,300,300,4,7,0.4057345274
standard_airfoil,/home/hwz/Transolver/LINEARNO/monitor/analysis/transolver_monitor_output_20260917_074049/LINEARNO/monitor/output/standard_airfoil/20260916_193631_standard_airfoil_Transolver_train,base,300,300,4,8,0.4922591178
standard_airfoil,/home/hwz/Transolver/LINEARNO/monitor/analysis/transolver_monitor_output_20260917_074049/LINEARNO/monitor/output/standard_airfoil/20260916_193631_standard_airfoil_Transolver_train,base,300,300,5,1,0.4928083383
standard_airfoil,/home/hwz/Transolver/LINEARNO/monitor/analysis/transolver_monitor_output_20260917_074049/LINEARNO/monitor/output/standard_airfoil/20260916_193631_standard_airfoil_Transolver_train,base,300,300,5,2,0.5551909069
standard_airfoil,/home/hwz/Transolver/LINEARNO/monitor/analysis/transolver_monitor_output_20260917_074049/LINEARNO/monitor/output/standard_airfoil/20260916_193631_standard_airfoil_Transolver_train,base,300,300,5,3,0.4295899533
standard_airfoil,/home/hwz/Transolver/LINEARNO/monitor/analysis/transolver_monitor_output_20260917_074049/LINEARNO/monitor/output/standard_airfoil/20260916_193631_standard_airfoil_Transolver_train,base,300,300,5,4,0.4318109499
standard_airfoil,/home/hwz/Transolver/LINEARNO/monitor/analysis/transolver_monitor_output_20260917_074049/LINEARNO/monitor/output/standard_airfoil/20260916_193631_standard_airfoil_Transolver_train,base,300,300,5,5,1
standard_airfoil,/home/hwz/Transolver/LINEARNO/monitor/analysis/transolver_monitor_output_20260917_074049/LINEARNO/monitor/output/standard_airfoil/20260916_193631_standard_airfoil_Transolver_train,base,300,300,5,6,0.4947994128
standard_airfoil,/home/hwz/Transolver/LINEARNO/monitor/analysis/transolver_monitor_output_20260917_074049/LINEARNO/monitor/output/standard_airfoil/20260916_193631_standard_airfoil_Transolver_train,base,300,300,5,7,0.4369492256
standard_airfoil,/home/hwz/Transolver/LINEARNO/monitor/analysis/transolver_monitor_output_20260917_074049/LINEARNO/monitor/output/standard_airfoil/20260916_193631_standard_airfoil_Transolver_train,base,300,300,5,8,0.562758537
standard_airfoil,/home/hwz/Transolver/LINEARNO/monitor/analysis/transolver_monitor_output_20260917_074049/LINEARNO/monitor/output/standard_airfoil/20260916_193631_standard_airfoil_Transolver_train,base,300,300,6,1,0.4694331335
standard_airfoil,/home/hwz/Transolver/LINEARNO/monitor/analysis/transolver_monitor_output_20260917_074049/LINEARNO/monitor/output/standard_airfoil/20260916_193631_standard_airfoil_Transolver_train,base,300,300,6,2,0.5041900016
standard_airfoil,/home/hwz/Transolver/LINEARNO/monitor/analysis/transolver_monitor_output_20260917_074049/LINEARNO/monitor/output/standard_airfoil/20260916_193631_standard_airfoil_Transolver_train,base,300,300,6,3,0.4049583725
standard_airfoil,/home/hwz/Transolver/LINEARNO/monitor/analysis/transolver_monitor_output_20260917_074049/LINEARNO/monitor/output/standard_airfoil/20260916_193631_standard_airfoil_Transolver_train,base,300,300,6,4,0.4204779482
standard_airfoil,/home/hwz/Transolver/LINEARNO/monitor/analysis/transolver_monitor_output_20260917_074049/LINEARNO/monitor/output/standard_airfoil/20260916_193631_standard_airfoil_Transolver_train,base,300,300,6,5,0.4947994128
standard_airfoil,/home/hwz/Transolver/LINEARNO/monitor/analysis/transolver_monitor_output_20260917_074049/LINEARNO/monitor/output/standard_airfoil/20260916_193631_standard_airfoil_Transolver_train,base,300,300,6,6,1
standard_airfoil,/home/hwz/Transolver/LINEARNO/monitor/analysis/transolver_monitor_output_20260917_074049/LINEARNO/monitor/output/standard_airfoil/20260916_193631_standard_airfoil_Transolver_train,base,300,300,6,7,0.4245020943
standard_airfoil,/home/hwz/Transolver/LINEARNO/monitor/analysis/transolver_monitor_output_20260917_074049/LINEARNO/monitor/output/standard_airfoil/20260916_193631_standard_airfoil_Transolver_train,base,300,300,6,8,0.5485344175
standard_airfoil,/home/hwz/Transolver/LINEARNO/monitor/analysis/transolver_monitor_output_20260917_074049/LINEARNO/monitor/output/standard_airfoil/20260916_193631_standard_airfoil_Transolver_train,base,300,300,7,1,0.4692503852
standard_airfoil,/home/hwz/Transolver/LINEARNO/monitor/analysis/transolver_monitor_output_20260917_074049/LINEARNO/monitor/output/standard_airfoil/20260916_193631_standard_airfoil_Transolver_train,base,300,300,7,2,0.5432747961
standard_airfoil,/home/hwz/Transolver/LINEARNO/monitor/analysis/transolver_monitor_output_20260917_074049/LINEARNO/monitor/output/standard_airfoil/20260916_193631_standard_airfoil_Transolver_train,base,300,300,7,3,0.3792891535
standard_airfoil,/home/hwz/Transolver/LINEARNO/monitor/analysis/transolver_monitor_output_20260917_074049/LINEARNO/monitor/output/standard_airfoil/20260916_193631_standard_airfoil_Transolver_train,base,300,300,7,4,0.4057345274
standard_airfoil,/home/hwz/Transolver/LINEARNO/monitor/analysis/transolver_monitor_output_20260917_074049/LINEARNO/monitor/output/standard_airfoil/20260916_193631_standard_airfoil_Transolver_train,base,300,300,7,5,0.4369492256
standard_airfoil,/home/hwz/Transolver/LINEARNO/monitor/analysis/transolver_monitor_output_20260917_074049/LINEARNO/monitor/output/standard_airfoil/20260916_193631_standard_airfoil_Transolver_train,base,300,300,7,6,0.4245020943
standard_airfoil,/home/hwz/Transolver/LINEARNO/monitor/analysis/transolver_monitor_output_20260917_074049/LINEARNO/monitor/output/standard_airfoil/20260916_193631_standard_airfoil_Transolver_train,base,300,300,7,7,1
standard_airfoil,/home/hwz/Transolver/LINEARNO/monitor/analysis/transolver_monitor_output_20260917_074049/LINEARNO/monitor/output/standard_airfoil/20260916_193631_standard_airfoil_Transolver_train,base,300,300,7,8,0.5797166275
standard_airfoil,/home/hwz/Transolver/LINEARNO/monitor/analysis/transolver_monitor_output_20260917_074049/LINEARNO/monitor/output/standard_airfoil/20260916_193631_standard_airfoil_Transolver_train,base,300,300,8,1,0.6434476627
standard_airfoil,/home/hwz/Transolver/LINEARNO/monitor/analysis/transolver_monitor_output_20260917_074049/LINEARNO/monitor/output/standard_airfoil/20260916_193631_standard_airfoil_Transolver_train,base,300,300,8,2,0.6917087073
standard_airfoil,/home/hwz/Transolver/LINEARNO/monitor/analysis/transolver_monitor_output_20260917_074049/LINEARNO/monitor/output/standard_airfoil/20260916_193631_standard_airfoil_Transolver_train,base,300,300,8,3,0.4534614449
standard_airfoil,/home/hwz/Transolver/LINEARNO/monitor/analysis/transolver_monitor_output_20260917_074049/LINEARNO/monitor/output/standard_airfoil/20260916_193631_standard_airfoil_Transolver_train,base,300,300,8,4,0.4922591178
standard_airfoil,/home/hwz/Transolver/LINEARNO/monitor/analysis/transolver_monitor_output_20260917_074049/LINEARNO/monitor/output/standard_airfoil/20260916_193631_standard_airfoil_Transolver_train,base,300,300,8,5,0.562758537
standard_airfoil,/home/hwz/Transolver/LINEARNO/monitor/analysis/transolver_monitor_output_20260917_074049/LINEARNO/monitor/output/standard_airfoil/20260916_193631_standard_airfoil_Transolver_train,base,300,300,8,6,0.5485344175
standard_airfoil,/home/hwz/Transolver/LINEARNO/monitor/analysis/transolver_monitor_output_20260917_074049/LINEARNO/monitor/output/standard_airfoil/20260916_193631_standard_airfoil_Transolver_train,base,300,300,8,7,0.5797166275
standard_airfoil,/home/hwz/Transolver/LINEARNO/monitor/analysis/transolver_monitor_output_20260917_074049/LINEARNO/monitor/output/standard_airfoil/20260916_193631_standard_airfoil_Transolver_train,base,300,300,8,8,1
standard_airfoil,/home/hwz/Transolver/LINEARNO/monitor/analysis/transolver_monitor_output_20260917_074049/LINEARNO/monitor/output/standard_airfoil/20260916_193631_standard_airfoil_Transolver_train,base,400,400,1,1,1
standard_airfoil,/home/hwz/Transolver/LINEARNO/monitor/analysis/transolver_monitor_output_20260917_074049/LINEARNO/monitor/output/standard_airfoil/20260916_193631_standard_airfoil_Transolver_train,base,400,400,1,2,0.5892859977
standard_airfoil,/home/hwz/Transolver/LINEARNO/monitor/analysis/transolver_monitor_output_20260917_074049/LINEARNO/monitor/output/standard_airfoil/20260916_193631_standard_airfoil_Transolver_train,base,400,400,1,3,0.4123700131
standard_airfoil,/home/hwz/Transolver/LINEARNO/monitor/analysis/transolver_monitor_output_20260917_074049/LINEARNO/monitor/output/standard_airfoil/20260916_193631_standard_airfoil_Transolver_train,base,400,400,1,4,0.4142977409
standard_airfoil,/home/hwz/Transolver/LINEARNO/monitor/analysis/transolver_monitor_output_20260917_074049/LINEARNO/monitor/output/standard_airfoil/20260916_193631_standard_airfoil_Transolver_train,base,400,400,1,5,0.484233276
standard_airfoil,/home/hwz/Transolver/LINEARNO/monitor/analysis/transolver_monitor_output_20260917_074049/LINEARNO/monitor/output/standard_airfoil/20260916_193631_standard_airfoil_Transolver_train,base,400,400,1,6,0.4629518678
standard_airfoil,/home/hwz/Transolver/LINEARNO/monitor/analysis/transolver_monitor_output_20260917_074049/LINEARNO/monitor/output/standard_airfoil/20260916_193631_standard_airfoil_Transolver_train,base,400,400,1,7,0.4579072539
standard_airfoil,/home/hwz/Transolver/LINEARNO/monitor/analysis/transolver_monitor_output_20260917_074049/LINEARNO/monitor/output/standard_airfoil/20260916_193631_standard_airfoil_Transolver_train,base,400,400,1,8,0.6443931405
standard_airfoil,/home/hwz/Transolver/LINEARNO/monitor/analysis/transolver_monitor_output_20260917_074049/LINEARNO/monitor/output/standard_airfoil/20260916_193631_standard_airfoil_Transolver_train,base,400,400,2,1,0.5892859977
standard_airfoil,/home/hwz/Transolver/LINEARNO/monitor/analysis/transolver_monitor_output_20260917_074049/LINEARNO/monitor/output/standard_airfoil/20260916_193631_standard_airfoil_Transolver_train,base,400,400,2,2,1
standard_airfoil,/home/hwz/Transolver/LINEARNO/monitor/analysis/transolver_monitor_output_20260917_074049/LINEARNO/monitor/output/standard_airfoil/20260916_193631_standard_airfoil_Transolver_train,base,400,400,2,3,0.4503208743
standard_airfoil,/home/hwz/Transolver/LINEARNO/monitor/analysis/transolver_monitor_output_20260917_074049/LINEARNO/monitor/output/standard_airfoil/20260916_193631_standard_airfoil_Transolver_train,base,400,400,2,4,0.4327309523
standard_airfoil,/home/hwz/Transolver/LINEARNO/monitor/analysis/transolver_monitor_output_20260917_074049/LINEARNO/monitor/output/standard_airfoil/20260916_193631_standard_airfoil_Transolver_train,base,400,400,2,5,0.5311888559
standard_airfoil,/home/hwz/Transolver/LINEARNO/monitor/analysis/transolver_monitor_output_20260917_074049/LINEARNO/monitor/output/standard_airfoil/20260916_193631_standard_airfoil_Transolver_train,base,400,400,2,6,0.4776713485
standard_airfoil,/home/hwz/Transolver/LINEARNO/monitor/analysis/transolver_monitor_output_20260917_074049/LINEARNO/monitor/output/standard_airfoil/20260916_193631_standard_airfoil_Transolver_train,base,400,400,2,7,0.5404121783
standard_airfoil,/home/hwz/Transolver/LINEARNO/monitor/analysis/transolver_monitor_output_20260917_074049/LINEARNO/monitor/output/standard_airfoil/20260916_193631_standard_airfoil_Transolver_train,base,400,400,2,8,0.6863089344
standard_airfoil,/home/hwz/Transolver/LINEARNO/monitor/analysis/transolver_monitor_output_20260917_074049/LINEARNO/monitor/output/standard_airfoil/20260916_193631_standard_airfoil_Transolver_train,base,400,400,3,1,0.4123700131
standard_airfoil,/home/hwz/Transolver/LINEARNO/monitor/analysis/transolver_monitor_output_20260917_074049/LINEARNO/monitor/output/standard_airfoil/20260916_193631_standard_airfoil_Transolver_train,base,400,400,3,2,0.4503208743
standard_airfoil,/home/hwz/Transolver/LINEARNO/monitor/analysis/transolver_monitor_output_20260917_074049/LINEARNO/monitor/output/standard_airfoil/20260916_193631_standard_airfoil_Transolver_train,base,400,400,3,3,1
standard_airfoil,/home/hwz/Transolver/LINEARNO/monitor/analysis/transolver_monitor_output_20260917_074049/LINEARNO/monitor/output/standard_airfoil/20260916_193631_standard_airfoil_Transolver_train,base,400,400,3,4,0.3946512472
standard_airfoil,/home/hwz/Transolver/LINEARNO/monitor/analysis/transolver_monitor_output_20260917_074049/LINEARNO/monitor/output/standard_airfoil/20260916_193631_standard_airfoil_Transolver_train,base,400,400,3,5,0.4038871368
standard_airfoil,/home/hwz/Transolver/LINEARNO/monitor/analysis/transolver_monitor_output_20260917_074049/LINEARNO/monitor/output/standard_airfoil/20260916_193631_standard_airfoil_Transolver_train,base,400,400,3,6,0.3850127663
standard_airfoil,/home/hwz/Transolver/LINEARNO/monitor/analysis/transolver_monitor_output_20260917_074049/LINEARNO/monitor/output/standard_airfoil/20260916_193631_standard_airfoil_Transolver_train,base,400,400,3,7,0.3710841266
standard_airfoil,/home/hwz/Transolver/LINEARNO/monitor/analysis/transolver_monitor_output_20260917_074049/LINEARNO/monitor/output/standard_airfoil/20260916_193631_standard_airfoil_Transolver_train,base,400,400,3,8,0.4318885058
standard_airfoil,/home/hwz/Transolver/LINEARNO/monitor/analysis/transolver_monitor_output_20260917_074049/LINEARNO/monitor/output/standard_airfoil/20260916_193631_standard_airfoil_Transolver_train,base,400,400,4,1,0.4142977409
standard_airfoil,/home/hwz/Transolver/LINEARNO/monitor/analysis/transolver_monitor_output_20260917_074049/LINEARNO/monitor/output/standard_airfoil/20260916_193631_standard_airfoil_Transolver_train,base,400,400,4,2,0.4327309523
standard_airfoil,/home/hwz/Transolver/LINEARNO/monitor/analysis/transolver_monitor_output_20260917_074049/LINEARNO/monitor/output/standard_airfoil/20260916_193631_standard_airfoil_Transolver_train,base,400,400,4,3,0.3946512472
standard_airfoil,/home/hwz/Transolver/LINEARNO/monitor/analysis/transolver_monitor_output_20260917_074049/LINEARNO/monitor/output/standard_airfoil/20260916_193631_standard_airfoil_Transolver_train,base,400,400,4,4,1
standard_airfoil,/home/hwz/Transolver/LINEARNO/monitor/analysis/transolver_monitor_output_20260917_074049/LINEARNO/monitor/output/standard_airfoil/20260916_193631_standard_airfoil_Transolver_train,base,400,400,4,5,0.4123731777
standard_airfoil,/home/hwz/Transolver/LINEARNO/monitor/analysis/transolver_monitor_output_20260917_074049/LINEARNO/monitor/output/standard_airfoil/20260916_193631_standard_airfoil_Transolver_train,base,400,400,4,6,0.4029955901
standard_airfoil,/home/hwz/Transolver/LINEARNO/monitor/analysis/transolver_monitor_output_20260917_074049/LINEARNO/monitor/output/standard_airfoil/20260916_193631_standard_airfoil_Transolver_train,base,400,400,4,7,0.4080729228
standard_airfoil,/home/hwz/Transolver/LINEARNO/monitor/analysis/transolver_monitor_output_20260917_074049/LINEARNO/monitor/output/standard_airfoil/20260916_193631_standard_airfoil_Transolver_train,base,400,400,4,8,0.480654425
standard_airfoil,/home/hwz/Transolver/LINEARNO/monitor/analysis/transolver_monitor_output_20260917_074049/LINEARNO/monitor/output/standard_airfoil/20260916_193631_standard_airfoil_Transolver_train,base,400,400,5,1,0.484233276
standard_airfoil,/home/hwz/Transolver/LINEARNO/monitor/analysis/transolver_monitor_output_20260917_074049/LINEARNO/monitor/output/standard_airfoil/20260916_193631_standard_airfoil_Transolver_train,base,400,400,5,2,0.5311888559
standard_airfoil,/home/hwz/Transolver/LINEARNO/monitor/analysis/transolver_monitor_output_20260917_074049/LINEARNO/monitor/output/standard_airfoil/20260916_193631_standard_airfoil_Transolver_train,base,400,400,5,3,0.4038871368
standard_airfoil,/home/hwz/Transolver/LINEARNO/monitor/analysis/transolver_monitor_output_20260917_074049/LINEARNO/monitor/output/standard_airfoil/20260916_193631_standard_airfoil_Transolver_train,base,400,400,5,4,0.4123731777
standard_airfoil,/home/hwz/Transolver/LINEARNO/monitor/analysis/transolver_monitor_output_20260917_074049/LINEARNO/monitor/output/standard_airfoil/20260916_193631_standard_airfoil_Transolver_train,base,400,400,5,5,1
standard_airfoil,/home/hwz/Transolver/LINEARNO/monitor/analysis/transolver_monitor_output_20260917_074049/LINEARNO/monitor/output/standard_airfoil/20260916_193631_standard_airfoil_Transolver_train,base,400,400,5,6,0.4730654527
standard_airfoil,/home/hwz/Transolver/LINEARNO/monitor/analysis/transolver_monitor_output_20260917_074049/LINEARNO/monitor/output/standard_airfoil/20260916_193631_standard_airfoil_Transolver_train,base,400,400,5,7,0.4192257952
standard_airfoil,/home/hwz/Transolver/LINEARNO/monitor/analysis/transolver_monitor_output_20260917_074049/LINEARNO/monitor/output/standard_airfoil/20260916_193631_standard_airfoil_Transolver_train,base,400,400,5,8,0.5659353323
standard_airfoil,/home/hwz/Transolver/LINEARNO/monitor/analysis/transolver_monitor_output_20260917_074049/LINEARNO/monitor/output/standard_airfoil/20260916_193631_standard_airfoil_Transolver_train,base,400,400,6,1,0.4629518678
standard_airfoil,/home/hwz/Transolver/LINEARNO/monitor/analysis/transolver_monitor_output_20260917_074049/LINEARNO/monitor/output/standard_airfoil/20260916_193631_standard_airfoil_Transolver_train,base,400,400,6,2,0.4776713485
standard_airfoil,/home/hwz/Transolver/LINEARNO/monitor/analysis/transolver_monitor_output_20260917_074049/LINEARNO/monitor/output/standard_airfoil/20260916_193631_standard_airfoil_Transolver_train,base,400,400,6,3,0.3850127663
standard_airfoil,/home/hwz/Transolver/LINEARNO/monitor/analysis/transolver_monitor_output_20260917_074049/LINEARNO/monitor/output/standard_airfoil/20260916_193631_standard_airfoil_Transolver_train,base,400,400,6,4,0.4029955901
standard_airfoil,/home/hwz/Transolver/LINEARNO/monitor/analysis/transolver_monitor_output_20260917_074049/LINEARNO/monitor/output/standard_airfoil/20260916_193631_standard_airfoil_Transolver_train,base,400,400,6,5,0.4730654527
standard_airfoil,/home/hwz/Transolver/LINEARNO/monitor/analysis/transolver_monitor_output_20260917_074049/LINEARNO/monitor/output/standard_airfoil/20260916_193631_standard_airfoil_Transolver_train,base,400,400,6,6,1
standard_airfoil,/home/hwz/Transolver/LINEARNO/monitor/analysis/transolver_monitor_output_20260917_074049/LINEARNO/monitor/output/standard_airfoil/20260916_193631_standard_airfoil_Transolver_train,base,400,400,6,7,0.3929753192
standard_airfoil,/home/hwz/Transolver/LINEARNO/monitor/analysis/transolver_monitor_output_20260917_074049/LINEARNO/monitor/output/standard_airfoil/20260916_193631_standard_airfoil_Transolver_train,base,400,400,6,8,0.5390842445
standard_airfoil,/home/hwz/Transolver/LINEARNO/monitor/analysis/transolver_monitor_output_20260917_074049/LINEARNO/monitor/output/standard_airfoil/20260916_193631_standard_airfoil_Transolver_train,base,400,400,7,1,0.4579072539
standard_airfoil,/home/hwz/Transolver/LINEARNO/monitor/analysis/transolver_monitor_output_20260917_074049/LINEARNO/monitor/output/standard_airfoil/20260916_193631_standard_airfoil_Transolver_train,base,400,400,7,2,0.5404121783
standard_airfoil,/home/hwz/Transolver/LINEARNO/monitor/analysis/transolver_monitor_output_20260917_074049/LINEARNO/monitor/output/standard_airfoil/20260916_193631_standard_airfoil_Transolver_train,base,400,400,7,3,0.3710841266
standard_airfoil,/home/hwz/Transolver/LINEARNO/monitor/analysis/transolver_monitor_output_20260917_074049/LINEARNO/monitor/output/standard_airfoil/20260916_193631_standard_airfoil_Transolver_train,base,400,400,7,4,0.4080729228
standard_airfoil,/home/hwz/Transolver/LINEARNO/monitor/analysis/transolver_monitor_output_20260917_074049/LINEARNO/monitor/output/standard_airfoil/20260916_193631_standard_airfoil_Transolver_train,base,400,400,7,5,0.4192257952
standard_airfoil,/home/hwz/Transolver/LINEARNO/monitor/analysis/transolver_monitor_output_20260917_074049/LINEARNO/monitor/output/standard_airfoil/20260916_193631_standard_airfoil_Transolver_train,base,400,400,7,6,0.3929753192
standard_airfoil,/home/hwz/Transolver/LINEARNO/monitor/analysis/transolver_monitor_output_20260917_074049/LINEARNO/monitor/output/standard_airfoil/20260916_193631_standard_airfoil_Transolver_train,base,400,400,7,7,1
standard_airfoil,/home/hwz/Transolver/LINEARNO/monitor/analysis/transolver_monitor_output_20260917_074049/LINEARNO/monitor/output/standard_airfoil/20260916_193631_standard_airfoil_Transolver_train,base,400,400,7,8,0.5756199826
standard_airfoil,/home/hwz/Transolver/LINEARNO/monitor/analysis/transolver_monitor_output_20260917_074049/LINEARNO/monitor/output/standard_airfoil/20260916_193631_standard_airfoil_Transolver_train,base,400,400,8,1,0.6443931405
standard_airfoil,/home/hwz/Transolver/LINEARNO/monitor/analysis/transolver_monitor_output_20260917_074049/LINEARNO/monitor/output/standard_airfoil/20260916_193631_standard_airfoil_Transolver_train,base,400,400,8,2,0.6863089344
standard_airfoil,/home/hwz/Transolver/LINEARNO/monitor/analysis/transolver_monitor_output_20260917_074049/LINEARNO/monitor/output/standard_airfoil/20260916_193631_standard_airfoil_Transolver_train,base,400,400,8,3,0.4318885058
standard_airfoil,/home/hwz/Transolver/LINEARNO/monitor/analysis/transolver_monitor_output_20260917_074049/LINEARNO/monitor/output/standard_airfoil/20260916_193631_standard_airfoil_Transolver_train,base,400,400,8,4,0.480654425
standard_airfoil,/home/hwz/Transolver/LINEARNO/monitor/analysis/transolver_monitor_output_20260917_074049/LINEARNO/monitor/output/standard_airfoil/20260916_193631_standard_airfoil_Transolver_train,base,400,400,8,5,0.5659353323
standard_airfoil,/home/hwz/Transolver/LINEARNO/monitor/analysis/transolver_monitor_output_20260917_074049/LINEARNO/monitor/output/standard_airfoil/20260916_193631_standard_airfoil_Transolver_train,base,400,400,8,6,0.5390842445
standard_airfoil,/home/hwz/Transolver/LINEARNO/monitor/analysis/transolver_monitor_output_20260917_074049/LINEARNO/monitor/output/standard_airfoil/20260916_193631_standard_airfoil_Transolver_train,base,400,400,8,7,0.5756199826
standard_airfoil,/home/hwz/Transolver/LINEARNO/monitor/analysis/transolver_monitor_output_20260917_074049/LINEARNO/monitor/output/standard_airfoil/20260916_193631_standard_airfoil_Transolver_train,base,400,400,8,8,1
standard_airfoil,/home/hwz/Transolver/LINEARNO/monitor/analysis/transolver_monitor_output_20260917_074049/LINEARNO/monitor/output/standard_airfoil/20260916_193631_standard_airfoil_Transolver_train,base,500,500,1,1,1
standard_airfoil,/home/hwz/Transolver/LINEARNO/monitor/analysis/transolver_monitor_output_20260917_074049/LINEARNO/monitor/output/standard_airfoil/20260916_193631_standard_airfoil_Transolver_train,base,500,500,1,2,0.5987446308
standard_airfoil,/home/hwz/Transolver/LINEARNO/monitor/analysis/transolver_monitor_output_20260917_074049/LINEARNO/monitor/output/standard_airfoil/20260916_193631_standard_airfoil_Transolver_train,base,500,500,1,3,0.4259760873
standard_airfoil,/home/hwz/Transolver/LINEARNO/monitor/analysis/transolver_monitor_output_20260917_074049/LINEARNO/monitor/output/standard_airfoil/20260916_193631_standard_airfoil_Transolver_train,base,500,500,1,4,0.4176825006
standard_airfoil,/home/hwz/Transolver/LINEARNO/monitor/analysis/transolver_monitor_output_20260917_074049/LINEARNO/monitor/output/standard_airfoil/20260916_193631_standard_airfoil_Transolver_train,base,500,500,1,5,0.4898093808
standard_airfoil,/home/hwz/Transolver/LINEARNO/monitor/analysis/transolver_monitor_output_20260917_074049/LINEARNO/monitor/output/standard_airfoil/20260916_193631_standard_airfoil_Transolver_train,base,500,500,1,6,0.4705502223
standard_airfoil,/home/hwz/Transolver/LINEARNO/monitor/analysis/transolver_monitor_output_20260917_074049/LINEARNO/monitor/output/standard_airfoil/20260916_193631_standard_airfoil_Transolver_train,base,500,500,1,7,0.4576577945
standard_airfoil,/home/hwz/Transolver/LINEARNO/monitor/analysis/transolver_monitor_output_20260917_074049/LINEARNO/monitor/output/standard_airfoil/20260916_193631_standard_airfoil_Transolver_train,base,500,500,1,8,0.6562689925
standard_airfoil,/home/hwz/Transolver/LINEARNO/monitor/analysis/transolver_monitor_output_20260917_074049/LINEARNO/monitor/output/standard_airfoil/20260916_193631_standard_airfoil_Transolver_train,base,500,500,2,1,0.5987446308
standard_airfoil,/home/hwz/Transolver/LINEARNO/monitor/analysis/transolver_monitor_output_20260917_074049/LINEARNO/monitor/output/standard_airfoil/20260916_193631_standard_airfoil_Transolver_train,base,500,500,2,2,1
standard_airfoil,/home/hwz/Transolver/LINEARNO/monitor/analysis/transolver_monitor_output_20260917_074049/LINEARNO/monitor/output/standard_airfoil/20260916_193631_standard_airfoil_Transolver_train,base,500,500,2,3,0.4606489008
standard_airfoil,/home/hwz/Transolver/LINEARNO/monitor/analysis/transolver_monitor_output_20260917_074049/LINEARNO/monitor/output/standard_airfoil/20260916_193631_standard_airfoil_Transolver_train,base,500,500,2,4,0.4332554843
standard_airfoil,/home/hwz/Transolver/LINEARNO/monitor/analysis/transolver_monitor_output_20260917_074049/LINEARNO/monitor/output/standard_airfoil/20260916_193631_standard_airfoil_Transolver_train,base,500,500,2,5,0.5352626303
standard_airfoil,/home/hwz/Transolver/LINEARNO/monitor/analysis/transolver_monitor_output_20260917_074049/LINEARNO/monitor/output/standard_airfoil/20260916_193631_standard_airfoil_Transolver_train,base,500,500,2,6,0.4817521572
standard_airfoil,/home/hwz/Transolver/LINEARNO/monitor/analysis/transolver_monitor_output_20260917_074049/LINEARNO/monitor/output/standard_airfoil/20260916_193631_standard_airfoil_Transolver_train,base,500,500,2,7,0.5330931079
standard_airfoil,/home/hwz/Transolver/LINEARNO/monitor/analysis/transolver_monitor_output_20260917_074049/LINEARNO/monitor/output/standard_airfoil/20260916_193631_standard_airfoil_Transolver_train,base,500,500,2,8,0.6818057895
standard_airfoil,/home/hwz/Transolver/LINEARNO/monitor/analysis/transolver_monitor_output_20260917_074049/LINEARNO/monitor/output/standard_airfoil/20260916_193631_standard_airfoil_Transolver_train,base,500,500,3,1,0.4259760873
standard_airfoil,/home/hwz/Transolver/LINEARNO/monitor/analysis/transolver_monitor_output_20260917_074049/LINEARNO/monitor/output/standard_airfoil/20260916_193631_standard_airfoil_Transolver_train,base,500,500,3,2,0.4606489008
standard_airfoil,/home/hwz/Transolver/LINEARNO/monitor/analysis/transolver_monitor_output_20260917_074049/LINEARNO/monitor/output/standard_airfoil/20260916_193631_standard_airfoil_Transolver_train,base,500,500,3,3,1
standard_airfoil,/home/hwz/Transolver/LINEARNO/monitor/analysis/transolver_monitor_output_20260917_074049/LINEARNO/monitor/output/standard_airfoil/20260916_193631_standard_airfoil_Transolver_train,base,500,500,3,4,0.4057392785
standard_airfoil,/home/hwz/Transolver/LINEARNO/monitor/analysis/transolver_monitor_output_20260917_074049/LINEARNO/monitor/output/standard_airfoil/20260916_193631_standard_airfoil_Transolver_train,base,500,500,3,5,0.412297694
standard_airfoil,/home/hwz/Transolver/LINEARNO/monitor/analysis/transolver_monitor_output_20260917_074049/LINEARNO/monitor/output/standard_airfoil/20260916_193631_standard_airfoil_Transolver_train,base,500,500,3,6,0.3958823676
standard_airfoil,/home/hwz/Transolver/LINEARNO/monitor/analysis/transolver_monitor_output_20260917_074049/LINEARNO/monitor/output/standard_airfoil/20260916_193631_standard_airfoil_Transolver_train,base,500,500,3,7,0.3839836111
standard_airfoil,/home/hwz/Transolver/LINEARNO/monitor/analysis/transolver_monitor_output_20260917_074049/LINEARNO/monitor/output/standard_airfoil/20260916_193631_standard_airfoil_Transolver_train,base,500,500,3,8,0.4466838324
standard_airfoil,/home/hwz/Transolver/LINEARNO/monitor/analysis/transolver_monitor_output_20260917_074049/LINEARNO/monitor/output/standard_airfoil/20260916_193631_standard_airfoil_Transolver_train,base,500,500,4,1,0.4176825006
standard_airfoil,/home/hwz/Transolver/LINEARNO/monitor/analysis/transolver_monitor_output_20260917_074049/LINEARNO/monitor/output/standard_airfoil/20260916_193631_standard_airfoil_Transolver_train,base,500,500,4,2,0.4332554843
standard_airfoil,/home/hwz/Transolver/LINEARNO/monitor/analysis/transolver_monitor_output_20260917_074049/LINEARNO/monitor/output/standard_airfoil/20260916_193631_standard_airfoil_Transolver_train,base,500,500,4,3,0.4057392785
standard_airfoil,/home/hwz/Transolver/LINEARNO/monitor/analysis/transolver_monitor_output_20260917_074049/LINEARNO/monitor/output/standard_airfoil/20260916_193631_standard_airfoil_Transolver_train,base,500,500,4,4,1
standard_airfoil,/home/hwz/Transolver/LINEARNO/monitor/analysis/transolver_monitor_output_20260917_074049/LINEARNO/monitor/output/standard_airfoil/20260916_193631_standard_airfoil_Transolver_train,base,500,500,4,5,0.4144729804
standard_airfoil,/home/hwz/Transolver/LINEARNO/monitor/analysis/transolver_monitor_output_20260917_074049/LINEARNO/monitor/output/standard_airfoil/20260916_193631_standard_airfoil_Transolver_train,base,500,500,4,6,0.4092414379
standard_airfoil,/home/hwz/Transolver/LINEARNO/monitor/analysis/transolver_monitor_output_20260917_074049/LINEARNO/monitor/output/standard_airfoil/20260916_193631_standard_airfoil_Transolver_train,base,500,500,4,7,0.4183358951
standard_airfoil,/home/hwz/Transolver/LINEARNO/monitor/analysis/transolver_monitor_output_20260917_074049/LINEARNO/monitor/output/standard_airfoil/20260916_193631_standard_airfoil_Transolver_train,base,500,500,4,8,0.4909718046
standard_airfoil,/home/hwz/Transolver/LINEARNO/monitor/analysis/transolver_monitor_output_20260917_074049/LINEARNO/monitor/output/standard_airfoil/20260916_193631_standard_airfoil_Transolver_train,base,500,500,5,1,0.4898093808
standard_airfoil,/home/hwz/Transolver/LINEARNO/monitor/analysis/transolver_monitor_output_20260917_074049/LINEARNO/monitor/output/standard_airfoil/20260916_193631_standard_airfoil_Transolver_train,base,500,500,5,2,0.5352626303
standard_airfoil,/home/hwz/Transolver/LINEARNO/monitor/analysis/transolver_monitor_output_20260917_074049/LINEARNO/monitor/output/standard_airfoil/20260916_193631_standard_airfoil_Transolver_train,base,500,500,5,3,0.412297694
standard_airfoil,/home/hwz/Transolver/LINEARNO/monitor/analysis/transolver_monitor_output_20260917_074049/LINEARNO/monitor/output/standard_airfoil/20260916_193631_standard_airfoil_Transolver_train,base,500,500,5,4,0.4144729804
standard_airfoil,/home/hwz/Transolver/LINEARNO/monitor/analysis/transolver_monitor_output_20260917_074049/LINEARNO/monitor/output/standard_airfoil/20260916_193631_standard_airfoil_Transolver_train,base,500,500,5,5,1
standard_airfoil,/home/hwz/Transolver/LINEARNO/monitor/analysis/transolver_monitor_output_20260917_074049/LINEARNO/monitor/output/standard_airfoil/20260916_193631_standard_airfoil_Transolver_train,base,500,500,5,6,0.4778823182
standard_airfoil,/home/hwz/Transolver/LINEARNO/monitor/analysis/transolver_monitor_output_20260917_074049/LINEARNO/monitor/output/standard_airfoil/20260916_193631_standard_airfoil_Transolver_train,base,500,500,5,7,0.4206547132
standard_airfoil,/home/hwz/Transolver/LINEARNO/monitor/analysis/transolver_monitor_output_20260917_074049/LINEARNO/monitor/output/standard_airfoil/20260916_193631_standard_airfoil_Transolver_train,base,500,500,5,8,0.5686068535
standard_airfoil,/home/hwz/Transolver/LINEARNO/monitor/analysis/transolver_monitor_output_20260917_074049/LINEARNO/monitor/output/standard_airfoil/20260916_193631_standard_airfoil_Transolver_train,base,500,500,6,1,0.4705502223
standard_airfoil,/home/hwz/Transolver/LINEARNO/monitor/analysis/transolver_monitor_output_20260917_074049/LINEARNO/monitor/output/standard_airfoil/20260916_193631_standard_airfoil_Transolver_train,base,500,500,6,2,0.4817521572
standard_airfoil,/home/hwz/Transolver/LINEARNO/monitor/analysis/transolver_monitor_output_20260917_074049/LINEARNO/monitor/output/standard_airfoil/20260916_193631_standard_airfoil_Transolver_train,base,500,500,6,3,0.3958823676
standard_airfoil,/home/hwz/Transolver/LINEARNO/monitor/analysis/transolver_monitor_output_20260917_074049/LINEARNO/monitor/output/standard_airfoil/20260916_193631_standard_airfoil_Transolver_train,base,500,500,6,4,0.4092414379
standard_airfoil,/home/hwz/Transolver/LINEARNO/monitor/analysis/transolver_monitor_output_20260917_074049/LINEARNO/monitor/output/standard_airfoil/20260916_193631_standard_airfoil_Transolver_train,base,500,500,6,5,0.4778823182
standard_airfoil,/home/hwz/Transolver/LINEARNO/monitor/analysis/transolver_monitor_output_20260917_074049/LINEARNO/monitor/output/standard_airfoil/20260916_193631_standard_airfoil_Transolver_train,base,500,500,6,6,1
standard_airfoil,/home/hwz/Transolver/LINEARNO/monitor/analysis/transolver_monitor_output_20260917_074049/LINEARNO/monitor/output/standard_airfoil/20260916_193631_standard_airfoil_Transolver_train,base,500,500,6,7,0.3913991386
standard_airfoil,/home/hwz/Transolver/LINEARNO/monitor/analysis/transolver_monitor_output_20260917_074049/LINEARNO/monitor/output/standard_airfoil/20260916_193631_standard_airfoil_Transolver_train,base,500,500,6,8,0.541205124
standard_airfoil,/home/hwz/Transolver/LINEARNO/monitor/analysis/transolver_monitor_output_20260917_074049/LINEARNO/monitor/output/standard_airfoil/20260916_193631_standard_airfoil_Transolver_train,base,500,500,7,1,0.4576577945
standard_airfoil,/home/hwz/Transolver/LINEARNO/monitor/analysis/transolver_monitor_output_20260917_074049/LINEARNO/monitor/output/standard_airfoil/20260916_193631_standard_airfoil_Transolver_train,base,500,500,7,2,0.5330931079
standard_airfoil,/home/hwz/Transolver/LINEARNO/monitor/analysis/transolver_monitor_output_20260917_074049/LINEARNO/monitor/output/standard_airfoil/20260916_193631_standard_airfoil_Transolver_train,base,500,500,7,3,0.3839836111
standard_airfoil,/home/hwz/Transolver/LINEARNO/monitor/analysis/transolver_monitor_output_20260917_074049/LINEARNO/monitor/output/standard_airfoil/20260916_193631_standard_airfoil_Transolver_train,base,500,500,7,4,0.4183358951
standard_airfoil,/home/hwz/Transolver/LINEARNO/monitor/analysis/transolver_monitor_output_20260917_074049/LINEARNO/monitor/output/standard_airfoil/20260916_193631_standard_airfoil_Transolver_train,base,500,500,7,5,0.4206547132
standard_airfoil,/home/hwz/Transolver/LINEARNO/monitor/analysis/transolver_monitor_output_20260917_074049/LINEARNO/monitor/output/standard_airfoil/20260916_193631_standard_airfoil_Transolver_train,base,500,500,7,6,0.3913991386
standard_airfoil,/home/hwz/Transolver/LINEARNO/monitor/analysis/transolver_monitor_output_20260917_074049/LINEARNO/monitor/output/standard_airfoil/20260916_193631_standard_airfoil_Transolver_train,base,500,500,7,7,1
standard_airfoil,/home/hwz/Transolver/LINEARNO/monitor/analysis/transolver_monitor_output_20260917_074049/LINEARNO/monitor/output/standard_airfoil/20260916_193631_standard_airfoil_Transolver_train,base,500,500,7,8,0.566611805
standard_airfoil,/home/hwz/Transolver/LINEARNO/monitor/analysis/transolver_monitor_output_20260917_074049/LINEARNO/monitor/output/standard_airfoil/20260916_193631_standard_airfoil_Transolver_train,base,500,500,8,1,0.6562689925
standard_airfoil,/home/hwz/Transolver/LINEARNO/monitor/analysis/transolver_monitor_output_20260917_074049/LINEARNO/monitor/output/standard_airfoil/20260916_193631_standard_airfoil_Transolver_train,base,500,500,8,2,0.6818057895
standard_airfoil,/home/hwz/Transolver/LINEARNO/monitor/analysis/transolver_monitor_output_20260917_074049/LINEARNO/monitor/output/standard_airfoil/20260916_193631_standard_airfoil_Transolver_train,base,500,500,8,3,0.4466838324
standard_airfoil,/home/hwz/Transolver/LINEARNO/monitor/analysis/transolver_monitor_output_20260917_074049/LINEARNO/monitor/output/standard_airfoil/20260916_193631_standard_airfoil_Transolver_train,base,500,500,8,4,0.4909718046
standard_airfoil,/home/hwz/Transolver/LINEARNO/monitor/analysis/transolver_monitor_output_20260917_074049/LINEARNO/monitor/output/standard_airfoil/20260916_193631_standard_airfoil_Transolver_train,base,500,500,8,5,0.5686068535
standard_airfoil,/home/hwz/Transolver/LINEARNO/monitor/analysis/transolver_monitor_output_20260917_074049/LINEARNO/monitor/output/standard_airfoil/20260916_193631_standard_airfoil_Transolver_train,base,500,500,8,6,0.541205124
standard_airfoil,/home/hwz/Transolver/LINEARNO/monitor/analysis/transolver_monitor_output_20260917_074049/LINEARNO/monitor/output/standard_airfoil/20260916_193631_standard_airfoil_Transolver_train,base,500,500,8,7,0.566611805
standard_airfoil,/home/hwz/Transolver/LINEARNO/monitor/analysis/transolver_monitor_output_20260917_074049/LINEARNO/monitor/output/standard_airfoil/20260916_193631_standard_airfoil_Transolver_train,base,500,500,8,8,1
darcy,/home/hwz/Transolver/LINEARNO/monitor/analysis/transolver_monitor_output_20260917_074049/LINEARNO/monitor/output/darcy/20260916_193756_darcy_UniPDE_train,base,1,1,1,1,1
darcy,/home/hwz/Transolver/LINEARNO/monitor/analysis/transolver_monitor_output_20260917_074049/LINEARNO/monitor/output/darcy/20260916_193756_darcy_UniPDE_train,base,1,1,1,2,1
darcy,/home/hwz/Transolver/LINEARNO/monitor/analysis/transolver_monitor_output_20260917_074049/LINEARNO/monitor/output/darcy/20260916_193756_darcy_UniPDE_train,base,1,1,1,3,1
darcy,/home/hwz/Transolver/LINEARNO/monitor/analysis/transolver_monitor_output_20260917_074049/LINEARNO/monitor/output/darcy/20260916_193756_darcy_UniPDE_train,base,1,1,1,4,1
darcy,/home/hwz/Transolver/LINEARNO/monitor/analysis/transolver_monitor_output_20260917_074049/LINEARNO/monitor/output/darcy/20260916_193756_darcy_UniPDE_train,base,1,1,1,5,1
darcy,/home/hwz/Transolver/LINEARNO/monitor/analysis/transolver_monitor_output_20260917_074049/LINEARNO/monitor/output/darcy/20260916_193756_darcy_UniPDE_train,base,1,1,1,6,1
darcy,/home/hwz/Transolver/LINEARNO/monitor/analysis/transolver_monitor_output_20260917_074049/LINEARNO/monitor/output/darcy/20260916_193756_darcy_UniPDE_train,base,1,1,1,7,1
darcy,/home/hwz/Transolver/LINEARNO/monitor/analysis/transolver_monitor_output_20260917_074049/LINEARNO/monitor/output/darcy/20260916_193756_darcy_UniPDE_train,base,1,1,1,8,1
darcy,/home/hwz/Transolver/LINEARNO/monitor/analysis/transolver_monitor_output_20260917_074049/LINEARNO/monitor/output/darcy/20260916_193756_darcy_UniPDE_train,base,1,1,2,1,1
darcy,/home/hwz/Transolver/LINEARNO/monitor/analysis/transolver_monitor_output_20260917_074049/LINEARNO/monitor/output/darcy/20260916_193756_darcy_UniPDE_train,base,1,1,2,2,1
darcy,/home/hwz/Transolver/LINEARNO/monitor/analysis/transolver_monitor_output_20260917_074049/LINEARNO/monitor/output/darcy/20260916_193756_darcy_UniPDE_train,base,1,1,2,3,1
darcy,/home/hwz/Transolver/LINEARNO/monitor/analysis/transolver_monitor_output_20260917_074049/LINEARNO/monitor/output/darcy/20260916_193756_darcy_UniPDE_train,base,1,1,2,4,1
darcy,/home/hwz/Transolver/LINEARNO/monitor/analysis/transolver_monitor_output_20260917_074049/LINEARNO/monitor/output/darcy/20260916_193756_darcy_UniPDE_train,base,1,1,2,5,1
darcy,/home/hwz/Transolver/LINEARNO/monitor/analysis/transolver_monitor_output_20260917_074049/LINEARNO/monitor/output/darcy/20260916_193756_darcy_UniPDE_train,base,1,1,2,6,1
darcy,/home/hwz/Transolver/LINEARNO/monitor/analysis/transolver_monitor_output_20260917_074049/LINEARNO/monitor/output/darcy/20260916_193756_darcy_UniPDE_train,base,1,1,2,7,1
darcy,/home/hwz/Transolver/LINEARNO/monitor/analysis/transolver_monitor_output_20260917_074049/LINEARNO/monitor/output/darcy/20260916_193756_darcy_UniPDE_train,base,1,1,2,8,1
darcy,/home/hwz/Transolver/LINEARNO/monitor/analysis/transolver_monitor_output_20260917_074049/LINEARNO/monitor/output/darcy/20260916_193756_darcy_UniPDE_train,base,1,1,3,1,1
darcy,/home/hwz/Transolver/LINEARNO/monitor/analysis/transolver_monitor_output_20260917_074049/LINEARNO/monitor/output/darcy/20260916_193756_darcy_UniPDE_train,base,1,1,3,2,1
darcy,/home/hwz/Transolver/LINEARNO/monitor/analysis/transolver_monitor_output_20260917_074049/LINEARNO/monitor/output/darcy/20260916_193756_darcy_UniPDE_train,base,1,1,3,3,1
darcy,/home/hwz/Transolver/LINEARNO/monitor/analysis/transolver_monitor_output_20260917_074049/LINEARNO/monitor/output/darcy/20260916_193756_darcy_UniPDE_train,base,1,1,3,4,1
darcy,/home/hwz/Transolver/LINEARNO/monitor/analysis/transolver_monitor_output_20260917_074049/LINEARNO/monitor/output/darcy/20260916_193756_darcy_UniPDE_train,base,1,1,3,5,1
darcy,/home/hwz/Transolver/LINEARNO/monitor/analysis/transolver_monitor_output_20260917_074049/LINEARNO/monitor/output/darcy/20260916_193756_darcy_UniPDE_train,base,1,1,3,6,1
darcy,/home/hwz/Transolver/LINEARNO/monitor/analysis/transolver_monitor_output_20260917_074049/LINEARNO/monitor/output/darcy/20260916_193756_darcy_UniPDE_train,base,1,1,3,7,1
darcy,/home/hwz/Transolver/LINEARNO/monitor/analysis/transolver_monitor_output_20260917_074049/LINEARNO/monitor/output/darcy/20260916_193756_darcy_UniPDE_train,base,1,1,3,8,1
darcy,/home/hwz/Transolver/LINEARNO/monitor/analysis/transolver_monitor_output_20260917_074049/LINEARNO/monitor/output/darcy/20260916_193756_darcy_UniPDE_train,base,1,1,4,1,1
darcy,/home/hwz/Transolver/LINEARNO/monitor/analysis/transolver_monitor_output_20260917_074049/LINEARNO/monitor/output/darcy/20260916_193756_darcy_UniPDE_train,base,1,1,4,2,1
darcy,/home/hwz/Transolver/LINEARNO/monitor/analysis/transolver_monitor_output_20260917_074049/LINEARNO/monitor/output/darcy/20260916_193756_darcy_UniPDE_train,base,1,1,4,3,1
darcy,/home/hwz/Transolver/LINEARNO/monitor/analysis/transolver_monitor_output_20260917_074049/LINEARNO/monitor/output/darcy/20260916_193756_darcy_UniPDE_train,base,1,1,4,4,1
darcy,/home/hwz/Transolver/LINEARNO/monitor/analysis/transolver_monitor_output_20260917_074049/LINEARNO/monitor/output/darcy/20260916_193756_darcy_UniPDE_train,base,1,1,4,5,1
darcy,/home/hwz/Transolver/LINEARNO/monitor/analysis/transolver_monitor_output_20260917_074049/LINEARNO/monitor/output/darcy/20260916_193756_darcy_UniPDE_train,base,1,1,4,6,1
darcy,/home/hwz/Transolver/LINEARNO/monitor/analysis/transolver_monitor_output_20260917_074049/LINEARNO/monitor/output/darcy/20260916_193756_darcy_UniPDE_train,base,1,1,4,7,1
darcy,/home/hwz/Transolver/LINEARNO/monitor/analysis/transolver_monitor_output_20260917_074049/LINEARNO/monitor/output/darcy/20260916_193756_darcy_UniPDE_train,base,1,1,4,8,1
darcy,/home/hwz/Transolver/LINEARNO/monitor/analysis/transolver_monitor_output_20260917_074049/LINEARNO/monitor/output/darcy/20260916_193756_darcy_UniPDE_train,base,1,1,5,1,1
darcy,/home/hwz/Transolver/LINEARNO/monitor/analysis/transolver_monitor_output_20260917_074049/LINEARNO/monitor/output/darcy/20260916_193756_darcy_UniPDE_train,base,1,1,5,2,1
darcy,/home/hwz/Transolver/LINEARNO/monitor/analysis/transolver_monitor_output_20260917_074049/LINEARNO/monitor/output/darcy/20260916_193756_darcy_UniPDE_train,base,1,1,5,3,1
darcy,/home/hwz/Transolver/LINEARNO/monitor/analysis/transolver_monitor_output_20260917_074049/LINEARNO/monitor/output/darcy/20260916_193756_darcy_UniPDE_train,base,1,1,5,4,1
darcy,/home/hwz/Transolver/LINEARNO/monitor/analysis/transolver_monitor_output_20260917_074049/LINEARNO/monitor/output/darcy/20260916_193756_darcy_UniPDE_train,base,1,1,5,5,1
darcy,/home/hwz/Transolver/LINEARNO/monitor/analysis/transolver_monitor_output_20260917_074049/LINEARNO/monitor/output/darcy/20260916_193756_darcy_UniPDE_train,base,1,1,5,6,1
darcy,/home/hwz/Transolver/LINEARNO/monitor/analysis/transolver_monitor_output_20260917_074049/LINEARNO/monitor/output/darcy/20260916_193756_darcy_UniPDE_train,base,1,1,5,7,1
darcy,/home/hwz/Transolver/LINEARNO/monitor/analysis/transolver_monitor_output_20260917_074049/LINEARNO/monitor/output/darcy/20260916_193756_darcy_UniPDE_train,base,1,1,5,8,1
darcy,/home/hwz/Transolver/LINEARNO/monitor/analysis/transolver_monitor_output_20260917_074049/LINEARNO/monitor/output/darcy/20260916_193756_darcy_UniPDE_train,base,1,1,6,1,1
darcy,/home/hwz/Transolver/LINEARNO/monitor/analysis/transolver_monitor_output_20260917_074049/LINEARNO/monitor/output/darcy/20260916_193756_darcy_UniPDE_train,base,1,1,6,2,1
darcy,/home/hwz/Transolver/LINEARNO/monitor/analysis/transolver_monitor_output_20260917_074049/LINEARNO/monitor/output/darcy/20260916_193756_darcy_UniPDE_train,base,1,1,6,3,1
darcy,/home/hwz/Transolver/LINEARNO/monitor/analysis/transolver_monitor_output_20260917_074049/LINEARNO/monitor/output/darcy/20260916_193756_darcy_UniPDE_train,base,1,1,6,4,1
darcy,/home/hwz/Transolver/LINEARNO/monitor/analysis/transolver_monitor_output_20260917_074049/LINEARNO/monitor/output/darcy/20260916_193756_darcy_UniPDE_train,base,1,1,6,5,1
darcy,/home/hwz/Transolver/LINEARNO/monitor/analysis/transolver_monitor_output_20260917_074049/LINEARNO/monitor/output/darcy/20260916_193756_darcy_UniPDE_train,base,1,1,6,6,1
darcy,/home/hwz/Transolver/LINEARNO/monitor/analysis/transolver_monitor_output_20260917_074049/LINEARNO/monitor/output/darcy/20260916_193756_darcy_UniPDE_train,base,1,1,6,7,1
darcy,/home/hwz/Transolver/LINEARNO/monitor/analysis/transolver_monitor_output_20260917_074049/LINEARNO/monitor/output/darcy/20260916_193756_darcy_UniPDE_train,base,1,1,6,8,1
darcy,/home/hwz/Transolver/LINEARNO/monitor/analysis/transolver_monitor_output_20260917_074049/LINEARNO/monitor/output/darcy/20260916_193756_darcy_UniPDE_train,base,1,1,7,1,1
darcy,/home/hwz/Transolver/LINEARNO/monitor/analysis/transolver_monitor_output_20260917_074049/LINEARNO/monitor/output/darcy/20260916_193756_darcy_UniPDE_train,base,1,1,7,2,1
darcy,/home/hwz/Transolver/LINEARNO/monitor/analysis/transolver_monitor_output_20260917_074049/LINEARNO/monitor/output/darcy/20260916_193756_darcy_UniPDE_train,base,1,1,7,3,1
darcy,/home/hwz/Transolver/LINEARNO/monitor/analysis/transolver_monitor_output_20260917_074049/LINEARNO/monitor/output/darcy/20260916_193756_darcy_UniPDE_train,base,1,1,7,4,1
darcy,/home/hwz/Transolver/LINEARNO/monitor/analysis/transolver_monitor_output_20260917_074049/LINEARNO/monitor/output/darcy/20260916_193756_darcy_UniPDE_train,base,1,1,7,5,1
darcy,/home/hwz/Transolver/LINEARNO/monitor/analysis/transolver_monitor_output_20260917_074049/LINEARNO/monitor/output/darcy/20260916_193756_darcy_UniPDE_train,base,1,1,7,6,1
darcy,/home/hwz/Transolver/LINEARNO/monitor/analysis/transolver_monitor_output_20260917_074049/LINEARNO/monitor/output/darcy/20260916_193756_darcy_UniPDE_train,base,1,1,7,7,1
darcy,/home/hwz/Transolver/LINEARNO/monitor/analysis/transolver_monitor_output_20260917_074049/LINEARNO/monitor/output/darcy/20260916_193756_darcy_UniPDE_train,base,1,1,7,8,1
darcy,/home/hwz/Transolver/LINEARNO/monitor/analysis/transolver_monitor_output_20260917_074049/LINEARNO/monitor/output/darcy/20260916_193756_darcy_UniPDE_train,base,1,1,8,1,1
darcy,/home/hwz/Transolver/LINEARNO/monitor/analysis/transolver_monitor_output_20260917_074049/LINEARNO/monitor/output/darcy/20260916_193756_darcy_UniPDE_train,base,1,1,8,2,1
darcy,/home/hwz/Transolver/LINEARNO/monitor/analysis/transolver_monitor_output_20260917_074049/LINEARNO/monitor/output/darcy/20260916_193756_darcy_UniPDE_train,base,1,1,8,3,1
darcy,/home/hwz/Transolver/LINEARNO/monitor/analysis/transolver_monitor_output_20260917_074049/LINEARNO/monitor/output/darcy/20260916_193756_darcy_UniPDE_train,base,1,1,8,4,1
darcy,/home/hwz/Transolver/LINEARNO/monitor/analysis/transolver_monitor_output_20260917_074049/LINEARNO/monitor/output/darcy/20260916_193756_darcy_UniPDE_train,base,1,1,8,5,1
darcy,/home/hwz/Transolver/LINEARNO/monitor/analysis/transolver_monitor_output_20260917_074049/LINEARNO/monitor/output/darcy/20260916_193756_darcy_UniPDE_train,base,1,1,8,6,1
darcy,/home/hwz/Transolver/LINEARNO/monitor/analysis/transolver_monitor_output_20260917_074049/LINEARNO/monitor/output/darcy/20260916_193756_darcy_UniPDE_train,base,1,1,8,7,1
darcy,/home/hwz/Transolver/LINEARNO/monitor/analysis/transolver_monitor_output_20260917_074049/LINEARNO/monitor/output/darcy/20260916_193756_darcy_UniPDE_train,base,1,1,8,8,1
darcy,/home/hwz/Transolver/LINEARNO/monitor/analysis/transolver_monitor_output_20260917_074049/LINEARNO/monitor/output/darcy/20260916_193756_darcy_UniPDE_train,base,100,100,1,1,1
darcy,/home/hwz/Transolver/LINEARNO/monitor/analysis/transolver_monitor_output_20260917_074049/LINEARNO/monitor/output/darcy/20260916_193756_darcy_UniPDE_train,base,100,100,1,2,0.6305531915
darcy,/home/hwz/Transolver/LINEARNO/monitor/analysis/transolver_monitor_output_20260917_074049/LINEARNO/monitor/output/darcy/20260916_193756_darcy_UniPDE_train,base,100,100,1,3,0.5969288908
darcy,/home/hwz/Transolver/LINEARNO/monitor/analysis/transolver_monitor_output_20260917_074049/LINEARNO/monitor/output/darcy/20260916_193756_darcy_UniPDE_train,base,100,100,1,4,0.7130276747
darcy,/home/hwz/Transolver/LINEARNO/monitor/analysis/transolver_monitor_output_20260917_074049/LINEARNO/monitor/output/darcy/20260916_193756_darcy_UniPDE_train,base,100,100,1,5,0.6194981216
darcy,/home/hwz/Transolver/LINEARNO/monitor/analysis/transolver_monitor_output_20260917_074049/LINEARNO/monitor/output/darcy/20260916_193756_darcy_UniPDE_train,base,100,100,1,6,0.5771623487
darcy,/home/hwz/Transolver/LINEARNO/monitor/analysis/transolver_monitor_output_20260917_074049/LINEARNO/monitor/output/darcy/20260916_193756_darcy_UniPDE_train,base,100,100,1,7,0.6751140589
darcy,/home/hwz/Transolver/LINEARNO/monitor/analysis/transolver_monitor_output_20260917_074049/LINEARNO/monitor/output/darcy/20260916_193756_darcy_UniPDE_train,base,100,100,1,8,0.664934122
darcy,/home/hwz/Transolver/LINEARNO/monitor/analysis/transolver_monitor_output_20260917_074049/LINEARNO/monitor/output/darcy/20260916_193756_darcy_UniPDE_train,base,100,100,2,1,0.6305531915
darcy,/home/hwz/Transolver/LINEARNO/monitor/analysis/transolver_monitor_output_20260917_074049/LINEARNO/monitor/output/darcy/20260916_193756_darcy_UniPDE_train,base,100,100,2,2,1
darcy,/home/hwz/Transolver/LINEARNO/monitor/analysis/transolver_monitor_output_20260917_074049/LINEARNO/monitor/output/darcy/20260916_193756_darcy_UniPDE_train,base,100,100,2,3,0.6191332247
darcy,/home/hwz/Transolver/LINEARNO/monitor/analysis/transolver_monitor_output_20260917_074049/LINEARNO/monitor/output/darcy/20260916_193756_darcy_UniPDE_train,base,100,100,2,4,0.5831245817
darcy,/home/hwz/Transolver/LINEARNO/monitor/analysis/transolver_monitor_output_20260917_074049/LINEARNO/monitor/output/darcy/20260916_193756_darcy_UniPDE_train,base,100,100,2,5,0.627795008
darcy,/home/hwz/Transolver/LINEARNO/monitor/analysis/transolver_monitor_output_20260917_074049/LINEARNO/monitor/output/darcy/20260916_193756_darcy_UniPDE_train,base,100,100,2,6,0.6643077759
darcy,/home/hwz/Transolver/LINEARNO/monitor/analysis/transolver_monitor_output_20260917_074049/LINEARNO/monitor/output/darcy/20260916_193756_darcy_UniPDE_train,base,100,100,2,7,0.5991352797
darcy,/home/hwz/Transolver/LINEARNO/monitor/analysis/transolver_monitor_output_20260917_074049/LINEARNO/monitor/output/darcy/20260916_193756_darcy_UniPDE_train,base,100,100,2,8,0.5904953498
darcy,/home/hwz/Transolver/LINEARNO/monitor/analysis/transolver_monitor_output_20260917_074049/LINEARNO/monitor/output/darcy/20260916_193756_darcy_UniPDE_train,base,100,100,3,1,0.5969288908
darcy,/home/hwz/Transolver/LINEARNO/monitor/analysis/transolver_monitor_output_20260917_074049/LINEARNO/monitor/output/darcy/20260916_193756_darcy_UniPDE_train,base,100,100,3,2,0.6191332247
darcy,/home/hwz/Transolver/LINEARNO/monitor/analysis/transolver_monitor_output_20260917_074049/LINEARNO/monitor/output/darcy/20260916_193756_darcy_UniPDE_train,base,100,100,3,3,1
darcy,/home/hwz/Transolver/LINEARNO/monitor/analysis/transolver_monitor_output_20260917_074049/LINEARNO/monitor/output/darcy/20260916_193756_darcy_UniPDE_train,base,100,100,3,4,0.635140473
darcy,/home/hwz/Transolver/LINEARNO/monitor/analysis/transolver_monitor_output_20260917_074049/LINEARNO/monitor/output/darcy/20260916_193756_darcy_UniPDE_train,base,100,100,3,5,0.6421920592
darcy,/home/hwz/Transolver/LINEARNO/monitor/analysis/transolver_monitor_output_20260917_074049/LINEARNO/monitor/output/darcy/20260916_193756_darcy_UniPDE_train,base,100,100,3,6,0.6096624695
darcy,/home/hwz/Transolver/LINEARNO/monitor/analysis/transolver_monitor_output_20260917_074049/LINEARNO/monitor/output/darcy/20260916_193756_darcy_UniPDE_train,base,100,100,3,7,0.6552363634
darcy,/home/hwz/Transolver/LINEARNO/monitor/analysis/transolver_monitor_output_20260917_074049/LINEARNO/monitor/output/darcy/20260916_193756_darcy_UniPDE_train,base,100,100,3,8,0.652481813
darcy,/home/hwz/Transolver/LINEARNO/monitor/analysis/transolver_monitor_output_20260917_074049/LINEARNO/monitor/output/darcy/20260916_193756_darcy_UniPDE_train,base,100,100,4,1,0.7130276747
darcy,/home/hwz/Transolver/LINEARNO/monitor/analysis/transolver_monitor_output_20260917_074049/LINEARNO/monitor/output/darcy/20260916_193756_darcy_UniPDE_train,base,100,100,4,2,0.5831245817
darcy,/home/hwz/Transolver/LINEARNO/monitor/analysis/transolver_monitor_output_20260917_074049/LINEARNO/monitor/output/darcy/20260916_193756_darcy_UniPDE_train,base,100,100,4,3,0.635140473
darcy,/home/hwz/Transolver/LINEARNO/monitor/analysis/transolver_monitor_output_20260917_074049/LINEARNO/monitor/output/darcy/20260916_193756_darcy_UniPDE_train,base,100,100,4,4,1
darcy,/home/hwz/Transolver/LINEARNO/monitor/analysis/transolver_monitor_output_20260917_074049/LINEARNO/monitor/output/darcy/20260916_193756_darcy_UniPDE_train,base,100,100,4,5,0.6820545113
darcy,/home/hwz/Transolver/LINEARNO/monitor/analysis/transolver_monitor_output_20260917_074049/LINEARNO/monitor/output/darcy/20260916_193756_darcy_UniPDE_train,base,100,100,4,6,0.5712026134
darcy,/home/hwz/Transolver/LINEARNO/monitor/analysis/transolver_monitor_output_20260917_074049/LINEARNO/monitor/output/darcy/20260916_193756_darcy_UniPDE_train,base,100,100,4,7,0.7983115446
darcy,/home/hwz/Transolver/LINEARNO/monitor/analysis/transolver_monitor_output_20260917_074049/LINEARNO/monitor/output/darcy/20260916_193756_darcy_UniPDE_train,base,100,100,4,8,0.8306344897
darcy,/home/hwz/Transolver/LINEARNO/monitor/analysis/transolver_monitor_output_20260917_074049/LINEARNO/monitor/output/darcy/20260916_193756_darcy_UniPDE_train,base,100,100,5,1,0.6194981216
darcy,/home/hwz/Transolver/LINEARNO/monitor/analysis/transolver_monitor_output_20260917_074049/LINEARNO/monitor/output/darcy/20260916_193756_darcy_UniPDE_train,base,100,100,5,2,0.627795008
darcy,/home/hwz/Transolver/LINEARNO/monitor/analysis/transolver_monitor_output_20260917_074049/LINEARNO/monitor/output/darcy/20260916_193756_darcy_UniPDE_train,base,100,100,5,3,0.6421920592
darcy,/home/hwz/Transolver/LINEARNO/monitor/analysis/transolver_monitor_output_20260917_074049/LINEARNO/monitor/output/darcy/20260916_193756_darcy_UniPDE_train,base,100,100,5,4,0.6820545113
darcy,/home/hwz/Transolver/LINEARNO/monitor/analysis/transolver_monitor_output_20260917_074049/LINEARNO/monitor/output/darcy/20260916_193756_darcy_UniPDE_train,base,100,100,5,5,1
darcy,/home/hwz/Transolver/LINEARNO/monitor/analysis/transolver_monitor_output_20260917_074049/LINEARNO/monitor/output/darcy/20260916_193756_darcy_UniPDE_train,base,100,100,5,6,0.6774895685
darcy,/home/hwz/Transolver/LINEARNO/monitor/analysis/transolver_monitor_output_20260917_074049/LINEARNO/monitor/output/darcy/20260916_193756_darcy_UniPDE_train,base,100,100,5,7,0.7120564058
darcy,/home/hwz/Transolver/LINEARNO/monitor/analysis/transolver_monitor_output_20260917_074049/LINEARNO/monitor/output/darcy/20260916_193756_darcy_UniPDE_train,base,100,100,5,8,0.7160543762
darcy,/home/hwz/Transolver/LINEARNO/monitor/analysis/transolver_monitor_output_20260917_074049/LINEARNO/monitor/output/darcy/20260916_193756_darcy_UniPDE_train,base,100,100,6,1,0.5771623487
darcy,/home/hwz/Transolver/LINEARNO/monitor/analysis/transolver_monitor_output_20260917_074049/LINEARNO/monitor/output/darcy/20260916_193756_darcy_UniPDE_train,base,100,100,6,2,0.6643077759
darcy,/home/hwz/Transolver/LINEARNO/monitor/analysis/transolver_monitor_output_20260917_074049/LINEARNO/monitor/output/darcy/20260916_193756_darcy_UniPDE_train,base,100,100,6,3,0.6096624695
darcy,/home/hwz/Transolver/LINEARNO/monitor/analysis/transolver_monitor_output_20260917_074049/LINEARNO/monitor/output/darcy/20260916_193756_darcy_UniPDE_train,base,100,100,6,4,0.5712026134
darcy,/home/hwz/Transolver/LINEARNO/monitor/analysis/transolver_monitor_output_20260917_074049/LINEARNO/monitor/output/darcy/20260916_193756_darcy_UniPDE_train,base,100,100,6,5,0.6774895685
darcy,/home/hwz/Transolver/LINEARNO/monitor/analysis/transolver_monitor_output_20260917_074049/LINEARNO/monitor/output/darcy/20260916_193756_darcy_UniPDE_train,base,100,100,6,6,1
darcy,/home/hwz/Transolver/LINEARNO/monitor/analysis/transolver_monitor_output_20260917_074049/LINEARNO/monitor/output/darcy/20260916_193756_darcy_UniPDE_train,base,100,100,6,7,0.6077299714
darcy,/home/hwz/Transolver/LINEARNO/monitor/analysis/transolver_monitor_output_20260917_074049/LINEARNO/monitor/output/darcy/20260916_193756_darcy_UniPDE_train,base,100,100,6,8,0.598737767
darcy,/home/hwz/Transolver/LINEARNO/monitor/analysis/transolver_monitor_output_20260917_074049/LINEARNO/monitor/output/darcy/20260916_193756_darcy_UniPDE_train,base,100,100,7,1,0.6751140589
darcy,/home/hwz/Transolver/LINEARNO/monitor/analysis/transolver_monitor_output_20260917_074049/LINEARNO/monitor/output/darcy/20260916_193756_darcy_UniPDE_train,base,100,100,7,2,0.5991352797
darcy,/home/hwz/Transolver/LINEARNO/monitor/analysis/transolver_monitor_output_20260917_074049/LINEARNO/monitor/output/darcy/20260916_193756_darcy_UniPDE_train,base,100,100,7,3,0.6552363634
darcy,/home/hwz/Transolver/LINEARNO/monitor/analysis/transolver_monitor_output_20260917_074049/LINEARNO/monitor/output/darcy/20260916_193756_darcy_UniPDE_train,base,100,100,7,4,0.7983115446
darcy,/home/hwz/Transolver/LINEARNO/monitor/analysis/transolver_monitor_output_20260917_074049/LINEARNO/monitor/output/darcy/20260916_193756_darcy_UniPDE_train,base,100,100,7,5,0.7120564058
darcy,/home/hwz/Transolver/LINEARNO/monitor/analysis/transolver_monitor_output_20260917_074049/LINEARNO/monitor/output/darcy/20260916_193756_darcy_UniPDE_train,base,100,100,7,6,0.6077299714
darcy,/home/hwz/Transolver/LINEARNO/monitor/analysis/transolver_monitor_output_20260917_074049/LINEARNO/monitor/output/darcy/20260916_193756_darcy_UniPDE_train,base,100,100,7,7,1
darcy,/home/hwz/Transolver/LINEARNO/monitor/analysis/transolver_monitor_output_20260917_074049/LINEARNO/monitor/output/darcy/20260916_193756_darcy_UniPDE_train,base,100,100,7,8,0.7662509438
darcy,/home/hwz/Transolver/LINEARNO/monitor/analysis/transolver_monitor_output_20260917_074049/LINEARNO/monitor/output/darcy/20260916_193756_darcy_UniPDE_train,base,100,100,8,1,0.664934122
darcy,/home/hwz/Transolver/LINEARNO/monitor/analysis/transolver_monitor_output_20260917_074049/LINEARNO/monitor/output/darcy/20260916_193756_darcy_UniPDE_train,base,100,100,8,2,0.5904953498
darcy,/home/hwz/Transolver/LINEARNO/monitor/analysis/transolver_monitor_output_20260917_074049/LINEARNO/monitor/output/darcy/20260916_193756_darcy_UniPDE_train,base,100,100,8,3,0.652481813
darcy,/home/hwz/Transolver/LINEARNO/monitor/analysis/transolver_monitor_output_20260917_074049/LINEARNO/monitor/output/darcy/20260916_193756_darcy_UniPDE_train,base,100,100,8,4,0.8306344897
darcy,/home/hwz/Transolver/LINEARNO/monitor/analysis/transolver_monitor_output_20260917_074049/LINEARNO/monitor/output/darcy/20260916_193756_darcy_UniPDE_train,base,100,100,8,5,0.7160543762
darcy,/home/hwz/Transolver/LINEARNO/monitor/analysis/transolver_monitor_output_20260917_074049/LINEARNO/monitor/output/darcy/20260916_193756_darcy_UniPDE_train,base,100,100,8,6,0.598737767
darcy,/home/hwz/Transolver/LINEARNO/monitor/analysis/transolver_monitor_output_20260917_074049/LINEARNO/monitor/output/darcy/20260916_193756_darcy_UniPDE_train,base,100,100,8,7,0.7662509438
darcy,/home/hwz/Transolver/LINEARNO/monitor/analysis/transolver_monitor_output_20260917_074049/LINEARNO/monitor/output/darcy/20260916_193756_darcy_UniPDE_train,base,100,100,8,8,1
darcy,/home/hwz/Transolver/LINEARNO/monitor/analysis/transolver_monitor_output_20260917_074049/LINEARNO/monitor/output/darcy/20260916_193756_darcy_UniPDE_train,base,200,200,1,1,1
darcy,/home/hwz/Transolver/LINEARNO/monitor/analysis/transolver_monitor_output_20260917_074049/LINEARNO/monitor/output/darcy/20260916_193756_darcy_UniPDE_train,base,200,200,1,2,0.6941368897
darcy,/home/hwz/Transolver/LINEARNO/monitor/analysis/transolver_monitor_output_20260917_074049/LINEARNO/monitor/output/darcy/20260916_193756_darcy_UniPDE_train,base,200,200,1,3,0.5939688701
darcy,/home/hwz/Transolver/LINEARNO/monitor/analysis/transolver_monitor_output_20260917_074049/LINEARNO/monitor/output/darcy/20260916_193756_darcy_UniPDE_train,base,200,200,1,4,0.6655576285
darcy,/home/hwz/Transolver/LINEARNO/monitor/analysis/transolver_monitor_output_20260917_074049/LINEARNO/monitor/output/darcy/20260916_193756_darcy_UniPDE_train,base,200,200,1,5,0.632180837
darcy,/home/hwz/Transolver/LINEARNO/monitor/analysis/transolver_monitor_output_20260917_074049/LINEARNO/monitor/output/darcy/20260916_193756_darcy_UniPDE_train,base,200,200,1,6,0.5874683578
darcy,/home/hwz/Transolver/LINEARNO/monitor/analysis/transolver_monitor_output_20260917_074049/LINEARNO/monitor/output/darcy/20260916_193756_darcy_UniPDE_train,base,200,200,1,7,0.6262742607
darcy,/home/hwz/Transolver/LINEARNO/monitor/analysis/transolver_monitor_output_20260917_074049/LINEARNO/monitor/output/darcy/20260916_193756_darcy_UniPDE_train,base,200,200,1,8,0.6177532393
darcy,/home/hwz/Transolver/LINEARNO/monitor/analysis/transolver_monitor_output_20260917_074049/LINEARNO/monitor/output/darcy/20260916_193756_darcy_UniPDE_train,base,200,200,2,1,0.6941368897
darcy,/home/hwz/Transolver/LINEARNO/monitor/analysis/transolver_monitor_output_20260917_074049/LINEARNO/monitor/output/darcy/20260916_193756_darcy_UniPDE_train,base,200,200,2,2,1
darcy,/home/hwz/Transolver/LINEARNO/monitor/analysis/transolver_monitor_output_20260917_074049/LINEARNO/monitor/output/darcy/20260916_193756_darcy_UniPDE_train,base,200,200,2,3,0.6444979925
darcy,/home/hwz/Transolver/LINEARNO/monitor/analysis/transolver_monitor_output_20260917_074049/LINEARNO/monitor/output/darcy/20260916_193756_darcy_UniPDE_train,base,200,200,2,4,0.6292942371
darcy,/home/hwz/Transolver/LINEARNO/monitor/analysis/transolver_monitor_output_20260917_074049/LINEARNO/monitor/output/darcy/20260916_193756_darcy_UniPDE_train,base,200,200,2,5,0.6735488009
darcy,/home/hwz/Transolver/LINEARNO/monitor/analysis/transolver_monitor_output_20260917_074049/LINEARNO/monitor/output/darcy/20260916_193756_darcy_UniPDE_train,base,200,200,2,6,0.7145471517
darcy,/home/hwz/Transolver/LINEARNO/monitor/analysis/transolver_monitor_output_20260917_074049/LINEARNO/monitor/output/darcy/20260916_193756_darcy_UniPDE_train,base,200,200,2,7,0.6100991443
darcy,/home/hwz/Transolver/LINEARNO/monitor/analysis/transolver_monitor_output_20260917_074049/LINEARNO/monitor/output/darcy/20260916_193756_darcy_UniPDE_train,base,200,200,2,8,0.6091232486
darcy,/home/hwz/Transolver/LINEARNO/monitor/analysis/transolver_monitor_output_20260917_074049/LINEARNO/monitor/output/darcy/20260916_193756_darcy_UniPDE_train,base,200,200,3,1,0.5939688701
darcy,/home/hwz/Transolver/LINEARNO/monitor/analysis/transolver_monitor_output_20260917_074049/LINEARNO/monitor/output/darcy/20260916_193756_darcy_UniPDE_train,base,200,200,3,2,0.6444979925
darcy,/home/hwz/Transolver/LINEARNO/monitor/analysis/transolver_monitor_output_20260917_074049/LINEARNO/monitor/output/darcy/20260916_193756_darcy_UniPDE_train,base,200,200,3,3,1
darcy,/home/hwz/Transolver/LINEARNO/monitor/analysis/transolver_monitor_output_20260917_074049/LINEARNO/monitor/output/darcy/20260916_193756_darcy_UniPDE_train,base,200,200,3,4,0.6445701616
darcy,/home/hwz/Transolver/LINEARNO/monitor/analysis/transolver_monitor_output_20260917_074049/LINEARNO/monitor/output/darcy/20260916_193756_darcy_UniPDE_train,base,200,200,3,5,0.6347023705
darcy,/home/hwz/Transolver/LINEARNO/monitor/analysis/transolver_monitor_output_20260917_074049/LINEARNO/monitor/output/darcy/20260916_193756_darcy_UniPDE_train,base,200,200,3,6,0.5984956538
darcy,/home/hwz/Transolver/LINEARNO/monitor/analysis/transolver_monitor_output_20260917_074049/LINEARNO/monitor/output/darcy/20260916_193756_darcy_UniPDE_train,base,200,200,3,7,0.6230080845
darcy,/home/hwz/Transolver/LINEARNO/monitor/analysis/transolver_monitor_output_20260917_074049/LINEARNO/monitor/output/darcy/20260916_193756_darcy_UniPDE_train,base,200,200,3,8,0.6212596297
darcy,/home/hwz/Transolver/LINEARNO/monitor/analysis/transolver_monitor_output_20260917_074049/LINEARNO/monitor/output/darcy/20260916_193756_darcy_UniPDE_train,base,200,200,4,1,0.6655576285
darcy,/home/hwz/Transolver/LINEARNO/monitor/analysis/transolver_monitor_output_20260917_074049/LINEARNO/monitor/output/darcy/20260916_193756_darcy_UniPDE_train,base,200,200,4,2,0.6292942371
darcy,/home/hwz/Transolver/LINEARNO/monitor/analysis/transolver_monitor_output_20260917_074049/LINEARNO/monitor/output/darcy/20260916_193756_darcy_UniPDE_train,base,200,200,4,3,0.6445701616
darcy,/home/hwz/Transolver/LINEARNO/monitor/analysis/transolver_monitor_output_20260917_074049/LINEARNO/monitor/output/darcy/20260916_193756_darcy_UniPDE_train,base,200,200,4,4,1
darcy,/home/hwz/Transolver/LINEARNO/monitor/analysis/transolver_monitor_output_20260917_074049/LINEARNO/monitor/output/darcy/20260916_193756_darcy_UniPDE_train,base,200,200,4,5,0.645476439
darcy,/home/hwz/Transolver/LINEARNO/monitor/analysis/transolver_monitor_output_20260917_074049/LINEARNO/monitor/output/darcy/20260916_193756_darcy_UniPDE_train,base,200,200,4,6,0.5382605465
darcy,/home/hwz/Transolver/LINEARNO/monitor/analysis/transolver_monitor_output_20260917_074049/LINEARNO/monitor/output/darcy/20260916_193756_darcy_UniPDE_train,base,200,200,4,7,0.7417188585
darcy,/home/hwz/Transolver/LINEARNO/monitor/analysis/transolver_monitor_output_20260917_074049/LINEARNO/monitor/output/darcy/20260916_193756_darcy_UniPDE_train,base,200,200,4,8,0.7413742039
darcy,/home/hwz/Transolver/LINEARNO/monitor/analysis/transolver_monitor_output_20260917_074049/LINEARNO/monitor/output/darcy/20260916_193756_darcy_UniPDE_train,base,200,200,5,1,0.632180837
darcy,/home/hwz/Transolver/LINEARNO/monitor/analysis/transolver_monitor_output_20260917_074049/LINEARNO/monitor/output/darcy/20260916_193756_darcy_UniPDE_train,base,200,200,5,2,0.6735488009
darcy,/home/hwz/Transolver/LINEARNO/monitor/analysis/transolver_monitor_output_20260917_074049/LINEARNO/monitor/output/darcy/20260916_193756_darcy_UniPDE_train,base,200,200,5,3,0.6347023705
darcy,/home/hwz/Transolver/LINEARNO/monitor/analysis/transolver_monitor_output_20260917_074049/LINEARNO/monitor/output/darcy/20260916_193756_darcy_UniPDE_train,base,200,200,5,4,0.645476439
darcy,/home/hwz/Transolver/LINEARNO/monitor/analysis/transolver_monitor_output_20260917_074049/LINEARNO/monitor/output/darcy/20260916_193756_darcy_UniPDE_train,base,200,200,5,5,1
darcy,/home/hwz/Transolver/LINEARNO/monitor/analysis/transolver_monitor_output_20260917_074049/LINEARNO/monitor/output/darcy/20260916_193756_darcy_UniPDE_train,base,200,200,5,6,0.6548949564
darcy,/home/hwz/Transolver/LINEARNO/monitor/analysis/transolver_monitor_output_20260917_074049/LINEARNO/monitor/output/darcy/20260916_193756_darcy_UniPDE_train,base,200,200,5,7,0.6507578809
darcy,/home/hwz/Transolver/LINEARNO/monitor/analysis/transolver_monitor_output_20260917_074049/LINEARNO/monitor/output/darcy/20260916_193756_darcy_UniPDE_train,base,200,200,5,8,0.6414391734
darcy,/home/hwz/Transolver/LINEARNO/monitor/analysis/transolver_monitor_output_20260917_074049/LINEARNO/monitor/output/darcy/20260916_193756_darcy_UniPDE_train,base,200,200,6,1,0.5874683578
darcy,/home/hwz/Transolver/LINEARNO/monitor/analysis/transolver_monitor_output_20260917_074049/LINEARNO/monitor/output/darcy/20260916_193756_darcy_UniPDE_train,base,200,200,6,2,0.7145471517
darcy,/home/hwz/Transolver/LINEARNO/monitor/analysis/transolver_monitor_output_20260917_074049/LINEARNO/monitor/output/darcy/20260916_193756_darcy_UniPDE_train,base,200,200,6,3,0.5984956538
darcy,/home/hwz/Transolver/LINEARNO/monitor/analysis/transolver_monitor_output_20260917_074049/LINEARNO/monitor/output/darcy/20260916_193756_darcy_UniPDE_train,base,200,200,6,4,0.5382605465
darcy,/home/hwz/Transolver/LINEARNO/monitor/analysis/transolver_monitor_output_20260917_074049/LINEARNO/monitor/output/darcy/20260916_193756_darcy_UniPDE_train,base,200,200,6,5,0.6548949564
darcy,/home/hwz/Transolver/LINEARNO/monitor/analysis/transolver_monitor_output_20260917_074049/LINEARNO/monitor/output/darcy/20260916_193756_darcy_UniPDE_train,base,200,200,6,6,1
darcy,/home/hwz/Transolver/LINEARNO/monitor/analysis/transolver_monitor_output_20260917_074049/LINEARNO/monitor/output/darcy/20260916_193756_darcy_UniPDE_train,base,200,200,6,7,0.554453643
darcy,/home/hwz/Transolver/LINEARNO/monitor/analysis/transolver_monitor_output_20260917_074049/LINEARNO/monitor/output/darcy/20260916_193756_darcy_UniPDE_train,base,200,200,6,8,0.5526264571
darcy,/home/hwz/Transolver/LINEARNO/monitor/analysis/transolver_monitor_output_20260917_074049/LINEARNO/monitor/output/darcy/20260916_193756_darcy_UniPDE_train,base,200,200,7,1,0.6262742607
darcy,/home/hwz/Transolver/LINEARNO/monitor/analysis/transolver_monitor_output_20260917_074049/LINEARNO/monitor/output/darcy/20260916_193756_darcy_UniPDE_train,base,200,200,7,2,0.6100991443
darcy,/home/hwz/Transolver/LINEARNO/monitor/analysis/transolver_monitor_output_20260917_074049/LINEARNO/monitor/output/darcy/20260916_193756_darcy_UniPDE_train,base,200,200,7,3,0.6230080845
darcy,/home/hwz/Transolver/LINEARNO/monitor/analysis/transolver_monitor_output_20260917_074049/LINEARNO/monitor/output/darcy/20260916_193756_darcy_UniPDE_train,base,200,200,7,4,0.7417188585
darcy,/home/hwz/Transolver/LINEARNO/monitor/analysis/transolver_monitor_output_20260917_074049/LINEARNO/monitor/output/darcy/20260916_193756_darcy_UniPDE_train,base,200,200,7,5,0.6507578809
darcy,/home/hwz/Transolver/LINEARNO/monitor/analysis/transolver_monitor_output_20260917_074049/LINEARNO/monitor/output/darcy/20260916_193756_darcy_UniPDE_train,base,200,200,7,6,0.554453643
darcy,/home/hwz/Transolver/LINEARNO/monitor/analysis/transolver_monitor_output_20260917_074049/LINEARNO/monitor/output/darcy/20260916_193756_darcy_UniPDE_train,base,200,200,7,7,1
darcy,/home/hwz/Transolver/LINEARNO/monitor/analysis/transolver_monitor_output_20260917_074049/LINEARNO/monitor/output/darcy/20260916_193756_darcy_UniPDE_train,base,200,200,7,8,0.6738122636
darcy,/home/hwz/Transolver/LINEARNO/monitor/analysis/transolver_monitor_output_20260917_074049/LINEARNO/monitor/output/darcy/20260916_193756_darcy_UniPDE_train,base,200,200,8,1,0.6177532393
darcy,/home/hwz/Transolver/LINEARNO/monitor/analysis/transolver_monitor_output_20260917_074049/LINEARNO/monitor/output/darcy/20260916_193756_darcy_UniPDE_train,base,200,200,8,2,0.6091232486
darcy,/home/hwz/Transolver/LINEARNO/monitor/analysis/transolver_monitor_output_20260917_074049/LINEARNO/monitor/output/darcy/20260916_193756_darcy_UniPDE_train,base,200,200,8,3,0.6212596297
darcy,/home/hwz/Transolver/LINEARNO/monitor/analysis/transolver_monitor_output_20260917_074049/LINEARNO/monitor/output/darcy/20260916_193756_darcy_UniPDE_train,base,200,200,8,4,0.7413742039
darcy,/home/hwz/Transolver/LINEARNO/monitor/analysis/transolver_monitor_output_20260917_074049/LINEARNO/monitor/output/darcy/20260916_193756_darcy_UniPDE_train,base,200,200,8,5,0.6414391734
darcy,/home/hwz/Transolver/LINEARNO/monitor/analysis/transolver_monitor_output_20260917_074049/LINEARNO/monitor/output/darcy/20260916_193756_darcy_UniPDE_train,base,200,200,8,6,0.5526264571
darcy,/home/hwz/Transolver/LINEARNO/monitor/analysis/transolver_monitor_output_20260917_074049/LINEARNO/monitor/output/darcy/20260916_193756_darcy_UniPDE_train,base,200,200,8,7,0.6738122636
darcy,/home/hwz/Transolver/LINEARNO/monitor/analysis/transolver_monitor_output_20260917_074049/LINEARNO/monitor/output/darcy/20260916_193756_darcy_UniPDE_train,base,200,200,8,8,1
darcy,/home/hwz/Transolver/LINEARNO/monitor/analysis/transolver_monitor_output_20260917_074049/LINEARNO/monitor/output/darcy/20260916_193756_darcy_UniPDE_train,base,300,300,1,1,1
darcy,/home/hwz/Transolver/LINEARNO/monitor/analysis/transolver_monitor_output_20260917_074049/LINEARNO/monitor/output/darcy/20260916_193756_darcy_UniPDE_train,base,300,300,1,2,0.6854539849
darcy,/home/hwz/Transolver/LINEARNO/monitor/analysis/transolver_monitor_output_20260917_074049/LINEARNO/monitor/output/darcy/20260916_193756_darcy_UniPDE_train,base,300,300,1,3,0.5999689875
darcy,/home/hwz/Transolver/LINEARNO/monitor/analysis/transolver_monitor_output_20260917_074049/LINEARNO/monitor/output/darcy/20260916_193756_darcy_UniPDE_train,base,300,300,1,4,0.6400081217
darcy,/home/hwz/Transolver/LINEARNO/monitor/analysis/transolver_monitor_output_20260917_074049/LINEARNO/monitor/output/darcy/20260916_193756_darcy_UniPDE_train,base,300,300,1,5,0.6249334523
darcy,/home/hwz/Transolver/LINEARNO/monitor/analysis/transolver_monitor_output_20260917_074049/LINEARNO/monitor/output/darcy/20260916_193756_darcy_UniPDE_train,base,300,300,1,6,0.5817887569
darcy,/home/hwz/Transolver/LINEARNO/monitor/analysis/transolver_monitor_output_20260917_074049/LINEARNO/monitor/output/darcy/20260916_193756_darcy_UniPDE_train,base,300,300,1,7,0.6025962522
darcy,/home/hwz/Transolver/LINEARNO/monitor/analysis/transolver_monitor_output_20260917_074049/LINEARNO/monitor/output/darcy/20260916_193756_darcy_UniPDE_train,base,300,300,1,8,0.5917494763
darcy,/home/hwz/Transolver/LINEARNO/monitor/analysis/transolver_monitor_output_20260917_074049/LINEARNO/monitor/output/darcy/20260916_193756_darcy_UniPDE_train,base,300,300,2,1,0.6854539849
darcy,/home/hwz/Transolver/LINEARNO/monitor/analysis/transolver_monitor_output_20260917_074049/LINEARNO/monitor/output/darcy/20260916_193756_darcy_UniPDE_train,base,300,300,2,2,1
darcy,/home/hwz/Transolver/LINEARNO/monitor/analysis/transolver_monitor_output_20260917_074049/LINEARNO/monitor/output/darcy/20260916_193756_darcy_UniPDE_train,base,300,300,2,3,0.6656440683
darcy,/home/hwz/Transolver/LINEARNO/monitor/analysis/transolver_monitor_output_20260917_074049/LINEARNO/monitor/output/darcy/20260916_193756_darcy_UniPDE_train,base,300,300,2,4,0.6388008632
darcy,/home/hwz/Transolver/LINEARNO/monitor/analysis/transolver_monitor_output_20260917_074049/LINEARNO/monitor/output/darcy/20260916_193756_darcy_UniPDE_train,base,300,300,2,5,0.6740624886
darcy,/home/hwz/Transolver/LINEARNO/monitor/analysis/transolver_monitor_output_20260917_074049/LINEARNO/monitor/output/darcy/20260916_193756_darcy_UniPDE_train,base,300,300,2,6,0.7150220843
darcy,/home/hwz/Transolver/LINEARNO/monitor/analysis/transolver_monitor_output_20260917_074049/LINEARNO/monitor/output/darcy/20260916_193756_darcy_UniPDE_train,base,300,300,2,7,0.6171859289
darcy,/home/hwz/Transolver/LINEARNO/monitor/analysis/transolver_monitor_output_20260917_074049/LINEARNO/monitor/output/darcy/20260916_193756_darcy_UniPDE_train,base,300,300,2,8,0.6145404205
darcy,/home/hwz/Transolver/LINEARNO/monitor/analysis/transolver_monitor_output_20260917_074049/LINEARNO/monitor/output/darcy/20260916_193756_darcy_UniPDE_train,base,300,300,3,1,0.5999689875
darcy,/home/hwz/Transolver/LINEARNO/monitor/analysis/transolver_monitor_output_20260917_074049/LINEARNO/monitor/output/darcy/20260916_193756_darcy_UniPDE_train,base,300,300,3,2,0.6656440683
darcy,/home/hwz/Transolver/LINEARNO/monitor/analysis/transolver_monitor_output_20260917_074049/LINEARNO/monitor/output/darcy/20260916_193756_darcy_UniPDE_train,base,300,300,3,3,1
darcy,/home/hwz/Transolver/LINEARNO/monitor/analysis/transolver_monitor_output_20260917_074049/LINEARNO/monitor/output/darcy/20260916_193756_darcy_UniPDE_train,base,300,300,3,4,0.6382580055
darcy,/home/hwz/Transolver/LINEARNO/monitor/analysis/transolver_monitor_output_20260917_074049/LINEARNO/monitor/output/darcy/20260916_193756_darcy_UniPDE_train,base,300,300,3,5,0.629394562
darcy,/home/hwz/Transolver/LINEARNO/monitor/analysis/transolver_monitor_output_20260917_074049/LINEARNO/monitor/output/darcy/20260916_193756_darcy_UniPDE_train,base,300,300,3,6,0.6043957053
darcy,/home/hwz/Transolver/LINEARNO/monitor/analysis/transolver_monitor_output_20260917_074049/LINEARNO/monitor/output/darcy/20260916_193756_darcy_UniPDE_train,base,300,300,3,7,0.623043837
darcy,/home/hwz/Transolver/LINEARNO/monitor/analysis/transolver_monitor_output_20260917_074049/LINEARNO/monitor/output/darcy/20260916_193756_darcy_UniPDE_train,base,300,300,3,8,0.6008787081
darcy,/home/hwz/Transolver/LINEARNO/monitor/analysis/transolver_monitor_output_20260917_074049/LINEARNO/monitor/output/darcy/20260916_193756_darcy_UniPDE_train,base,300,300,4,1,0.6400081217
darcy,/home/hwz/Transolver/LINEARNO/monitor/analysis/transolver_monitor_output_20260917_074049/LINEARNO/monitor/output/darcy/20260916_193756_darcy_UniPDE_train,base,300,300,4,2,0.6388008632
darcy,/home/hwz/Transolver/LINEARNO/monitor/analysis/transolver_monitor_output_20260917_074049/LINEARNO/monitor/output/darcy/20260916_193756_darcy_UniPDE_train,base,300,300,4,3,0.6382580055
darcy,/home/hwz/Transolver/LINEARNO/monitor/analysis/transolver_monitor_output_20260917_074049/LINEARNO/monitor/output/darcy/20260916_193756_darcy_UniPDE_train,base,300,300,4,4,1
darcy,/home/hwz/Transolver/LINEARNO/monitor/analysis/transolver_monitor_output_20260917_074049/LINEARNO/monitor/output/darcy/20260916_193756_darcy_UniPDE_train,base,300,300,4,5,0.6310516708
darcy,/home/hwz/Transolver/LINEARNO/monitor/analysis/transolver_monitor_output_20260917_074049/LINEARNO/monitor/output/darcy/20260916_193756_darcy_UniPDE_train,base,300,300,4,6,0.5297544347
darcy,/home/hwz/Transolver/LINEARNO/monitor/analysis/transolver_monitor_output_20260917_074049/LINEARNO/monitor/output/darcy/20260916_193756_darcy_UniPDE_train,base,300,300,4,7,0.7397508491
darcy,/home/hwz/Transolver/LINEARNO/monitor/analysis/transolver_monitor_output_20260917_074049/LINEARNO/monitor/output/darcy/20260916_193756_darcy_UniPDE_train,base,300,300,4,8,0.7179313712
darcy,/home/hwz/Transolver/LINEARNO/monitor/analysis/transolver_monitor_output_20260917_074049/LINEARNO/monitor/output/darcy/20260916_193756_darcy_UniPDE_train,base,300,300,5,1,0.6249334523
darcy,/home/hwz/Transolver/LINEARNO/monitor/analysis/transolver_monitor_output_20260917_074049/LINEARNO/monitor/output/darcy/20260916_193756_darcy_UniPDE_train,base,300,300,5,2,0.6740624886
darcy,/home/hwz/Transolver/LINEARNO/monitor/analysis/transolver_monitor_output_20260917_074049/LINEARNO/monitor/output/darcy/20260916_193756_darcy_UniPDE_train,base,300,300,5,3,0.629394562
darcy,/home/hwz/Transolver/LINEARNO/monitor/analysis/transolver_monitor_output_20260917_074049/LINEARNO/monitor/output/darcy/20260916_193756_darcy_UniPDE_train,base,300,300,5,4,0.6310516708
darcy,/home/hwz/Transolver/LINEARNO/monitor/analysis/transolver_monitor_output_20260917_074049/LINEARNO/monitor/output/darcy/20260916_193756_darcy_UniPDE_train,base,300,300,5,5,1
darcy,/home/hwz/Transolver/LINEARNO/monitor/analysis/transolver_monitor_output_20260917_074049/LINEARNO/monitor/output/darcy/20260916_193756_darcy_UniPDE_train,base,300,300,5,6,0.6548030665
darcy,/home/hwz/Transolver/LINEARNO/monitor/analysis/transolver_monitor_output_20260917_074049/LINEARNO/monitor/output/darcy/20260916_193756_darcy_UniPDE_train,base,300,300,5,7,0.6370619992
darcy,/home/hwz/Transolver/LINEARNO/monitor/analysis/transolver_monitor_output_20260917_074049/LINEARNO/monitor/output/darcy/20260916_193756_darcy_UniPDE_train,base,300,300,5,8,0.6244567512
darcy,/home/hwz/Transolver/LINEARNO/monitor/analysis/transolver_monitor_output_20260917_074049/LINEARNO/monitor/output/darcy/20260916_193756_darcy_UniPDE_train,base,300,300,6,1,0.5817887569
darcy,/home/hwz/Transolver/LINEARNO/monitor/analysis/transolver_monitor_output_20260917_074049/LINEARNO/monitor/output/darcy/20260916_193756_darcy_UniPDE_train,base,300,300,6,2,0.7150220843
darcy,/home/hwz/Transolver/LINEARNO/monitor/analysis/transolver_monitor_output_20260917_074049/LINEARNO/monitor/output/darcy/20260916_193756_darcy_UniPDE_train,base,300,300,6,3,0.6043957053
darcy,/home/hwz/Transolver/LINEARNO/monitor/analysis/transolver_monitor_output_20260917_074049/LINEARNO/monitor/output/darcy/20260916_193756_darcy_UniPDE_train,base,300,300,6,4,0.5297544347
darcy,/home/hwz/Transolver/LINEARNO/monitor/analysis/transolver_monitor_output_20260917_074049/LINEARNO/monitor/output/darcy/20260916_193756_darcy_UniPDE_train,base,300,300,6,5,0.6548030665
darcy,/home/hwz/Transolver/LINEARNO/monitor/analysis/transolver_monitor_output_20260917_074049/LINEARNO/monitor/output/darcy/20260916_193756_darcy_UniPDE_train,base,300,300,6,6,1
darcy,/home/hwz/Transolver/LINEARNO/monitor/analysis/transolver_monitor_output_20260917_074049/LINEARNO/monitor/output/darcy/20260916_193756_darcy_UniPDE_train,base,300,300,6,7,0.5472789137
darcy,/home/hwz/Transolver/LINEARNO/monitor/analysis/transolver_monitor_output_20260917_074049/LINEARNO/monitor/output/darcy/20260916_193756_darcy_UniPDE_train,base,300,300,6,8,0.5469157537
darcy,/home/hwz/Transolver/LINEARNO/monitor/analysis/transolver_monitor_output_20260917_074049/LINEARNO/monitor/output/darcy/20260916_193756_darcy_UniPDE_train,base,300,300,7,1,0.6025962522
darcy,/home/hwz/Transolver/LINEARNO/monitor/analysis/transolver_monitor_output_20260917_074049/LINEARNO/monitor/output/darcy/20260916_193756_darcy_UniPDE_train,base,300,300,7,2,0.6171859289
darcy,/home/hwz/Transolver/LINEARNO/monitor/analysis/transolver_monitor_output_20260917_074049/LINEARNO/monitor/output/darcy/20260916_193756_darcy_UniPDE_train,base,300,300,7,3,0.623043837
darcy,/home/hwz/Transolver/LINEARNO/monitor/analysis/transolver_monitor_output_20260917_074049/LINEARNO/monitor/output/darcy/20260916_193756_darcy_UniPDE_train,base,300,300,7,4,0.7397508491
darcy,/home/hwz/Transolver/LINEARNO/monitor/analysis/transolver_monitor_output_20260917_074049/LINEARNO/monitor/output/darcy/20260916_193756_darcy_UniPDE_train,base,300,300,7,5,0.6370619992
darcy,/home/hwz/Transolver/LINEARNO/monitor/analysis/transolver_monitor_output_20260917_074049/LINEARNO/monitor/output/darcy/20260916_193756_darcy_UniPDE_train,base,300,300,7,6,0.5472789137
darcy,/home/hwz/Transolver/LINEARNO/monitor/analysis/transolver_monitor_output_20260917_074049/LINEARNO/monitor/output/darcy/20260916_193756_darcy_UniPDE_train,base,300,300,7,7,1
darcy,/home/hwz/Transolver/LINEARNO/monitor/analysis/transolver_monitor_output_20260917_074049/LINEARNO/monitor/output/darcy/20260916_193756_darcy_UniPDE_train,base,300,300,7,8,0.6592684025
darcy,/home/hwz/Transolver/LINEARNO/monitor/analysis/transolver_monitor_output_20260917_074049/LINEARNO/monitor/output/darcy/20260916_193756_darcy_UniPDE_train,base,300,300,8,1,0.5917494763
darcy,/home/hwz/Transolver/LINEARNO/monitor/analysis/transolver_monitor_output_20260917_074049/LINEARNO/monitor/output/darcy/20260916_193756_darcy_UniPDE_train,base,300,300,8,2,0.6145404205
darcy,/home/hwz/Transolver/LINEARNO/monitor/analysis/transolver_monitor_output_20260917_074049/LINEARNO/monitor/output/darcy/20260916_193756_darcy_UniPDE_train,base,300,300,8,3,0.6008787081
darcy,/home/hwz/Transolver/LINEARNO/monitor/analysis/transolver_monitor_output_20260917_074049/LINEARNO/monitor/output/darcy/20260916_193756_darcy_UniPDE_train,base,300,300,8,4,0.7179313712
darcy,/home/hwz/Transolver/LINEARNO/monitor/analysis/transolver_monitor_output_20260917_074049/LINEARNO/monitor/output/darcy/20260916_193756_darcy_UniPDE_train,base,300,300,8,5,0.6244567512
darcy,/home/hwz/Transolver/LINEARNO/monitor/analysis/transolver_monitor_output_20260917_074049/LINEARNO/monitor/output/darcy/20260916_193756_darcy_UniPDE_train,base,300,300,8,6,0.5469157537
darcy,/home/hwz/Transolver/LINEARNO/monitor/analysis/transolver_monitor_output_20260917_074049/LINEARNO/monitor/output/darcy/20260916_193756_darcy_UniPDE_train,base,300,300,8,7,0.6592684025
darcy,/home/hwz/Transolver/LINEARNO/monitor/analysis/transolver_monitor_output_20260917_074049/LINEARNO/monitor/output/darcy/20260916_193756_darcy_UniPDE_train,base,300,300,8,8,1
darcy,/home/hwz/Transolver/LINEARNO/monitor/analysis/transolver_monitor_output_20260917_074049/LINEARNO/monitor/output/darcy/20260916_193756_darcy_UniPDE_train,base,400,400,1,1,1
darcy,/home/hwz/Transolver/LINEARNO/monitor/analysis/transolver_monitor_output_20260917_074049/LINEARNO/monitor/output/darcy/20260916_193756_darcy_UniPDE_train,base,400,400,1,2,0.6818660237
darcy,/home/hwz/Transolver/LINEARNO/monitor/analysis/transolver_monitor_output_20260917_074049/LINEARNO/monitor/output/darcy/20260916_193756_darcy_UniPDE_train,base,400,400,1,3,0.5907479245
darcy,/home/hwz/Transolver/LINEARNO/monitor/analysis/transolver_monitor_output_20260917_074049/LINEARNO/monitor/output/darcy/20260916_193756_darcy_UniPDE_train,base,400,400,1,4,0.6292095538
darcy,/home/hwz/Transolver/LINEARNO/monitor/analysis/transolver_monitor_output_20260917_074049/LINEARNO/monitor/output/darcy/20260916_193756_darcy_UniPDE_train,base,400,400,1,5,0.6136027947
darcy,/home/hwz/Transolver/LINEARNO/monitor/analysis/transolver_monitor_output_20260917_074049/LINEARNO/monitor/output/darcy/20260916_193756_darcy_UniPDE_train,base,400,400,1,6,0.5827087099
darcy,/home/hwz/Transolver/LINEARNO/monitor/analysis/transolver_monitor_output_20260917_074049/LINEARNO/monitor/output/darcy/20260916_193756_darcy_UniPDE_train,base,400,400,1,7,0.5948525732
darcy,/home/hwz/Transolver/LINEARNO/monitor/analysis/transolver_monitor_output_20260917_074049/LINEARNO/monitor/output/darcy/20260916_193756_darcy_UniPDE_train,base,400,400,1,8,0.5879552225
darcy,/home/hwz/Transolver/LINEARNO/monitor/analysis/transolver_monitor_output_20260917_074049/LINEARNO/monitor/output/darcy/20260916_193756_darcy_UniPDE_train,base,400,400,2,1,0.6818660237
darcy,/home/hwz/Transolver/LINEARNO/monitor/analysis/transolver_monitor_output_20260917_074049/LINEARNO/monitor/output/darcy/20260916_193756_darcy_UniPDE_train,base,400,400,2,2,1
darcy,/home/hwz/Transolver/LINEARNO/monitor/analysis/transolver_monitor_output_20260917_074049/LINEARNO/monitor/output/darcy/20260916_193756_darcy_UniPDE_train,base,400,400,2,3,0.6598454583
darcy,/home/hwz/Transolver/LINEARNO/monitor/analysis/transolver_monitor_output_20260917_074049/LINEARNO/monitor/output/darcy/20260916_193756_darcy_UniPDE_train,base,400,400,2,4,0.6351670027
darcy,/home/hwz/Transolver/LINEARNO/monitor/analysis/transolver_monitor_output_20260917_074049/LINEARNO/monitor/output/darcy/20260916_193756_darcy_UniPDE_train,base,400,400,2,5,0.6697128154
darcy,/home/hwz/Transolver/LINEARNO/monitor/analysis/transolver_monitor_output_20260917_074049/LINEARNO/monitor/output/darcy/20260916_193756_darcy_UniPDE_train,base,400,400,2,6,0.7150949528
darcy,/home/hwz/Transolver/LINEARNO/monitor/analysis/transolver_monitor_output_20260917_074049/LINEARNO/monitor/output/darcy/20260916_193756_darcy_UniPDE_train,base,400,400,2,7,0.6188048031
darcy,/home/hwz/Transolver/LINEARNO/monitor/analysis/transolver_monitor_output_20260917_074049/LINEARNO/monitor/output/darcy/20260916_193756_darcy_UniPDE_train,base,400,400,2,8,0.6078167269
darcy,/home/hwz/Transolver/LINEARNO/monitor/analysis/transolver_monitor_output_20260917_074049/LINEARNO/monitor/output/darcy/20260916_193756_darcy_UniPDE_train,base,400,400,3,1,0.5907479245
darcy,/home/hwz/Transolver/LINEARNO/monitor/analysis/transolver_monitor_output_20260917_074049/LINEARNO/monitor/output/darcy/20260916_193756_darcy_UniPDE_train,base,400,400,3,2,0.6598454583
darcy,/home/hwz/Transolver/LINEARNO/monitor/analysis/transolver_monitor_output_20260917_074049/LINEARNO/monitor/output/darcy/20260916_193756_darcy_UniPDE_train,base,400,400,3,3,1
darcy,/home/hwz/Transolver/LINEARNO/monitor/analysis/transolver_monitor_output_20260917_074049/LINEARNO/monitor/output/darcy/20260916_193756_darcy_UniPDE_train,base,400,400,3,4,0.6304184757
darcy,/home/hwz/Transolver/LINEARNO/monitor/analysis/transolver_monitor_output_20260917_074049/LINEARNO/monitor/output/darcy/20260916_193756_darcy_UniPDE_train,base,400,400,3,5,0.617353118
darcy,/home/hwz/Transolver/LINEARNO/monitor/analysis/transolver_monitor_output_20260917_074049/LINEARNO/monitor/output/darcy/20260916_193756_darcy_UniPDE_train,base,400,400,3,6,0.6031852523
darcy,/home/hwz/Transolver/LINEARNO/monitor/analysis/transolver_monitor_output_20260917_074049/LINEARNO/monitor/output/darcy/20260916_193756_darcy_UniPDE_train,base,400,400,3,7,0.611235165
darcy,/home/hwz/Transolver/LINEARNO/monitor/analysis/transolver_monitor_output_20260917_074049/LINEARNO/monitor/output/darcy/20260916_193756_darcy_UniPDE_train,base,400,400,3,8,0.5986504452
darcy,/home/hwz/Transolver/LINEARNO/monitor/analysis/transolver_monitor_output_20260917_074049/LINEARNO/monitor/output/darcy/20260916_193756_darcy_UniPDE_train,base,400,400,4,1,0.6292095538
darcy,/home/hwz/Transolver/LINEARNO/monitor/analysis/transolver_monitor_output_20260917_074049/LINEARNO/monitor/output/darcy/20260916_193756_darcy_UniPDE_train,base,400,400,4,2,0.6351670027
darcy,/home/hwz/Transolver/LINEARNO/monitor/analysis/transolver_monitor_output_20260917_074049/LINEARNO/monitor/output/darcy/20260916_193756_darcy_UniPDE_train,base,400,400,4,3,0.6304184757
darcy,/home/hwz/Transolver/LINEARNO/monitor/analysis/transolver_monitor_output_20260917_074049/LINEARNO/monitor/output/darcy/20260916_193756_darcy_UniPDE_train,base,400,400,4,4,1
darcy,/home/hwz/Transolver/LINEARNO/monitor/analysis/transolver_monitor_output_20260917_074049/LINEARNO/monitor/output/darcy/20260916_193756_darcy_UniPDE_train,base,400,400,4,5,0.6235947981
darcy,/home/hwz/Transolver/LINEARNO/monitor/analysis/transolver_monitor_output_20260917_074049/LINEARNO/monitor/output/darcy/20260916_193756_darcy_UniPDE_train,base,400,400,4,6,0.5266801789
darcy,/home/hwz/Transolver/LINEARNO/monitor/analysis/transolver_monitor_output_20260917_074049/LINEARNO/monitor/output/darcy/20260916_193756_darcy_UniPDE_train,base,400,400,4,7,0.7345912717
darcy,/home/hwz/Transolver/LINEARNO/monitor/analysis/transolver_monitor_output_20260917_074049/LINEARNO/monitor/output/darcy/20260916_193756_darcy_UniPDE_train,base,400,400,4,8,0.7218172774
darcy,/home/hwz/Transolver/LINEARNO/monitor/analysis/transolver_monitor_output_20260917_074049/LINEARNO/monitor/output/darcy/20260916_193756_darcy_UniPDE_train,base,400,400,5,1,0.6136027947
darcy,/home/hwz/Transolver/LINEARNO/monitor/analysis/transolver_monitor_output_20260917_074049/LINEARNO/monitor/output/darcy/20260916_193756_darcy_UniPDE_train,base,400,400,5,2,0.6697128154
darcy,/home/hwz/Transolver/LINEARNO/monitor/analysis/transolver_monitor_output_20260917_074049/LINEARNO/monitor/output/darcy/20260916_193756_darcy_UniPDE_train,base,400,400,5,3,0.617353118
darcy,/home/hwz/Transolver/LINEARNO/monitor/analysis/transolver_monitor_output_20260917_074049/LINEARNO/monitor/output/darcy/20260916_193756_darcy_UniPDE_train,base,400,400,5,4,0.6235947981
darcy,/home/hwz/Transolver/LINEARNO/monitor/analysis/transolver_monitor_output_20260917_074049/LINEARNO/monitor/output/darcy/20260916_193756_darcy_UniPDE_train,base,400,400,5,5,1
darcy,/home/hwz/Transolver/LINEARNO/monitor/analysis/transolver_monitor_output_20260917_074049/LINEARNO/monitor/output/darcy/20260916_193756_darcy_UniPDE_train,base,400,400,5,6,0.6500031846
darcy,/home/hwz/Transolver/LINEARNO/monitor/analysis/transolver_monitor_output_20260917_074049/LINEARNO/monitor/output/darcy/20260916_193756_darcy_UniPDE_train,base,400,400,5,7,0.6324826861
darcy,/home/hwz/Transolver/LINEARNO/monitor/analysis/transolver_monitor_output_20260917_074049/LINEARNO/monitor/output/darcy/20260916_193756_darcy_UniPDE_train,base,400,400,5,8,0.6186042074
darcy,/home/hwz/Transolver/LINEARNO/monitor/analysis/transolver_monitor_output_20260917_074049/LINEARNO/monitor/output/darcy/20260916_193756_darcy_UniPDE_train,base,400,400,6,1,0.5827087099
darcy,/home/hwz/Transolver/LINEARNO/monitor/analysis/transolver_monitor_output_20260917_074049/LINEARNO/monitor/output/darcy/20260916_193756_darcy_UniPDE_train,base,400,400,6,2,0.7150949528
darcy,/home/hwz/Transolver/LINEARNO/monitor/analysis/transolver_monitor_output_20260917_074049/LINEARNO/monitor/output/darcy/20260916_193756_darcy_UniPDE_train,base,400,400,6,3,0.6031852523
darcy,/home/hwz/Transolver/LINEARNO/monitor/analysis/transolver_monitor_output_20260917_074049/LINEARNO/monitor/output/darcy/20260916_193756_darcy_UniPDE_train,base,400,400,6,4,0.5266801789
darcy,/home/hwz/Transolver/LINEARNO/monitor/analysis/transolver_monitor_output_20260917_074049/LINEARNO/monitor/output/darcy/20260916_193756_darcy_UniPDE_train,base,400,400,6,5,0.6500031846
darcy,/home/hwz/Transolver/LINEARNO/monitor/analysis/transolver_monitor_output_20260917_074049/LINEARNO/monitor/output/darcy/20260916_193756_darcy_UniPDE_train,base,400,400,6,6,1
darcy,/home/hwz/Transolver/LINEARNO/monitor/analysis/transolver_monitor_output_20260917_074049/LINEARNO/monitor/output/darcy/20260916_193756_darcy_UniPDE_train,base,400,400,6,7,0.549290223
darcy,/home/hwz/Transolver/LINEARNO/monitor/analysis/transolver_monitor_output_20260917_074049/LINEARNO/monitor/output/darcy/20260916_193756_darcy_UniPDE_train,base,400,400,6,8,0.5418548472
darcy,/home/hwz/Transolver/LINEARNO/monitor/analysis/transolver_monitor_output_20260917_074049/LINEARNO/monitor/output/darcy/20260916_193756_darcy_UniPDE_train,base,400,400,7,1,0.5948525732
darcy,/home/hwz/Transolver/LINEARNO/monitor/analysis/transolver_monitor_output_20260917_074049/LINEARNO/monitor/output/darcy/20260916_193756_darcy_UniPDE_train,base,400,400,7,2,0.6188048031
darcy,/home/hwz/Transolver/LINEARNO/monitor/analysis/transolver_monitor_output_20260917_074049/LINEARNO/monitor/output/darcy/20260916_193756_darcy_UniPDE_train,base,400,400,7,3,0.611235165
darcy,/home/hwz/Transolver/LINEARNO/monitor/analysis/transolver_monitor_output_20260917_074049/LINEARNO/monitor/output/darcy/20260916_193756_darcy_UniPDE_train,base,400,400,7,4,0.7345912717
darcy,/home/hwz/Transolver/LINEARNO/monitor/analysis/transolver_monitor_output_20260917_074049/LINEARNO/monitor/output/darcy/20260916_193756_darcy_UniPDE_train,base,400,400,7,5,0.6324826861
darcy,/home/hwz/Transolver/LINEARNO/monitor/analysis/transolver_monitor_output_20260917_074049/LINEARNO/monitor/output/darcy/20260916_193756_darcy_UniPDE_train,base,400,400,7,6,0.549290223
darcy,/home/hwz/Transolver/LINEARNO/monitor/analysis/transolver_monitor_output_20260917_074049/LINEARNO/monitor/output/darcy/20260916_193756_darcy_UniPDE_train,base,400,400,7,7,1
darcy,/home/hwz/Transolver/LINEARNO/monitor/analysis/transolver_monitor_output_20260917_074049/LINEARNO/monitor/output/darcy/20260916_193756_darcy_UniPDE_train,base,400,400,7,8,0.6594604012
darcy,/home/hwz/Transolver/LINEARNO/monitor/analysis/transolver_monitor_output_20260917_074049/LINEARNO/monitor/output/darcy/20260916_193756_darcy_UniPDE_train,base,400,400,8,1,0.5879552225
darcy,/home/hwz/Transolver/LINEARNO/monitor/analysis/transolver_monitor_output_20260917_074049/LINEARNO/monitor/output/darcy/20260916_193756_darcy_UniPDE_train,base,400,400,8,2,0.6078167269
darcy,/home/hwz/Transolver/LINEARNO/monitor/analysis/transolver_monitor_output_20260917_074049/LINEARNO/monitor/output/darcy/20260916_193756_darcy_UniPDE_train,base,400,400,8,3,0.5986504452
darcy,/home/hwz/Transolver/LINEARNO/monitor/analysis/transolver_monitor_output_20260917_074049/LINEARNO/monitor/output/darcy/20260916_193756_darcy_UniPDE_train,base,400,400,8,4,0.7218172774
darcy,/home/hwz/Transolver/LINEARNO/monitor/analysis/transolver_monitor_output_20260917_074049/LINEARNO/monitor/output/darcy/20260916_193756_darcy_UniPDE_train,base,400,400,8,5,0.6186042074
darcy,/home/hwz/Transolver/LINEARNO/monitor/analysis/transolver_monitor_output_20260917_074049/LINEARNO/monitor/output/darcy/20260916_193756_darcy_UniPDE_train,base,400,400,8,6,0.5418548472
darcy,/home/hwz/Transolver/LINEARNO/monitor/analysis/transolver_monitor_output_20260917_074049/LINEARNO/monitor/output/darcy/20260916_193756_darcy_UniPDE_train,base,400,400,8,7,0.6594604012
darcy,/home/hwz/Transolver/LINEARNO/monitor/analysis/transolver_monitor_output_20260917_074049/LINEARNO/monitor/output/darcy/20260916_193756_darcy_UniPDE_train,base,400,400,8,8,1
darcy,/home/hwz/Transolver/LINEARNO/monitor/analysis/transolver_monitor_output_20260917_074049/LINEARNO/monitor/output/darcy/20260916_193756_darcy_UniPDE_train,base,500,500,1,1,1
darcy,/home/hwz/Transolver/LINEARNO/monitor/analysis/transolver_monitor_output_20260917_074049/LINEARNO/monitor/output/darcy/20260916_193756_darcy_UniPDE_train,base,500,500,1,2,0.6743963063
darcy,/home/hwz/Transolver/LINEARNO/monitor/analysis/transolver_monitor_output_20260917_074049/LINEARNO/monitor/output/darcy/20260916_193756_darcy_UniPDE_train,base,500,500,1,3,0.5799479568
darcy,/home/hwz/Transolver/LINEARNO/monitor/analysis/transolver_monitor_output_20260917_074049/LINEARNO/monitor/output/darcy/20260916_193756_darcy_UniPDE_train,base,500,500,1,4,0.6252796268
darcy,/home/hwz/Transolver/LINEARNO/monitor/analysis/transolver_monitor_output_20260917_074049/LINEARNO/monitor/output/darcy/20260916_193756_darcy_UniPDE_train,base,500,500,1,5,0.6064189523
darcy,/home/hwz/Transolver/LINEARNO/monitor/analysis/transolver_monitor_output_20260917_074049/LINEARNO/monitor/output/darcy/20260916_193756_darcy_UniPDE_train,base,500,500,1,6,0.5758711193
darcy,/home/hwz/Transolver/LINEARNO/monitor/analysis/transolver_monitor_output_20260917_074049/LINEARNO/monitor/output/darcy/20260916_193756_darcy_UniPDE_train,base,500,500,1,7,0.5952918073
darcy,/home/hwz/Transolver/LINEARNO/monitor/analysis/transolver_monitor_output_20260917_074049/LINEARNO/monitor/output/darcy/20260916_193756_darcy_UniPDE_train,base,500,500,1,8,0.5806721812
darcy,/home/hwz/Transolver/LINEARNO/monitor/analysis/transolver_monitor_output_20260917_074049/LINEARNO/monitor/output/darcy/20260916_193756_darcy_UniPDE_train,base,500,500,2,1,0.6743963063
darcy,/home/hwz/Transolver/LINEARNO/monitor/analysis/transolver_monitor_output_20260917_074049/LINEARNO/monitor/output/darcy/20260916_193756_darcy_UniPDE_train,base,500,500,2,2,1
darcy,/home/hwz/Transolver/LINEARNO/monitor/analysis/transolver_monitor_output_20260917_074049/LINEARNO/monitor/output/darcy/20260916_193756_darcy_UniPDE_train,base,500,500,2,3,0.6533409348
darcy,/home/hwz/Transolver/LINEARNO/monitor/analysis/transolver_monitor_output_20260917_074049/LINEARNO/monitor/output/darcy/20260916_193756_darcy_UniPDE_train,base,500,500,2,4,0.6351591507
darcy,/home/hwz/Transolver/LINEARNO/monitor/analysis/transolver_monitor_output_20260917_074049/LINEARNO/monitor/output/darcy/20260916_193756_darcy_UniPDE_train,base,500,500,2,5,0.6671358021
darcy,/home/hwz/Transolver/LINEARNO/monitor/analysis/transolver_monitor_output_20260917_074049/LINEARNO/monitor/output/darcy/20260916_193756_darcy_UniPDE_train,base,500,500,2,6,0.7110147756
darcy,/home/hwz/Transolver/LINEARNO/monitor/analysis/transolver_monitor_output_20260917_074049/LINEARNO/monitor/output/darcy/20260916_193756_darcy_UniPDE_train,base,500,500,2,7,0.6230503833
darcy,/home/hwz/Transolver/LINEARNO/monitor/analysis/transolver_monitor_output_20260917_074049/LINEARNO/monitor/output/darcy/20260916_193756_darcy_UniPDE_train,base,500,500,2,8,0.6037078444
darcy,/home/hwz/Transolver/LINEARNO/monitor/analysis/transolver_monitor_output_20260917_074049/LINEARNO/monitor/output/darcy/20260916_193756_darcy_UniPDE_train,base,500,500,3,1,0.5799479568
darcy,/home/hwz/Transolver/LINEARNO/monitor/analysis/transolver_monitor_output_20260917_074049/LINEARNO/monitor/output/darcy/20260916_193756_darcy_UniPDE_train,base,500,500,3,2,0.6533409348
darcy,/home/hwz/Transolver/LINEARNO/monitor/analysis/transolver_monitor_output_20260917_074049/LINEARNO/monitor/output/darcy/20260916_193756_darcy_UniPDE_train,base,500,500,3,3,1
darcy,/home/hwz/Transolver/LINEARNO/monitor/analysis/transolver_monitor_output_20260917_074049/LINEARNO/monitor/output/darcy/20260916_193756_darcy_UniPDE_train,base,500,500,3,4,0.6294126445
darcy,/home/hwz/Transolver/LINEARNO/monitor/analysis/transolver_monitor_output_20260917_074049/LINEARNO/monitor/output/darcy/20260916_193756_darcy_UniPDE_train,base,500,500,3,5,0.6138387946
darcy,/home/hwz/Transolver/LINEARNO/monitor/analysis/transolver_monitor_output_20260917_074049/LINEARNO/monitor/output/darcy/20260916_193756_darcy_UniPDE_train,base,500,500,3,6,0.5965956608
darcy,/home/hwz/Transolver/LINEARNO/monitor/analysis/transolver_monitor_output_20260917_074049/LINEARNO/monitor/output/darcy/20260916_193756_darcy_UniPDE_train,base,500,500,3,7,0.6063620672
darcy,/home/hwz/Transolver/LINEARNO/monitor/analysis/transolver_monitor_output_20260917_074049/LINEARNO/monitor/output/darcy/20260916_193756_darcy_UniPDE_train,base,500,500,3,8,0.5953194536
darcy,/home/hwz/Transolver/LINEARNO/monitor/analysis/transolver_monitor_output_20260917_074049/LINEARNO/monitor/output/darcy/20260916_193756_darcy_UniPDE_train,base,500,500,4,1,0.6252796268
darcy,/home/hwz/Transolver/LINEARNO/monitor/analysis/transolver_monitor_output_20260917_074049/LINEARNO/monitor/output/darcy/20260916_193756_darcy_UniPDE_train,base,500,500,4,2,0.6351591507
darcy,/home/hwz/Transolver/LINEARNO/monitor/analysis/transolver_monitor_output_20260917_074049/LINEARNO/monitor/output/darcy/20260916_193756_darcy_UniPDE_train,base,500,500,4,3,0.6294126445
darcy,/home/hwz/Transolver/LINEARNO/monitor/analysis/transolver_monitor_output_20260917_074049/LINEARNO/monitor/output/darcy/20260916_193756_darcy_UniPDE_train,base,500,500,4,4,1
darcy,/home/hwz/Transolver/LINEARNO/monitor/analysis/transolver_monitor_output_20260917_074049/LINEARNO/monitor/output/darcy/20260916_193756_darcy_UniPDE_train,base,500,500,4,5,0.6248524673
darcy,/home/hwz/Transolver/LINEARNO/monitor/analysis/transolver_monitor_output_20260917_074049/LINEARNO/monitor/output/darcy/20260916_193756_darcy_UniPDE_train,base,500,500,4,6,0.5282130362
darcy,/home/hwz/Transolver/LINEARNO/monitor/analysis/transolver_monitor_output_20260917_074049/LINEARNO/monitor/output/darcy/20260916_193756_darcy_UniPDE_train,base,500,500,4,7,0.7416264694
darcy,/home/hwz/Transolver/LINEARNO/monitor/analysis/transolver_monitor_output_20260917_074049/LINEARNO/monitor/output/darcy/20260916_193756_darcy_UniPDE_train,base,500,500,4,8,0.727174826
darcy,/home/hwz/Transolver/LINEARNO/monitor/analysis/transolver_monitor_output_20260917_074049/LINEARNO/monitor/output/darcy/20260916_193756_darcy_UniPDE_train,base,500,500,5,1,0.6064189523
darcy,/home/hwz/Transolver/LINEARNO/monitor/analysis/transolver_monitor_output_20260917_074049/LINEARNO/monitor/output/darcy/20260916_193756_darcy_UniPDE_train,base,500,500,5,2,0.6671358021
darcy,/home/hwz/Transolver/LINEARNO/monitor/analysis/transolver_monitor_output_20260917_074049/LINEARNO/monitor/output/darcy/20260916_193756_darcy_UniPDE_train,base,500,500,5,3,0.6138387946
darcy,/home/hwz/Transolver/LINEARNO/monitor/analysis/transolver_monitor_output_20260917_074049/LINEARNO/monitor/output/darcy/20260916_193756_darcy_UniPDE_train,base,500,500,5,4,0.6248524673
darcy,/home/hwz/Transolver/LINEARNO/monitor/analysis/transolver_monitor_output_20260917_074049/LINEARNO/monitor/output/darcy/20260916_193756_darcy_UniPDE_train,base,500,500,5,5,1
darcy,/home/hwz/Transolver/LINEARNO/monitor/analysis/transolver_monitor_output_20260917_074049/LINEARNO/monitor/output/darcy/20260916_193756_darcy_UniPDE_train,base,500,500,5,6,0.6463227477
darcy,/home/hwz/Transolver/LINEARNO/monitor/analysis/transolver_monitor_output_20260917_074049/LINEARNO/monitor/output/darcy/20260916_193756_darcy_UniPDE_train,base,500,500,5,7,0.6373060113
darcy,/home/hwz/Transolver/LINEARNO/monitor/analysis/transolver_monitor_output_20260917_074049/LINEARNO/monitor/output/darcy/20260916_193756_darcy_UniPDE_train,base,500,500,5,8,0.6134908004
darcy,/home/hwz/Transolver/LINEARNO/monitor/analysis/transolver_monitor_output_20260917_074049/LINEARNO/monitor/output/darcy/20260916_193756_darcy_UniPDE_train,base,500,500,6,1,0.5758711193
darcy,/home/hwz/Transolver/LINEARNO/monitor/analysis/transolver_monitor_output_20260917_074049/LINEARNO/monitor/output/darcy/20260916_193756_darcy_UniPDE_train,base,500,500,6,2,0.7110147756
darcy,/home/hwz/Transolver/LINEARNO/monitor/analysis/transolver_monitor_output_20260917_074049/LINEARNO/monitor/output/darcy/20260916_193756_darcy_UniPDE_train,base,500,500,6,3,0.5965956608
darcy,/home/hwz/Transolver/LINEARNO/monitor/analysis/transolver_monitor_output_20260917_074049/LINEARNO/monitor/output/darcy/20260916_193756_darcy_UniPDE_train,base,500,500,6,4,0.5282130362
darcy,/home/hwz/Transolver/LINEARNO/monitor/analysis/transolver_monitor_output_20260917_074049/LINEARNO/monitor/output/darcy/20260916_193756_darcy_UniPDE_train,base,500,500,6,5,0.6463227477
darcy,/home/hwz/Transolver/LINEARNO/monitor/analysis/transolver_monitor_output_20260917_074049/LINEARNO/monitor/output/darcy/20260916_193756_darcy_UniPDE_train,base,500,500,6,6,1
darcy,/home/hwz/Transolver/LINEARNO/monitor/analysis/transolver_monitor_output_20260917_074049/LINEARNO/monitor/output/darcy/20260916_193756_darcy_UniPDE_train,base,500,500,6,7,0.5513601163
darcy,/home/hwz/Transolver/LINEARNO/monitor/analysis/transolver_monitor_output_20260917_074049/LINEARNO/monitor/output/darcy/20260916_193756_darcy_UniPDE_train,base,500,500,6,8,0.5362362172
darcy,/home/hwz/Transolver/LINEARNO/monitor/analysis/transolver_monitor_output_20260917_074049/LINEARNO/monitor/output/darcy/20260916_193756_darcy_UniPDE_train,base,500,500,7,1,0.5952918073
darcy,/home/hwz/Transolver/LINEARNO/monitor/analysis/transolver_monitor_output_20260917_074049/LINEARNO/monitor/output/darcy/20260916_193756_darcy_UniPDE_train,base,500,500,7,2,0.6230503833
darcy,/home/hwz/Transolver/LINEARNO/monitor/analysis/transolver_monitor_output_20260917_074049/LINEARNO/monitor/output/darcy/20260916_193756_darcy_UniPDE_train,base,500,500,7,3,0.6063620672
darcy,/home/hwz/Transolver/LINEARNO/monitor/analysis/transolver_monitor_output_20260917_074049/LINEARNO/monitor/output/darcy/20260916_193756_darcy_UniPDE_train,base,500,500,7,4,0.7416264694
darcy,/home/hwz/Transolver/LINEARNO/monitor/analysis/transolver_monitor_output_20260917_074049/LINEARNO/monitor/output/darcy/20260916_193756_darcy_UniPDE_train,base,500,500,7,5,0.6373060113
darcy,/home/hwz/Transolver/LINEARNO/monitor/analysis/transolver_monitor_output_20260917_074049/LINEARNO/monitor/output/darcy/20260916_193756_darcy_UniPDE_train,base,500,500,7,6,0.5513601163
darcy,/home/hwz/Transolver/LINEARNO/monitor/analysis/transolver_monitor_output_20260917_074049/LINEARNO/monitor/output/darcy/20260916_193756_darcy_UniPDE_train,base,500,500,7,7,1
darcy,/home/hwz/Transolver/LINEARNO/monitor/analysis/transolver_monitor_output_20260917_074049/LINEARNO/monitor/output/darcy/20260916_193756_darcy_UniPDE_train,base,500,500,7,8,0.662086864
darcy,/home/hwz/Transolver/LINEARNO/monitor/analysis/transolver_monitor_output_20260917_074049/LINEARNO/monitor/output/darcy/20260916_193756_darcy_UniPDE_train,base,500,500,8,1,0.5806721812
darcy,/home/hwz/Transolver/LINEARNO/monitor/analysis/transolver_monitor_output_20260917_074049/LINEARNO/monitor/output/darcy/20260916_193756_darcy_UniPDE_train,base,500,500,8,2,0.6037078444
darcy,/home/hwz/Transolver/LINEARNO/monitor/analysis/transolver_monitor_output_20260917_074049/LINEARNO/monitor/output/darcy/20260916_193756_darcy_UniPDE_train,base,500,500,8,3,0.5953194536
darcy,/home/hwz/Transolver/LINEARNO/monitor/analysis/transolver_monitor_output_20260917_074049/LINEARNO/monitor/output/darcy/20260916_193756_darcy_UniPDE_train,base,500,500,8,4,0.727174826
darcy,/home/hwz/Transolver/LINEARNO/monitor/analysis/transolver_monitor_output_20260917_074049/LINEARNO/monitor/output/darcy/20260916_193756_darcy_UniPDE_train,base,500,500,8,5,0.6134908004
darcy,/home/hwz/Transolver/LINEARNO/monitor/analysis/transolver_monitor_output_20260917_074049/LINEARNO/monitor/output/darcy/20260916_193756_darcy_UniPDE_train,base,500,500,8,6,0.5362362172
darcy,/home/hwz/Transolver/LINEARNO/monitor/analysis/transolver_monitor_output_20260917_074049/LINEARNO/monitor/output/darcy/20260916_193756_darcy_UniPDE_train,base,500,500,8,7,0.662086864
darcy,/home/hwz/Transolver/LINEARNO/monitor/analysis/transolver_monitor_output_20260917_074049/LINEARNO/monitor/output/darcy/20260916_193756_darcy_UniPDE_train,base,500,500,8,8,1
elasticity,/home/hwz/Transolver/LINEARNO/monitor/analysis/transolver_monitor_output_20260917_074049/LINEARNO/monitor/output/elasticity/20260916_194317_elasticity_Transolver_train,base,1,1,1,1,1
elasticity,/home/hwz/Transolver/LINEARNO/monitor/analysis/transolver_monitor_output_20260917_074049/LINEARNO/monitor/output/elasticity/20260916_194317_elasticity_Transolver_train,base,1,1,1,2,0.7854556032
elasticity,/home/hwz/Transolver/LINEARNO/monitor/analysis/transolver_monitor_output_20260917_074049/LINEARNO/monitor/output/elasticity/20260916_194317_elasticity_Transolver_train,base,1,1,1,3,1
elasticity,/home/hwz/Transolver/LINEARNO/monitor/analysis/transolver_monitor_output_20260917_074049/LINEARNO/monitor/output/elasticity/20260916_194317_elasticity_Transolver_train,base,1,1,1,4,0.9998942185
elasticity,/home/hwz/Transolver/LINEARNO/monitor/analysis/transolver_monitor_output_20260917_074049/LINEARNO/monitor/output/elasticity/20260916_194317_elasticity_Transolver_train,base,1,1,1,5,1
elasticity,/home/hwz/Transolver/LINEARNO/monitor/analysis/transolver_monitor_output_20260917_074049/LINEARNO/monitor/output/elasticity/20260916_194317_elasticity_Transolver_train,base,1,1,1,6,1
elasticity,/home/hwz/Transolver/LINEARNO/monitor/analysis/transolver_monitor_output_20260917_074049/LINEARNO/monitor/output/elasticity/20260916_194317_elasticity_Transolver_train,base,1,1,1,7,1
elasticity,/home/hwz/Transolver/LINEARNO/monitor/analysis/transolver_monitor_output_20260917_074049/LINEARNO/monitor/output/elasticity/20260916_194317_elasticity_Transolver_train,base,1,1,1,8,1
elasticity,/home/hwz/Transolver/LINEARNO/monitor/analysis/transolver_monitor_output_20260917_074049/LINEARNO/monitor/output/elasticity/20260916_194317_elasticity_Transolver_train,base,1,1,2,1,0.7854556032
elasticity,/home/hwz/Transolver/LINEARNO/monitor/analysis/transolver_monitor_output_20260917_074049/LINEARNO/monitor/output/elasticity/20260916_194317_elasticity_Transolver_train,base,1,1,2,2,1
elasticity,/home/hwz/Transolver/LINEARNO/monitor/analysis/transolver_monitor_output_20260917_074049/LINEARNO/monitor/output/elasticity/20260916_194317_elasticity_Transolver_train,base,1,1,2,3,0.7856944129
elasticity,/home/hwz/Transolver/LINEARNO/monitor/analysis/transolver_monitor_output_20260917_074049/LINEARNO/monitor/output/elasticity/20260916_194317_elasticity_Transolver_train,base,1,1,2,4,0.7866829596
elasticity,/home/hwz/Transolver/LINEARNO/monitor/analysis/transolver_monitor_output_20260917_074049/LINEARNO/monitor/output/elasticity/20260916_194317_elasticity_Transolver_train,base,1,1,2,5,0.7856622469
elasticity,/home/hwz/Transolver/LINEARNO/monitor/analysis/transolver_monitor_output_20260917_074049/LINEARNO/monitor/output/elasticity/20260916_194317_elasticity_Transolver_train,base,1,1,2,6,0.7854756974
elasticity,/home/hwz/Transolver/LINEARNO/monitor/analysis/transolver_monitor_output_20260917_074049/LINEARNO/monitor/output/elasticity/20260916_194317_elasticity_Transolver_train,base,1,1,2,7,0.7854567878
elasticity,/home/hwz/Transolver/LINEARNO/monitor/analysis/transolver_monitor_output_20260917_074049/LINEARNO/monitor/output/elasticity/20260916_194317_elasticity_Transolver_train,base,1,1,2,8,0.7854570113
elasticity,/home/hwz/Transolver/LINEARNO/monitor/analysis/transolver_monitor_output_20260917_074049/LINEARNO/monitor/output/elasticity/20260916_194317_elasticity_Transolver_train,base,1,1,3,1,1
elasticity,/home/hwz/Transolver/LINEARNO/monitor/analysis/transolver_monitor_output_20260917_074049/LINEARNO/monitor/output/elasticity/20260916_194317_elasticity_Transolver_train,base,1,1,3,2,0.7856944129
elasticity,/home/hwz/Transolver/LINEARNO/monitor/analysis/transolver_monitor_output_20260917_074049/LINEARNO/monitor/output/elasticity/20260916_194317_elasticity_Transolver_train,base,1,1,3,3,1
elasticity,/home/hwz/Transolver/LINEARNO/monitor/analysis/transolver_monitor_output_20260917_074049/LINEARNO/monitor/output/elasticity/20260916_194317_elasticity_Transolver_train,base,1,1,3,4,0.9999181293
elasticity,/home/hwz/Transolver/LINEARNO/monitor/analysis/transolver_monitor_output_20260917_074049/LINEARNO/monitor/output/elasticity/20260916_194317_elasticity_Transolver_train,base,1,1,3,5,1
elasticity,/home/hwz/Transolver/LINEARNO/monitor/analysis/transolver_monitor_output_20260917_074049/LINEARNO/monitor/output/elasticity/20260916_194317_elasticity_Transolver_train,base,1,1,3,6,1
elasticity,/home/hwz/Transolver/LINEARNO/monitor/analysis/transolver_monitor_output_20260917_074049/LINEARNO/monitor/output/elasticity/20260916_194317_elasticity_Transolver_train,base,1,1,3,7,1
elasticity,/home/hwz/Transolver/LINEARNO/monitor/analysis/transolver_monitor_output_20260917_074049/LINEARNO/monitor/output/elasticity/20260916_194317_elasticity_Transolver_train,base,1,1,3,8,1
elasticity,/home/hwz/Transolver/LINEARNO/monitor/analysis/transolver_monitor_output_20260917_074049/LINEARNO/monitor/output/elasticity/20260916_194317_elasticity_Transolver_train,base,1,1,4,1,0.9998942185
elasticity,/home/hwz/Transolver/LINEARNO/monitor/analysis/transolver_monitor_output_20260917_074049/LINEARNO/monitor/output/elasticity/20260916_194317_elasticity_Transolver_train,base,1,1,4,2,0.7866829596
elasticity,/home/hwz/Transolver/LINEARNO/monitor/analysis/transolver_monitor_output_20260917_074049/LINEARNO/monitor/output/elasticity/20260916_194317_elasticity_Transolver_train,base,1,1,4,3,0.9999181293
elasticity,/home/hwz/Transolver/LINEARNO/monitor/analysis/transolver_monitor_output_20260917_074049/LINEARNO/monitor/output/elasticity/20260916_194317_elasticity_Transolver_train,base,1,1,4,4,1
elasticity,/home/hwz/Transolver/LINEARNO/monitor/analysis/transolver_monitor_output_20260917_074049/LINEARNO/monitor/output/elasticity/20260916_194317_elasticity_Transolver_train,base,1,1,4,5,0.9999004938
elasticity,/home/hwz/Transolver/LINEARNO/monitor/analysis/transolver_monitor_output_20260917_074049/LINEARNO/monitor/output/elasticity/20260916_194317_elasticity_Transolver_train,base,1,1,4,6,0.9998956118
elasticity,/home/hwz/Transolver/LINEARNO/monitor/analysis/transolver_monitor_output_20260917_074049/LINEARNO/monitor/output/elasticity/20260916_194317_elasticity_Transolver_train,base,1,1,4,7,0.9998943955
elasticity,/home/hwz/Transolver/LINEARNO/monitor/analysis/transolver_monitor_output_20260917_074049/LINEARNO/monitor/output/elasticity/20260916_194317_elasticity_Transolver_train,base,1,1,4,8,0.9998944085
elasticity,/home/hwz/Transolver/LINEARNO/monitor/analysis/transolver_monitor_output_20260917_074049/LINEARNO/monitor/output/elasticity/20260916_194317_elasticity_Transolver_train,base,1,1,5,1,1
elasticity,/home/hwz/Transolver/LINEARNO/monitor/analysis/transolver_monitor_output_20260917_074049/LINEARNO/monitor/output/elasticity/20260916_194317_elasticity_Transolver_train,base,1,1,5,2,0.7856622469
elasticity,/home/hwz/Transolver/LINEARNO/monitor/analysis/transolver_monitor_output_20260917_074049/LINEARNO/monitor/output/elasticity/20260916_194317_elasticity_Transolver_train,base,1,1,5,3,1
elasticity,/home/hwz/Transolver/LINEARNO/monitor/analysis/transolver_monitor_output_20260917_074049/LINEARNO/monitor/output/elasticity/20260916_194317_elasticity_Transolver_train,base,1,1,5,4,0.9999004938
elasticity,/home/hwz/Transolver/LINEARNO/monitor/analysis/transolver_monitor_output_20260917_074049/LINEARNO/monitor/output/elasticity/20260916_194317_elasticity_Transolver_train,base,1,1,5,5,1
elasticity,/home/hwz/Transolver/LINEARNO/monitor/analysis/transolver_monitor_output_20260917_074049/LINEARNO/monitor/output/elasticity/20260916_194317_elasticity_Transolver_train,base,1,1,5,6,1
elasticity,/home/hwz/Transolver/LINEARNO/monitor/analysis/transolver_monitor_output_20260917_074049/LINEARNO/monitor/output/elasticity/20260916_194317_elasticity_Transolver_train,base,1,1,5,7,1
elasticity,/home/hwz/Transolver/LINEARNO/monitor/analysis/transolver_monitor_output_20260917_074049/LINEARNO/monitor/output/elasticity/20260916_194317_elasticity_Transolver_train,base,1,1,5,8,1
elasticity,/home/hwz/Transolver/LINEARNO/monitor/analysis/transolver_monitor_output_20260917_074049/LINEARNO/monitor/output/elasticity/20260916_194317_elasticity_Transolver_train,base,1,1,6,1,1
elasticity,/home/hwz/Transolver/LINEARNO/monitor/analysis/transolver_monitor_output_20260917_074049/LINEARNO/monitor/output/elasticity/20260916_194317_elasticity_Transolver_train,base,1,1,6,2,0.7854756974
elasticity,/home/hwz/Transolver/LINEARNO/monitor/analysis/transolver_monitor_output_20260917_074049/LINEARNO/monitor/output/elasticity/20260916_194317_elasticity_Transolver_train,base,1,1,6,3,1
elasticity,/home/hwz/Transolver/LINEARNO/monitor/analysis/transolver_monitor_output_20260917_074049/LINEARNO/monitor/output/elasticity/20260916_194317_elasticity_Transolver_train,base,1,1,6,4,0.9998956118
elasticity,/home/hwz/Transolver/LINEARNO/monitor/analysis/transolver_monitor_output_20260917_074049/LINEARNO/monitor/output/elasticity/20260916_194317_elasticity_Transolver_train,base,1,1,6,5,1
elasticity,/home/hwz/Transolver/LINEARNO/monitor/analysis/transolver_monitor_output_20260917_074049/LINEARNO/monitor/output/elasticity/20260916_194317_elasticity_Transolver_train,base,1,1,6,6,1
elasticity,/home/hwz/Transolver/LINEARNO/monitor/analysis/transolver_monitor_output_20260917_074049/LINEARNO/monitor/output/elasticity/20260916_194317_elasticity_Transolver_train,base,1,1,6,7,1
elasticity,/home/hwz/Transolver/LINEARNO/monitor/analysis/transolver_monitor_output_20260917_074049/LINEARNO/monitor/output/elasticity/20260916_194317_elasticity_Transolver_train,base,1,1,6,8,1
elasticity,/home/hwz/Transolver/LINEARNO/monitor/analysis/transolver_monitor_output_20260917_074049/LINEARNO/monitor/output/elasticity/20260916_194317_elasticity_Transolver_train,base,1,1,7,1,1
elasticity,/home/hwz/Transolver/LINEARNO/monitor/analysis/transolver_monitor_output_20260917_074049/LINEARNO/monitor/output/elasticity/20260916_194317_elasticity_Transolver_train,base,1,1,7,2,0.7854567878
elasticity,/home/hwz/Transolver/LINEARNO/monitor/analysis/transolver_monitor_output_20260917_074049/LINEARNO/monitor/output/elasticity/20260916_194317_elasticity_Transolver_train,base,1,1,7,3,1
elasticity,/home/hwz/Transolver/LINEARNO/monitor/analysis/transolver_monitor_output_20260917_074049/LINEARNO/monitor/output/elasticity/20260916_194317_elasticity_Transolver_train,base,1,1,7,4,0.9998943955
elasticity,/home/hwz/Transolver/LINEARNO/monitor/analysis/transolver_monitor_output_20260917_074049/LINEARNO/monitor/output/elasticity/20260916_194317_elasticity_Transolver_train,base,1,1,7,5,1
elasticity,/home/hwz/Transolver/LINEARNO/monitor/analysis/transolver_monitor_output_20260917_074049/LINEARNO/monitor/output/elasticity/20260916_194317_elasticity_Transolver_train,base,1,1,7,6,1
elasticity,/home/hwz/Transolver/LINEARNO/monitor/analysis/transolver_monitor_output_20260917_074049/LINEARNO/monitor/output/elasticity/20260916_194317_elasticity_Transolver_train,base,1,1,7,7,1
elasticity,/home/hwz/Transolver/LINEARNO/monitor/analysis/transolver_monitor_output_20260917_074049/LINEARNO/monitor/output/elasticity/20260916_194317_elasticity_Transolver_train,base,1,1,7,8,1
elasticity,/home/hwz/Transolver/LINEARNO/monitor/analysis/transolver_monitor_output_20260917_074049/LINEARNO/monitor/output/elasticity/20260916_194317_elasticity_Transolver_train,base,1,1,8,1,1
elasticity,/home/hwz/Transolver/LINEARNO/monitor/analysis/transolver_monitor_output_20260917_074049/LINEARNO/monitor/output/elasticity/20260916_194317_elasticity_Transolver_train,base,1,1,8,2,0.7854570113
elasticity,/home/hwz/Transolver/LINEARNO/monitor/analysis/transolver_monitor_output_20260917_074049/LINEARNO/monitor/output/elasticity/20260916_194317_elasticity_Transolver_train,base,1,1,8,3,1
elasticity,/home/hwz/Transolver/LINEARNO/monitor/analysis/transolver_monitor_output_20260917_074049/LINEARNO/monitor/output/elasticity/20260916_194317_elasticity_Transolver_train,base,1,1,8,4,0.9998944085
elasticity,/home/hwz/Transolver/LINEARNO/monitor/analysis/transolver_monitor_output_20260917_074049/LINEARNO/monitor/output/elasticity/20260916_194317_elasticity_Transolver_train,base,1,1,8,5,1
elasticity,/home/hwz/Transolver/LINEARNO/monitor/analysis/transolver_monitor_output_20260917_074049/LINEARNO/monitor/output/elasticity/20260916_194317_elasticity_Transolver_train,base,1,1,8,6,1
elasticity,/home/hwz/Transolver/LINEARNO/monitor/analysis/transolver_monitor_output_20260917_074049/LINEARNO/monitor/output/elasticity/20260916_194317_elasticity_Transolver_train,base,1,1,8,7,1
elasticity,/home/hwz/Transolver/LINEARNO/monitor/analysis/transolver_monitor_output_20260917_074049/LINEARNO/monitor/output/elasticity/20260916_194317_elasticity_Transolver_train,base,1,1,8,8,1
elasticity,/home/hwz/Transolver/LINEARNO/monitor/analysis/transolver_monitor_output_20260917_074049/LINEARNO/monitor/output/elasticity/20260916_194317_elasticity_Transolver_train,base,100,100,1,1,1
elasticity,/home/hwz/Transolver/LINEARNO/monitor/analysis/transolver_monitor_output_20260917_074049/LINEARNO/monitor/output/elasticity/20260916_194317_elasticity_Transolver_train,base,100,100,1,2,0.4535189848
elasticity,/home/hwz/Transolver/LINEARNO/monitor/analysis/transolver_monitor_output_20260917_074049/LINEARNO/monitor/output/elasticity/20260916_194317_elasticity_Transolver_train,base,100,100,1,3,0.5603847895
elasticity,/home/hwz/Transolver/LINEARNO/monitor/analysis/transolver_monitor_output_20260917_074049/LINEARNO/monitor/output/elasticity/20260916_194317_elasticity_Transolver_train,base,100,100,1,4,0.4548572376
elasticity,/home/hwz/Transolver/LINEARNO/monitor/analysis/transolver_monitor_output_20260917_074049/LINEARNO/monitor/output/elasticity/20260916_194317_elasticity_Transolver_train,base,100,100,1,5,0.517312686
elasticity,/home/hwz/Transolver/LINEARNO/monitor/analysis/transolver_monitor_output_20260917_074049/LINEARNO/monitor/output/elasticity/20260916_194317_elasticity_Transolver_train,base,100,100,1,6,0.6783451084
elasticity,/home/hwz/Transolver/LINEARNO/monitor/analysis/transolver_monitor_output_20260917_074049/LINEARNO/monitor/output/elasticity/20260916_194317_elasticity_Transolver_train,base,100,100,1,7,0.9999774508
elasticity,/home/hwz/Transolver/LINEARNO/monitor/analysis/transolver_monitor_output_20260917_074049/LINEARNO/monitor/output/elasticity/20260916_194317_elasticity_Transolver_train,base,100,100,1,8,0.9999776296
elasticity,/home/hwz/Transolver/LINEARNO/monitor/analysis/transolver_monitor_output_20260917_074049/LINEARNO/monitor/output/elasticity/20260916_194317_elasticity_Transolver_train,base,100,100,2,1,0.4535189848
elasticity,/home/hwz/Transolver/LINEARNO/monitor/analysis/transolver_monitor_output_20260917_074049/LINEARNO/monitor/output/elasticity/20260916_194317_elasticity_Transolver_train,base,100,100,2,2,1
elasticity,/home/hwz/Transolver/LINEARNO/monitor/analysis/transolver_monitor_output_20260917_074049/LINEARNO/monitor/output/elasticity/20260916_194317_elasticity_Transolver_train,base,100,100,2,3,0.6118014199
elasticity,/home/hwz/Transolver/LINEARNO/monitor/analysis/transolver_monitor_output_20260917_074049/LINEARNO/monitor/output/elasticity/20260916_194317_elasticity_Transolver_train,base,100,100,2,4,0.5510178865
elasticity,/home/hwz/Transolver/LINEARNO/monitor/analysis/transolver_monitor_output_20260917_074049/LINEARNO/monitor/output/elasticity/20260916_194317_elasticity_Transolver_train,base,100,100,2,5,0.5144596612
elasticity,/home/hwz/Transolver/LINEARNO/monitor/analysis/transolver_monitor_output_20260917_074049/LINEARNO/monitor/output/elasticity/20260916_194317_elasticity_Transolver_train,base,100,100,2,6,0.4544682093
elasticity,/home/hwz/Transolver/LINEARNO/monitor/analysis/transolver_monitor_output_20260917_074049/LINEARNO/monitor/output/elasticity/20260916_194317_elasticity_Transolver_train,base,100,100,2,7,0.451092842
elasticity,/home/hwz/Transolver/LINEARNO/monitor/analysis/transolver_monitor_output_20260917_074049/LINEARNO/monitor/output/elasticity/20260916_194317_elasticity_Transolver_train,base,100,100,2,8,0.4510929938
elasticity,/home/hwz/Transolver/LINEARNO/monitor/analysis/transolver_monitor_output_20260917_074049/LINEARNO/monitor/output/elasticity/20260916_194317_elasticity_Transolver_train,base,100,100,3,1,0.5603847895
elasticity,/home/hwz/Transolver/LINEARNO/monitor/analysis/transolver_monitor_output_20260917_074049/LINEARNO/monitor/output/elasticity/20260916_194317_elasticity_Transolver_train,base,100,100,3,2,0.6118014199
elasticity,/home/hwz/Transolver/LINEARNO/monitor/analysis/transolver_monitor_output_20260917_074049/LINEARNO/monitor/output/elasticity/20260916_194317_elasticity_Transolver_train,base,100,100,3,3,1
elasticity,/home/hwz/Transolver/LINEARNO/monitor/analysis/transolver_monitor_output_20260917_074049/LINEARNO/monitor/output/elasticity/20260916_194317_elasticity_Transolver_train,base,100,100,3,4,0.653224458
elasticity,/home/hwz/Transolver/LINEARNO/monitor/analysis/transolver_monitor_output_20260917_074049/LINEARNO/monitor/output/elasticity/20260916_194317_elasticity_Transolver_train,base,100,100,3,5,0.6415087003
elasticity,/home/hwz/Transolver/LINEARNO/monitor/analysis/transolver_monitor_output_20260917_074049/LINEARNO/monitor/output/elasticity/20260916_194317_elasticity_Transolver_train,base,100,100,3,6,0.5777148772
elasticity,/home/hwz/Transolver/LINEARNO/monitor/analysis/transolver_monitor_output_20260917_074049/LINEARNO/monitor/output/elasticity/20260916_194317_elasticity_Transolver_train,base,100,100,3,7,0.5577436453
elasticity,/home/hwz/Transolver/LINEARNO/monitor/analysis/transolver_monitor_output_20260917_074049/LINEARNO/monitor/output/elasticity/20260916_194317_elasticity_Transolver_train,base,100,100,3,8,0.5577438716
elasticity,/home/hwz/Transolver/LINEARNO/monitor/analysis/transolver_monitor_output_20260917_074049/LINEARNO/monitor/output/elasticity/20260916_194317_elasticity_Transolver_train,base,100,100,4,1,0.4548572376
elasticity,/home/hwz/Transolver/LINEARNO/monitor/analysis/transolver_monitor_output_20260917_074049/LINEARNO/monitor/output/elasticity/20260916_194317_elasticity_Transolver_train,base,100,100,4,2,0.5510178865
elasticity,/home/hwz/Transolver/LINEARNO/monitor/analysis/transolver_monitor_output_20260917_074049/LINEARNO/monitor/output/elasticity/20260916_194317_elasticity_Transolver_train,base,100,100,4,3,0.653224458
elasticity,/home/hwz/Transolver/LINEARNO/monitor/analysis/transolver_monitor_output_20260917_074049/LINEARNO/monitor/output/elasticity/20260916_194317_elasticity_Transolver_train,base,100,100,4,4,1
elasticity,/home/hwz/Transolver/LINEARNO/monitor/analysis/transolver_monitor_output_20260917_074049/LINEARNO/monitor/output/elasticity/20260916_194317_elasticity_Transolver_train,base,100,100,4,5,0.535033511
elasticity,/home/hwz/Transolver/LINEARNO/monitor/analysis/transolver_monitor_output_20260917_074049/LINEARNO/monitor/output/elasticity/20260916_194317_elasticity_Transolver_train,base,100,100,4,6,0.508043692
elasticity,/home/hwz/Transolver/LINEARNO/monitor/analysis/transolver_monitor_output_20260917_074049/LINEARNO/monitor/output/elasticity/20260916_194317_elasticity_Transolver_train,base,100,100,4,7,0.452454322
elasticity,/home/hwz/Transolver/LINEARNO/monitor/analysis/transolver_monitor_output_20260917_074049/LINEARNO/monitor/output/elasticity/20260916_194317_elasticity_Transolver_train,base,100,100,4,8,0.4524545148
elasticity,/home/hwz/Transolver/LINEARNO/monitor/analysis/transolver_monitor_output_20260917_074049/LINEARNO/monitor/output/elasticity/20260916_194317_elasticity_Transolver_train,base,100,100,5,1,0.517312686
elasticity,/home/hwz/Transolver/LINEARNO/monitor/analysis/transolver_monitor_output_20260917_074049/LINEARNO/monitor/output/elasticity/20260916_194317_elasticity_Transolver_train,base,100,100,5,2,0.5144596612
elasticity,/home/hwz/Transolver/LINEARNO/monitor/analysis/transolver_monitor_output_20260917_074049/LINEARNO/monitor/output/elasticity/20260916_194317_elasticity_Transolver_train,base,100,100,5,3,0.6415087003
elasticity,/home/hwz/Transolver/LINEARNO/monitor/analysis/transolver_monitor_output_20260917_074049/LINEARNO/monitor/output/elasticity/20260916_194317_elasticity_Transolver_train,base,100,100,5,4,0.535033511
elasticity,/home/hwz/Transolver/LINEARNO/monitor/analysis/transolver_monitor_output_20260917_074049/LINEARNO/monitor/output/elasticity/20260916_194317_elasticity_Transolver_train,base,100,100,5,5,1
elasticity,/home/hwz/Transolver/LINEARNO/monitor/analysis/transolver_monitor_output_20260917_074049/LINEARNO/monitor/output/elasticity/20260916_194317_elasticity_Transolver_train,base,100,100,5,6,0.5450245971
elasticity,/home/hwz/Transolver/LINEARNO/monitor/analysis/transolver_monitor_output_20260917_074049/LINEARNO/monitor/output/elasticity/20260916_194317_elasticity_Transolver_train,base,100,100,5,7,0.5152278021
elasticity,/home/hwz/Transolver/LINEARNO/monitor/analysis/transolver_monitor_output_20260917_074049/LINEARNO/monitor/output/elasticity/20260916_194317_elasticity_Transolver_train,base,100,100,5,8,0.5152280228
elasticity,/home/hwz/Transolver/LINEARNO/monitor/analysis/transolver_monitor_output_20260917_074049/LINEARNO/monitor/output/elasticity/20260916_194317_elasticity_Transolver_train,base,100,100,6,1,0.6783451084
elasticity,/home/hwz/Transolver/LINEARNO/monitor/analysis/transolver_monitor_output_20260917_074049/LINEARNO/monitor/output/elasticity/20260916_194317_elasticity_Transolver_train,base,100,100,6,2,0.4544682093
elasticity,/home/hwz/Transolver/LINEARNO/monitor/analysis/transolver_monitor_output_20260917_074049/LINEARNO/monitor/output/elasticity/20260916_194317_elasticity_Transolver_train,base,100,100,6,3,0.5777148772
elasticity,/home/hwz/Transolver/LINEARNO/monitor/analysis/transolver_monitor_output_20260917_074049/LINEARNO/monitor/output/elasticity/20260916_194317_elasticity_Transolver_train,base,100,100,6,4,0.508043692
elasticity,/home/hwz/Transolver/LINEARNO/monitor/analysis/transolver_monitor_output_20260917_074049/LINEARNO/monitor/output/elasticity/20260916_194317_elasticity_Transolver_train,base,100,100,6,5,0.5450245971
elasticity,/home/hwz/Transolver/LINEARNO/monitor/analysis/transolver_monitor_output_20260917_074049/LINEARNO/monitor/output/elasticity/20260916_194317_elasticity_Transolver_train,base,100,100,6,6,1
elasticity,/home/hwz/Transolver/LINEARNO/monitor/analysis/transolver_monitor_output_20260917_074049/LINEARNO/monitor/output/elasticity/20260916_194317_elasticity_Transolver_train,base,100,100,6,7,0.6769231856
elasticity,/home/hwz/Transolver/LINEARNO/monitor/analysis/transolver_monitor_output_20260917_074049/LINEARNO/monitor/output/elasticity/20260916_194317_elasticity_Transolver_train,base,100,100,6,8,0.6769234668
elasticity,/home/hwz/Transolver/LINEARNO/monitor/analysis/transolver_monitor_output_20260917_074049/LINEARNO/monitor/output/elasticity/20260916_194317_elasticity_Transolver_train,base,100,100,7,1,0.9999774508
elasticity,/home/hwz/Transolver/LINEARNO/monitor/analysis/transolver_monitor_output_20260917_074049/LINEARNO/monitor/output/elasticity/20260916_194317_elasticity_Transolver_train,base,100,100,7,2,0.451092842
elasticity,/home/hwz/Transolver/LINEARNO/monitor/analysis/transolver_monitor_output_20260917_074049/LINEARNO/monitor/output/elasticity/20260916_194317_elasticity_Transolver_train,base,100,100,7,3,0.5577436453
elasticity,/home/hwz/Transolver/LINEARNO/monitor/analysis/transolver_monitor_output_20260917_074049/LINEARNO/monitor/output/elasticity/20260916_194317_elasticity_Transolver_train,base,100,100,7,4,0.452454322
elasticity,/home/hwz/Transolver/LINEARNO/monitor/analysis/transolver_monitor_output_20260917_074049/LINEARNO/monitor/output/elasticity/20260916_194317_elasticity_Transolver_train,base,100,100,7,5,0.5152278021
elasticity,/home/hwz/Transolver/LINEARNO/monitor/analysis/transolver_monitor_output_20260917_074049/LINEARNO/monitor/output/elasticity/20260916_194317_elasticity_Transolver_train,base,100,100,7,6,0.6769231856
elasticity,/home/hwz/Transolver/LINEARNO/monitor/analysis/transolver_monitor_output_20260917_074049/LINEARNO/monitor/output/elasticity/20260916_194317_elasticity_Transolver_train,base,100,100,7,7,1
elasticity,/home/hwz/Transolver/LINEARNO/monitor/analysis/transolver_monitor_output_20260917_074049/LINEARNO/monitor/output/elasticity/20260916_194317_elasticity_Transolver_train,base,100,100,7,8,1
elasticity,/home/hwz/Transolver/LINEARNO/monitor/analysis/transolver_monitor_output_20260917_074049/LINEARNO/monitor/output/elasticity/20260916_194317_elasticity_Transolver_train,base,100,100,8,1,0.9999776296
elasticity,/home/hwz/Transolver/LINEARNO/monitor/analysis/transolver_monitor_output_20260917_074049/LINEARNO/monitor/output/elasticity/20260916_194317_elasticity_Transolver_train,base,100,100,8,2,0.4510929938
elasticity,/home/hwz/Transolver/LINEARNO/monitor/analysis/transolver_monitor_output_20260917_074049/LINEARNO/monitor/output/elasticity/20260916_194317_elasticity_Transolver_train,base,100,100,8,3,0.5577438716
elasticity,/home/hwz/Transolver/LINEARNO/monitor/analysis/transolver_monitor_output_20260917_074049/LINEARNO/monitor/output/elasticity/20260916_194317_elasticity_Transolver_train,base,100,100,8,4,0.4524545148
elasticity,/home/hwz/Transolver/LINEARNO/monitor/analysis/transolver_monitor_output_20260917_074049/LINEARNO/monitor/output/elasticity/20260916_194317_elasticity_Transolver_train,base,100,100,8,5,0.5152280228
elasticity,/home/hwz/Transolver/LINEARNO/monitor/analysis/transolver_monitor_output_20260917_074049/LINEARNO/monitor/output/elasticity/20260916_194317_elasticity_Transolver_train,base,100,100,8,6,0.6769234668
elasticity,/home/hwz/Transolver/LINEARNO/monitor/analysis/transolver_monitor_output_20260917_074049/LINEARNO/monitor/output/elasticity/20260916_194317_elasticity_Transolver_train,base,100,100,8,7,1
elasticity,/home/hwz/Transolver/LINEARNO/monitor/analysis/transolver_monitor_output_20260917_074049/LINEARNO/monitor/output/elasticity/20260916_194317_elasticity_Transolver_train,base,100,100,8,8,1
elasticity,/home/hwz/Transolver/LINEARNO/monitor/analysis/transolver_monitor_output_20260917_074049/LINEARNO/monitor/output/elasticity/20260916_194317_elasticity_Transolver_train,base,200,200,1,1,1
elasticity,/home/hwz/Transolver/LINEARNO/monitor/analysis/transolver_monitor_output_20260917_074049/LINEARNO/monitor/output/elasticity/20260916_194317_elasticity_Transolver_train,base,200,200,1,2,0.4902472934
elasticity,/home/hwz/Transolver/LINEARNO/monitor/analysis/transolver_monitor_output_20260917_074049/LINEARNO/monitor/output/elasticity/20260916_194317_elasticity_Transolver_train,base,200,200,1,3,0.5507883411
elasticity,/home/hwz/Transolver/LINEARNO/monitor/analysis/transolver_monitor_output_20260917_074049/LINEARNO/monitor/output/elasticity/20260916_194317_elasticity_Transolver_train,base,200,200,1,4,0.4472931698
elasticity,/home/hwz/Transolver/LINEARNO/monitor/analysis/transolver_monitor_output_20260917_074049/LINEARNO/monitor/output/elasticity/20260916_194317_elasticity_Transolver_train,base,200,200,1,5,0.510459369
elasticity,/home/hwz/Transolver/LINEARNO/monitor/analysis/transolver_monitor_output_20260917_074049/LINEARNO/monitor/output/elasticity/20260916_194317_elasticity_Transolver_train,base,200,200,1,6,0.6569561232
elasticity,/home/hwz/Transolver/LINEARNO/monitor/analysis/transolver_monitor_output_20260917_074049/LINEARNO/monitor/output/elasticity/20260916_194317_elasticity_Transolver_train,base,200,200,1,7,1
elasticity,/home/hwz/Transolver/LINEARNO/monitor/analysis/transolver_monitor_output_20260917_074049/LINEARNO/monitor/output/elasticity/20260916_194317_elasticity_Transolver_train,base,200,200,1,8,1
elasticity,/home/hwz/Transolver/LINEARNO/monitor/analysis/transolver_monitor_output_20260917_074049/LINEARNO/monitor/output/elasticity/20260916_194317_elasticity_Transolver_train,base,200,200,2,1,0.4902472934
elasticity,/home/hwz/Transolver/LINEARNO/monitor/analysis/transolver_monitor_output_20260917_074049/LINEARNO/monitor/output/elasticity/20260916_194317_elasticity_Transolver_train,base,200,200,2,2,1
elasticity,/home/hwz/Transolver/LINEARNO/monitor/analysis/transolver_monitor_output_20260917_074049/LINEARNO/monitor/output/elasticity/20260916_194317_elasticity_Transolver_train,base,200,200,2,3,0.6264648158
elasticity,/home/hwz/Transolver/LINEARNO/monitor/analysis/transolver_monitor_output_20260917_074049/LINEARNO/monitor/output/elasticity/20260916_194317_elasticity_Transolver_train,base,200,200,2,4,0.5457426775
elasticity,/home/hwz/Transolver/LINEARNO/monitor/analysis/transolver_monitor_output_20260917_074049/LINEARNO/monitor/output/elasticity/20260916_194317_elasticity_Transolver_train,base,200,200,2,5,0.5397004429
elasticity,/home/hwz/Transolver/LINEARNO/monitor/analysis/transolver_monitor_output_20260917_074049/LINEARNO/monitor/output/elasticity/20260916_194317_elasticity_Transolver_train,base,200,200,2,6,0.4695870942
elasticity,/home/hwz/Transolver/LINEARNO/monitor/analysis/transolver_monitor_output_20260917_074049/LINEARNO/monitor/output/elasticity/20260916_194317_elasticity_Transolver_train,base,200,200,2,7,0.4898517234
elasticity,/home/hwz/Transolver/LINEARNO/monitor/analysis/transolver_monitor_output_20260917_074049/LINEARNO/monitor/output/elasticity/20260916_194317_elasticity_Transolver_train,base,200,200,2,8,0.4898513071
elasticity,/home/hwz/Transolver/LINEARNO/monitor/analysis/transolver_monitor_output_20260917_074049/LINEARNO/monitor/output/elasticity/20260916_194317_elasticity_Transolver_train,base,200,200,3,1,0.5507883411
elasticity,/home/hwz/Transolver/LINEARNO/monitor/analysis/transolver_monitor_output_20260917_074049/LINEARNO/monitor/output/elasticity/20260916_194317_elasticity_Transolver_train,base,200,200,3,2,0.6264648158
elasticity,/home/hwz/Transolver/LINEARNO/monitor/analysis/transolver_monitor_output_20260917_074049/LINEARNO/monitor/output/elasticity/20260916_194317_elasticity_Transolver_train,base,200,200,3,3,1
elasticity,/home/hwz/Transolver/LINEARNO/monitor/analysis/transolver_monitor_output_20260917_074049/LINEARNO/monitor/output/elasticity/20260916_194317_elasticity_Transolver_train,base,200,200,3,4,0.6396601899
elasticity,/home/hwz/Transolver/LINEARNO/monitor/analysis/transolver_monitor_output_20260917_074049/LINEARNO/monitor/output/elasticity/20260916_194317_elasticity_Transolver_train,base,200,200,3,5,0.6419235487
elasticity,/home/hwz/Transolver/LINEARNO/monitor/analysis/transolver_monitor_output_20260917_074049/LINEARNO/monitor/output/elasticity/20260916_194317_elasticity_Transolver_train,base,200,200,3,6,0.5743475659
elasticity,/home/hwz/Transolver/LINEARNO/monitor/analysis/transolver_monitor_output_20260917_074049/LINEARNO/monitor/output/elasticity/20260916_194317_elasticity_Transolver_train,base,200,200,3,7,0.5503938617
elasticity,/home/hwz/Transolver/LINEARNO/monitor/analysis/transolver_monitor_output_20260917_074049/LINEARNO/monitor/output/elasticity/20260916_194317_elasticity_Transolver_train,base,200,200,3,8,0.5503934324
elasticity,/home/hwz/Transolver/LINEARNO/monitor/analysis/transolver_monitor_output_20260917_074049/LINEARNO/monitor/output/elasticity/20260916_194317_elasticity_Transolver_train,base,200,200,4,1,0.4472931698
elasticity,/home/hwz/Transolver/LINEARNO/monitor/analysis/transolver_monitor_output_20260917_074049/LINEARNO/monitor/output/elasticity/20260916_194317_elasticity_Transolver_train,base,200,200,4,2,0.5457426775
elasticity,/home/hwz/Transolver/LINEARNO/monitor/analysis/transolver_monitor_output_20260917_074049/LINEARNO/monitor/output/elasticity/20260916_194317_elasticity_Transolver_train,base,200,200,4,3,0.6396601899
elasticity,/home/hwz/Transolver/LINEARNO/monitor/analysis/transolver_monitor_output_20260917_074049/LINEARNO/monitor/output/elasticity/20260916_194317_elasticity_Transolver_train,base,200,200,4,4,1
elasticity,/home/hwz/Transolver/LINEARNO/monitor/analysis/transolver_monitor_output_20260917_074049/LINEARNO/monitor/output/elasticity/20260916_194317_elasticity_Transolver_train,base,200,200,4,5,0.5309642814
elasticity,/home/hwz/Transolver/LINEARNO/monitor/analysis/transolver_monitor_output_20260917_074049/LINEARNO/monitor/output/elasticity/20260916_194317_elasticity_Transolver_train,base,200,200,4,6,0.5057355687
elasticity,/home/hwz/Transolver/LINEARNO/monitor/analysis/transolver_monitor_output_20260917_074049/LINEARNO/monitor/output/elasticity/20260916_194317_elasticity_Transolver_train,base,200,200,4,7,0.4470090168
elasticity,/home/hwz/Transolver/LINEARNO/monitor/analysis/transolver_monitor_output_20260917_074049/LINEARNO/monitor/output/elasticity/20260916_194317_elasticity_Transolver_train,base,200,200,4,8,0.4470086787
elasticity,/home/hwz/Transolver/LINEARNO/monitor/analysis/transolver_monitor_output_20260917_074049/LINEARNO/monitor/output/elasticity/20260916_194317_elasticity_Transolver_train,base,200,200,5,1,0.510459369
elasticity,/home/hwz/Transolver/LINEARNO/monitor/analysis/transolver_monitor_output_20260917_074049/LINEARNO/monitor/output/elasticity/20260916_194317_elasticity_Transolver_train,base,200,200,5,2,0.5397004429
elasticity,/home/hwz/Transolver/LINEARNO/monitor/analysis/transolver_monitor_output_20260917_074049/LINEARNO/monitor/output/elasticity/20260916_194317_elasticity_Transolver_train,base,200,200,5,3,0.6419235487
elasticity,/home/hwz/Transolver/LINEARNO/monitor/analysis/transolver_monitor_output_20260917_074049/LINEARNO/monitor/output/elasticity/20260916_194317_elasticity_Transolver_train,base,200,200,5,4,0.5309642814
elasticity,/home/hwz/Transolver/LINEARNO/monitor/analysis/transolver_monitor_output_20260917_074049/LINEARNO/monitor/output/elasticity/20260916_194317_elasticity_Transolver_train,base,200,200,5,5,1
elasticity,/home/hwz/Transolver/LINEARNO/monitor/analysis/transolver_monitor_output_20260917_074049/LINEARNO/monitor/output/elasticity/20260916_194317_elasticity_Transolver_train,base,200,200,5,6,0.5455628708
elasticity,/home/hwz/Transolver/LINEARNO/monitor/analysis/transolver_monitor_output_20260917_074049/LINEARNO/monitor/output/elasticity/20260916_194317_elasticity_Transolver_train,base,200,200,5,7,0.5101304697
elasticity,/home/hwz/Transolver/LINEARNO/monitor/analysis/transolver_monitor_output_20260917_074049/LINEARNO/monitor/output/elasticity/20260916_194317_elasticity_Transolver_train,base,200,200,5,8,0.5101301121
elasticity,/home/hwz/Transolver/LINEARNO/monitor/analysis/transolver_monitor_output_20260917_074049/LINEARNO/monitor/output/elasticity/20260916_194317_elasticity_Transolver_train,base,200,200,6,1,0.6569561232
elasticity,/home/hwz/Transolver/LINEARNO/monitor/analysis/transolver_monitor_output_20260917_074049/LINEARNO/monitor/output/elasticity/20260916_194317_elasticity_Transolver_train,base,200,200,6,2,0.4695870942
elasticity,/home/hwz/Transolver/LINEARNO/monitor/analysis/transolver_monitor_output_20260917_074049/LINEARNO/monitor/output/elasticity/20260916_194317_elasticity_Transolver_train,base,200,200,6,3,0.5743475659
elasticity,/home/hwz/Transolver/LINEARNO/monitor/analysis/transolver_monitor_output_20260917_074049/LINEARNO/monitor/output/elasticity/20260916_194317_elasticity_Transolver_train,base,200,200,6,4,0.5057355687
elasticity,/home/hwz/Transolver/LINEARNO/monitor/analysis/transolver_monitor_output_20260917_074049/LINEARNO/monitor/output/elasticity/20260916_194317_elasticity_Transolver_train,base,200,200,6,5,0.5455628708
elasticity,/home/hwz/Transolver/LINEARNO/monitor/analysis/transolver_monitor_output_20260917_074049/LINEARNO/monitor/output/elasticity/20260916_194317_elasticity_Transolver_train,base,200,200,6,6,1
elasticity,/home/hwz/Transolver/LINEARNO/monitor/analysis/transolver_monitor_output_20260917_074049/LINEARNO/monitor/output/elasticity/20260916_194317_elasticity_Transolver_train,base,200,200,6,7,0.6568175349
elasticity,/home/hwz/Transolver/LINEARNO/monitor/analysis/transolver_monitor_output_20260917_074049/LINEARNO/monitor/output/elasticity/20260916_194317_elasticity_Transolver_train,base,200,200,6,8,0.6568171009
elasticity,/home/hwz/Transolver/LINEARNO/monitor/analysis/transolver_monitor_output_20260917_074049/LINEARNO/monitor/output/elasticity/20260916_194317_elasticity_Transolver_train,base,200,200,7,1,1
elasticity,/home/hwz/Transolver/LINEARNO/monitor/analysis/transolver_monitor_output_20260917_074049/LINEARNO/monitor/output/elasticity/20260916_194317_elasticity_Transolver_train,base,200,200,7,2,0.4898517234
elasticity,/home/hwz/Transolver/LINEARNO/monitor/analysis/transolver_monitor_output_20260917_074049/LINEARNO/monitor/output/elasticity/20260916_194317_elasticity_Transolver_train,base,200,200,7,3,0.5503938617
elasticity,/home/hwz/Transolver/LINEARNO/monitor/analysis/transolver_monitor_output_20260917_074049/LINEARNO/monitor/output/elasticity/20260916_194317_elasticity_Transolver_train,base,200,200,7,4,0.4470090168
elasticity,/home/hwz/Transolver/LINEARNO/monitor/analysis/transolver_monitor_output_20260917_074049/LINEARNO/monitor/output/elasticity/20260916_194317_elasticity_Transolver_train,base,200,200,7,5,0.5101304697
elasticity,/home/hwz/Transolver/LINEARNO/monitor/analysis/transolver_monitor_output_20260917_074049/LINEARNO/monitor/output/elasticity/20260916_194317_elasticity_Transolver_train,base,200,200,7,6,0.6568175349
elasticity,/home/hwz/Transolver/LINEARNO/monitor/analysis/transolver_monitor_output_20260917_074049/LINEARNO/monitor/output/elasticity/20260916_194317_elasticity_Transolver_train,base,200,200,7,7,1
elasticity,/home/hwz/Transolver/LINEARNO/monitor/analysis/transolver_monitor_output_20260917_074049/LINEARNO/monitor/output/elasticity/20260916_194317_elasticity_Transolver_train,base,200,200,7,8,1
elasticity,/home/hwz/Transolver/LINEARNO/monitor/analysis/transolver_monitor_output_20260917_074049/LINEARNO/monitor/output/elasticity/20260916_194317_elasticity_Transolver_train,base,200,200,8,1,1
elasticity,/home/hwz/Transolver/LINEARNO/monitor/analysis/transolver_monitor_output_20260917_074049/LINEARNO/monitor/output/elasticity/20260916_194317_elasticity_Transolver_train,base,200,200,8,2,0.4898513071
elasticity,/home/hwz/Transolver/LINEARNO/monitor/analysis/transolver_monitor_output_20260917_074049/LINEARNO/monitor/output/elasticity/20260916_194317_elasticity_Transolver_train,base,200,200,8,3,0.5503934324
elasticity,/home/hwz/Transolver/LINEARNO/monitor/analysis/transolver_monitor_output_20260917_074049/LINEARNO/monitor/output/elasticity/20260916_194317_elasticity_Transolver_train,base,200,200,8,4,0.4470086787
elasticity,/home/hwz/Transolver/LINEARNO/monitor/analysis/transolver_monitor_output_20260917_074049/LINEARNO/monitor/output/elasticity/20260916_194317_elasticity_Transolver_train,base,200,200,8,5,0.5101301121
elasticity,/home/hwz/Transolver/LINEARNO/monitor/analysis/transolver_monitor_output_20260917_074049/LINEARNO/monitor/output/elasticity/20260916_194317_elasticity_Transolver_train,base,200,200,8,6,0.6568171009
elasticity,/home/hwz/Transolver/LINEARNO/monitor/analysis/transolver_monitor_output_20260917_074049/LINEARNO/monitor/output/elasticity/20260916_194317_elasticity_Transolver_train,base,200,200,8,7,1
elasticity,/home/hwz/Transolver/LINEARNO/monitor/analysis/transolver_monitor_output_20260917_074049/LINEARNO/monitor/output/elasticity/20260916_194317_elasticity_Transolver_train,base,200,200,8,8,1
elasticity,/home/hwz/Transolver/LINEARNO/monitor/analysis/transolver_monitor_output_20260917_074049/LINEARNO/monitor/output/elasticity/20260916_194317_elasticity_Transolver_train,base,300,300,1,1,1
elasticity,/home/hwz/Transolver/LINEARNO/monitor/analysis/transolver_monitor_output_20260917_074049/LINEARNO/monitor/output/elasticity/20260916_194317_elasticity_Transolver_train,base,300,300,1,2,0.5096927397
elasticity,/home/hwz/Transolver/LINEARNO/monitor/analysis/transolver_monitor_output_20260917_074049/LINEARNO/monitor/output/elasticity/20260916_194317_elasticity_Transolver_train,base,300,300,1,3,0.5427183444
elasticity,/home/hwz/Transolver/LINEARNO/monitor/analysis/transolver_monitor_output_20260917_074049/LINEARNO/monitor/output/elasticity/20260916_194317_elasticity_Transolver_train,base,300,300,1,4,0.4459014907
elasticity,/home/hwz/Transolver/LINEARNO/monitor/analysis/transolver_monitor_output_20260917_074049/LINEARNO/monitor/output/elasticity/20260916_194317_elasticity_Transolver_train,base,300,300,1,5,0.5067760833
elasticity,/home/hwz/Transolver/LINEARNO/monitor/analysis/transolver_monitor_output_20260917_074049/LINEARNO/monitor/output/elasticity/20260916_194317_elasticity_Transolver_train,base,300,300,1,6,0.6516019963
elasticity,/home/hwz/Transolver/LINEARNO/monitor/analysis/transolver_monitor_output_20260917_074049/LINEARNO/monitor/output/elasticity/20260916_194317_elasticity_Transolver_train,base,300,300,1,7,1
elasticity,/home/hwz/Transolver/LINEARNO/monitor/analysis/transolver_monitor_output_20260917_074049/LINEARNO/monitor/output/elasticity/20260916_194317_elasticity_Transolver_train,base,300,300,1,8,1
elasticity,/home/hwz/Transolver/LINEARNO/monitor/analysis/transolver_monitor_output_20260917_074049/LINEARNO/monitor/output/elasticity/20260916_194317_elasticity_Transolver_train,base,300,300,2,1,0.5096927397
elasticity,/home/hwz/Transolver/LINEARNO/monitor/analysis/transolver_monitor_output_20260917_074049/LINEARNO/monitor/output/elasticity/20260916_194317_elasticity_Transolver_train,base,300,300,2,2,1
elasticity,/home/hwz/Transolver/LINEARNO/monitor/analysis/transolver_monitor_output_20260917_074049/LINEARNO/monitor/output/elasticity/20260916_194317_elasticity_Transolver_train,base,300,300,2,3,0.6540050087
elasticity,/home/hwz/Transolver/LINEARNO/monitor/analysis/transolver_monitor_output_20260917_074049/LINEARNO/monitor/output/elasticity/20260916_194317_elasticity_Transolver_train,base,300,300,2,4,0.5673562232
elasticity,/home/hwz/Transolver/LINEARNO/monitor/analysis/transolver_monitor_output_20260917_074049/LINEARNO/monitor/output/elasticity/20260916_194317_elasticity_Transolver_train,base,300,300,2,5,0.5538639799
elasticity,/home/hwz/Transolver/LINEARNO/monitor/analysis/transolver_monitor_output_20260917_074049/LINEARNO/monitor/output/elasticity/20260916_194317_elasticity_Transolver_train,base,300,300,2,6,0.485509702
elasticity,/home/hwz/Transolver/LINEARNO/monitor/analysis/transolver_monitor_output_20260917_074049/LINEARNO/monitor/output/elasticity/20260916_194317_elasticity_Transolver_train,base,300,300,2,7,0.5096868062
elasticity,/home/hwz/Transolver/LINEARNO/monitor/analysis/transolver_monitor_output_20260917_074049/LINEARNO/monitor/output/elasticity/20260916_194317_elasticity_Transolver_train,base,300,300,2,8,0.5096867634
elasticity,/home/hwz/Transolver/LINEARNO/monitor/analysis/transolver_monitor_output_20260917_074049/LINEARNO/monitor/output/elasticity/20260916_194317_elasticity_Transolver_train,base,300,300,3,1,0.5427183444
elasticity,/home/hwz/Transolver/LINEARNO/monitor/analysis/transolver_monitor_output_20260917_074049/LINEARNO/monitor/output/elasticity/20260916_194317_elasticity_Transolver_train,base,300,300,3,2,0.6540050087
elasticity,/home/hwz/Transolver/LINEARNO/monitor/analysis/transolver_monitor_output_20260917_074049/LINEARNO/monitor/output/elasticity/20260916_194317_elasticity_Transolver_train,base,300,300,3,3,1
elasticity,/home/hwz/Transolver/LINEARNO/monitor/analysis/transolver_monitor_output_20260917_074049/LINEARNO/monitor/output/elasticity/20260916_194317_elasticity_Transolver_train,base,300,300,3,4,0.6415525954
elasticity,/home/hwz/Transolver/LINEARNO/monitor/analysis/transolver_monitor_output_20260917_074049/LINEARNO/monitor/output/elasticity/20260916_194317_elasticity_Transolver_train,base,300,300,3,5,0.6431889273
elasticity,/home/hwz/Transolver/LINEARNO/monitor/analysis/transolver_monitor_output_20260917_074049/LINEARNO/monitor/output/elasticity/20260916_194317_elasticity_Transolver_train,base,300,300,3,6,0.5713682799
elasticity,/home/hwz/Transolver/LINEARNO/monitor/analysis/transolver_monitor_output_20260917_074049/LINEARNO/monitor/output/elasticity/20260916_194317_elasticity_Transolver_train,base,300,300,3,7,0.5427125087
elasticity,/home/hwz/Transolver/LINEARNO/monitor/analysis/transolver_monitor_output_20260917_074049/LINEARNO/monitor/output/elasticity/20260916_194317_elasticity_Transolver_train,base,300,300,3,8,0.5427124938
elasticity,/home/hwz/Transolver/LINEARNO/monitor/analysis/transolver_monitor_output_20260917_074049/LINEARNO/monitor/output/elasticity/20260916_194317_elasticity_Transolver_train,base,300,300,4,1,0.4459014907
elasticity,/home/hwz/Transolver/LINEARNO/monitor/analysis/transolver_monitor_output_20260917_074049/LINEARNO/monitor/output/elasticity/20260916_194317_elasticity_Transolver_train,base,300,300,4,2,0.5673562232
elasticity,/home/hwz/Transolver/LINEARNO/monitor/analysis/transolver_monitor_output_20260917_074049/LINEARNO/monitor/output/elasticity/20260916_194317_elasticity_Transolver_train,base,300,300,4,3,0.6415525954
elasticity,/home/hwz/Transolver/LINEARNO/monitor/analysis/transolver_monitor_output_20260917_074049/LINEARNO/monitor/output/elasticity/20260916_194317_elasticity_Transolver_train,base,300,300,4,4,1
elasticity,/home/hwz/Transolver/LINEARNO/monitor/analysis/transolver_monitor_output_20260917_074049/LINEARNO/monitor/output/elasticity/20260916_194317_elasticity_Transolver_train,base,300,300,4,5,0.5407160474
elasticity,/home/hwz/Transolver/LINEARNO/monitor/analysis/transolver_monitor_output_20260917_074049/LINEARNO/monitor/output/elasticity/20260916_194317_elasticity_Transolver_train,base,300,300,4,6,0.5049985549
elasticity,/home/hwz/Transolver/LINEARNO/monitor/analysis/transolver_monitor_output_20260917_074049/LINEARNO/monitor/output/elasticity/20260916_194317_elasticity_Transolver_train,base,300,300,4,7,0.4458963992
elasticity,/home/hwz/Transolver/LINEARNO/monitor/analysis/transolver_monitor_output_20260917_074049/LINEARNO/monitor/output/elasticity/20260916_194317_elasticity_Transolver_train,base,300,300,4,8,0.4458963973
elasticity,/home/hwz/Transolver/LINEARNO/monitor/analysis/transolver_monitor_output_20260917_074049/LINEARNO/monitor/output/elasticity/20260916_194317_elasticity_Transolver_train,base,300,300,5,1,0.5067760833
elasticity,/home/hwz/Transolver/LINEARNO/monitor/analysis/transolver_monitor_output_20260917_074049/LINEARNO/monitor/output/elasticity/20260916_194317_elasticity_Transolver_train,base,300,300,5,2,0.5538639799
elasticity,/home/hwz/Transolver/LINEARNO/monitor/analysis/transolver_monitor_output_20260917_074049/LINEARNO/monitor/output/elasticity/20260916_194317_elasticity_Transolver_train,base,300,300,5,3,0.6431889273
elasticity,/home/hwz/Transolver/LINEARNO/monitor/analysis/transolver_monitor_output_20260917_074049/LINEARNO/monitor/output/elasticity/20260916_194317_elasticity_Transolver_train,base,300,300,5,4,0.5407160474
elasticity,/home/hwz/Transolver/LINEARNO/monitor/analysis/transolver_monitor_output_20260917_074049/LINEARNO/monitor/output/elasticity/20260916_194317_elasticity_Transolver_train,base,300,300,5,5,1
elasticity,/home/hwz/Transolver/LINEARNO/monitor/analysis/transolver_monitor_output_20260917_074049/LINEARNO/monitor/output/elasticity/20260916_194317_elasticity_Transolver_train,base,300,300,5,6,0.5452385265
elasticity,/home/hwz/Transolver/LINEARNO/monitor/analysis/transolver_monitor_output_20260917_074049/LINEARNO/monitor/output/elasticity/20260916_194317_elasticity_Transolver_train,base,300,300,5,7,0.5067711659
elasticity,/home/hwz/Transolver/LINEARNO/monitor/analysis/transolver_monitor_output_20260917_074049/LINEARNO/monitor/output/elasticity/20260916_194317_elasticity_Transolver_train,base,300,300,5,8,0.5067711836
elasticity,/home/hwz/Transolver/LINEARNO/monitor/analysis/transolver_monitor_output_20260917_074049/LINEARNO/monitor/output/elasticity/20260916_194317_elasticity_Transolver_train,base,300,300,6,1,0.6516019963
elasticity,/home/hwz/Transolver/LINEARNO/monitor/analysis/transolver_monitor_output_20260917_074049/LINEARNO/monitor/output/elasticity/20260916_194317_elasticity_Transolver_train,base,300,300,6,2,0.485509702
elasticity,/home/hwz/Transolver/LINEARNO/monitor/analysis/transolver_monitor_output_20260917_074049/LINEARNO/monitor/output/elasticity/20260916_194317_elasticity_Transolver_train,base,300,300,6,3,0.5713682799
elasticity,/home/hwz/Transolver/LINEARNO/monitor/analysis/transolver_monitor_output_20260917_074049/LINEARNO/monitor/output/elasticity/20260916_194317_elasticity_Transolver_train,base,300,300,6,4,0.5049985549
elasticity,/home/hwz/Transolver/LINEARNO/monitor/analysis/transolver_monitor_output_20260917_074049/LINEARNO/monitor/output/elasticity/20260916_194317_elasticity_Transolver_train,base,300,300,6,5,0.5452385265
elasticity,/home/hwz/Transolver/LINEARNO/monitor/analysis/transolver_monitor_output_20260917_074049/LINEARNO/monitor/output/elasticity/20260916_194317_elasticity_Transolver_train,base,300,300,6,6,1
elasticity,/home/hwz/Transolver/LINEARNO/monitor/analysis/transolver_monitor_output_20260917_074049/LINEARNO/monitor/output/elasticity/20260916_194317_elasticity_Transolver_train,base,300,300,6,7,0.6515983362
elasticity,/home/hwz/Transolver/LINEARNO/monitor/analysis/transolver_monitor_output_20260917_074049/LINEARNO/monitor/output/elasticity/20260916_194317_elasticity_Transolver_train,base,300,300,6,8,0.6515983585
elasticity,/home/hwz/Transolver/LINEARNO/monitor/analysis/transolver_monitor_output_20260917_074049/LINEARNO/monitor/output/elasticity/20260916_194317_elasticity_Transolver_train,base,300,300,7,1,1
elasticity,/home/hwz/Transolver/LINEARNO/monitor/analysis/transolver_monitor_output_20260917_074049/LINEARNO/monitor/output/elasticity/20260916_194317_elasticity_Transolver_train,base,300,300,7,2,0.5096868062
elasticity,/home/hwz/Transolver/LINEARNO/monitor/analysis/transolver_monitor_output_20260917_074049/LINEARNO/monitor/output/elasticity/20260916_194317_elasticity_Transolver_train,base,300,300,7,3,0.5427125087
elasticity,/home/hwz/Transolver/LINEARNO/monitor/analysis/transolver_monitor_output_20260917_074049/LINEARNO/monitor/output/elasticity/20260916_194317_elasticity_Transolver_train,base,300,300,7,4,0.4458963992
elasticity,/home/hwz/Transolver/LINEARNO/monitor/analysis/transolver_monitor_output_20260917_074049/LINEARNO/monitor/output/elasticity/20260916_194317_elasticity_Transolver_train,base,300,300,7,5,0.5067711659
elasticity,/home/hwz/Transolver/LINEARNO/monitor/analysis/transolver_monitor_output_20260917_074049/LINEARNO/monitor/output/elasticity/20260916_194317_elasticity_Transolver_train,base,300,300,7,6,0.6515983362
elasticity,/home/hwz/Transolver/LINEARNO/monitor/analysis/transolver_monitor_output_20260917_074049/LINEARNO/monitor/output/elasticity/20260916_194317_elasticity_Transolver_train,base,300,300,7,7,1
elasticity,/home/hwz/Transolver/LINEARNO/monitor/analysis/transolver_monitor_output_20260917_074049/LINEARNO/monitor/output/elasticity/20260916_194317_elasticity_Transolver_train,base,300,300,7,8,1
elasticity,/home/hwz/Transolver/LINEARNO/monitor/analysis/transolver_monitor_output_20260917_074049/LINEARNO/monitor/output/elasticity/20260916_194317_elasticity_Transolver_train,base,300,300,8,1,1
elasticity,/home/hwz/Transolver/LINEARNO/monitor/analysis/transolver_monitor_output_20260917_074049/LINEARNO/monitor/output/elasticity/20260916_194317_elasticity_Transolver_train,base,300,300,8,2,0.5096867634
elasticity,/home/hwz/Transolver/LINEARNO/monitor/analysis/transolver_monitor_output_20260917_074049/LINEARNO/monitor/output/elasticity/20260916_194317_elasticity_Transolver_train,base,300,300,8,3,0.5427124938
elasticity,/home/hwz/Transolver/LINEARNO/monitor/analysis/transolver_monitor_output_20260917_074049/LINEARNO/monitor/output/elasticity/20260916_194317_elasticity_Transolver_train,base,300,300,8,4,0.4458963973
elasticity,/home/hwz/Transolver/LINEARNO/monitor/analysis/transolver_monitor_output_20260917_074049/LINEARNO/monitor/output/elasticity/20260916_194317_elasticity_Transolver_train,base,300,300,8,5,0.5067711836
elasticity,/home/hwz/Transolver/LINEARNO/monitor/analysis/transolver_monitor_output_20260917_074049/LINEARNO/monitor/output/elasticity/20260916_194317_elasticity_Transolver_train,base,300,300,8,6,0.6515983585
elasticity,/home/hwz/Transolver/LINEARNO/monitor/analysis/transolver_monitor_output_20260917_074049/LINEARNO/monitor/output/elasticity/20260916_194317_elasticity_Transolver_train,base,300,300,8,7,1
elasticity,/home/hwz/Transolver/LINEARNO/monitor/analysis/transolver_monitor_output_20260917_074049/LINEARNO/monitor/output/elasticity/20260916_194317_elasticity_Transolver_train,base,300,300,8,8,1
elasticity,/home/hwz/Transolver/LINEARNO/monitor/analysis/transolver_monitor_output_20260917_074049/LINEARNO/monitor/output/elasticity/20260916_194317_elasticity_Transolver_train,base,400,400,1,1,1
elasticity,/home/hwz/Transolver/LINEARNO/monitor/analysis/transolver_monitor_output_20260917_074049/LINEARNO/monitor/output/elasticity/20260916_194317_elasticity_Transolver_train,base,400,400,1,2,0.5052522784
elasticity,/home/hwz/Transolver/LINEARNO/monitor/analysis/transolver_monitor_output_20260917_074049/LINEARNO/monitor/output/elasticity/20260916_194317_elasticity_Transolver_train,base,400,400,1,3,0.5348223085
elasticity,/home/hwz/Transolver/LINEARNO/monitor/analysis/transolver_monitor_output_20260917_074049/LINEARNO/monitor/output/elasticity/20260916_194317_elasticity_Transolver_train,base,400,400,1,4,0.4467930291
elasticity,/home/hwz/Transolver/LINEARNO/monitor/analysis/transolver_monitor_output_20260917_074049/LINEARNO/monitor/output/elasticity/20260916_194317_elasticity_Transolver_train,base,400,400,1,5,0.5078230062
elasticity,/home/hwz/Transolver/LINEARNO/monitor/analysis/transolver_monitor_output_20260917_074049/LINEARNO/monitor/output/elasticity/20260916_194317_elasticity_Transolver_train,base,400,400,1,6,0.6498413347
elasticity,/home/hwz/Transolver/LINEARNO/monitor/analysis/transolver_monitor_output_20260917_074049/LINEARNO/monitor/output/elasticity/20260916_194317_elasticity_Transolver_train,base,400,400,1,7,1
elasticity,/home/hwz/Transolver/LINEARNO/monitor/analysis/transolver_monitor_output_20260917_074049/LINEARNO/monitor/output/elasticity/20260916_194317_elasticity_Transolver_train,base,400,400,1,8,1
elasticity,/home/hwz/Transolver/LINEARNO/monitor/analysis/transolver_monitor_output_20260917_074049/LINEARNO/monitor/output/elasticity/20260916_194317_elasticity_Transolver_train,base,400,400,2,1,0.5052522784
elasticity,/home/hwz/Transolver/LINEARNO/monitor/analysis/transolver_monitor_output_20260917_074049/LINEARNO/monitor/output/elasticity/20260916_194317_elasticity_Transolver_train,base,400,400,2,2,1
elasticity,/home/hwz/Transolver/LINEARNO/monitor/analysis/transolver_monitor_output_20260917_074049/LINEARNO/monitor/output/elasticity/20260916_194317_elasticity_Transolver_train,base,400,400,2,3,0.6423865668
elasticity,/home/hwz/Transolver/LINEARNO/monitor/analysis/transolver_monitor_output_20260917_074049/LINEARNO/monitor/output/elasticity/20260916_194317_elasticity_Transolver_train,base,400,400,2,4,0.5529407319
elasticity,/home/hwz/Transolver/LINEARNO/monitor/analysis/transolver_monitor_output_20260917_074049/LINEARNO/monitor/output/elasticity/20260916_194317_elasticity_Transolver_train,base,400,400,2,5,0.5525965169
elasticity,/home/hwz/Transolver/LINEARNO/monitor/analysis/transolver_monitor_output_20260917_074049/LINEARNO/monitor/output/elasticity/20260916_194317_elasticity_Transolver_train,base,400,400,2,6,0.4796764711
elasticity,/home/hwz/Transolver/LINEARNO/monitor/analysis/transolver_monitor_output_20260917_074049/LINEARNO/monitor/output/elasticity/20260916_194317_elasticity_Transolver_train,base,400,400,2,7,0.5052495534
elasticity,/home/hwz/Transolver/LINEARNO/monitor/analysis/transolver_monitor_output_20260917_074049/LINEARNO/monitor/output/elasticity/20260916_194317_elasticity_Transolver_train,base,400,400,2,8,0.5052494919
elasticity,/home/hwz/Transolver/LINEARNO/monitor/analysis/transolver_monitor_output_20260917_074049/LINEARNO/monitor/output/elasticity/20260916_194317_elasticity_Transolver_train,base,400,400,3,1,0.5348223085
elasticity,/home/hwz/Transolver/LINEARNO/monitor/analysis/transolver_monitor_output_20260917_074049/LINEARNO/monitor/output/elasticity/20260916_194317_elasticity_Transolver_train,base,400,400,3,2,0.6423865668
elasticity,/home/hwz/Transolver/LINEARNO/monitor/analysis/transolver_monitor_output_20260917_074049/LINEARNO/monitor/output/elasticity/20260916_194317_elasticity_Transolver_train,base,400,400,3,3,1
elasticity,/home/hwz/Transolver/LINEARNO/monitor/analysis/transolver_monitor_output_20260917_074049/LINEARNO/monitor/output/elasticity/20260916_194317_elasticity_Transolver_train,base,400,400,3,4,0.6445411285
elasticity,/home/hwz/Transolver/LINEARNO/monitor/analysis/transolver_monitor_output_20260917_074049/LINEARNO/monitor/output/elasticity/20260916_194317_elasticity_Transolver_train,base,400,400,3,5,0.6468929639
elasticity,/home/hwz/Transolver/LINEARNO/monitor/analysis/transolver_monitor_output_20260917_074049/LINEARNO/monitor/output/elasticity/20260916_194317_elasticity_Transolver_train,base,400,400,3,6,0.5708157271
elasticity,/home/hwz/Transolver/LINEARNO/monitor/analysis/transolver_monitor_output_20260917_074049/LINEARNO/monitor/output/elasticity/20260916_194317_elasticity_Transolver_train,base,400,400,3,7,0.5348195238
elasticity,/home/hwz/Transolver/LINEARNO/monitor/analysis/transolver_monitor_output_20260917_074049/LINEARNO/monitor/output/elasticity/20260916_194317_elasticity_Transolver_train,base,400,400,3,8,0.5348194949
elasticity,/home/hwz/Transolver/LINEARNO/monitor/analysis/transolver_monitor_output_20260917_074049/LINEARNO/monitor/output/elasticity/20260916_194317_elasticity_Transolver_train,base,400,400,4,1,0.4467930291
elasticity,/home/hwz/Transolver/LINEARNO/monitor/analysis/transolver_monitor_output_20260917_074049/LINEARNO/monitor/output/elasticity/20260916_194317_elasticity_Transolver_train,base,400,400,4,2,0.5529407319
elasticity,/home/hwz/Transolver/LINEARNO/monitor/analysis/transolver_monitor_output_20260917_074049/LINEARNO/monitor/output/elasticity/20260916_194317_elasticity_Transolver_train,base,400,400,4,3,0.6445411285
elasticity,/home/hwz/Transolver/LINEARNO/monitor/analysis/transolver_monitor_output_20260917_074049/LINEARNO/monitor/output/elasticity/20260916_194317_elasticity_Transolver_train,base,400,400,4,4,1
elasticity,/home/hwz/Transolver/LINEARNO/monitor/analysis/transolver_monitor_output_20260917_074049/LINEARNO/monitor/output/elasticity/20260916_194317_elasticity_Transolver_train,base,400,400,4,5,0.5477220872
elasticity,/home/hwz/Transolver/LINEARNO/monitor/analysis/transolver_monitor_output_20260917_074049/LINEARNO/monitor/output/elasticity/20260916_194317_elasticity_Transolver_train,base,400,400,4,6,0.5092953937
elasticity,/home/hwz/Transolver/LINEARNO/monitor/analysis/transolver_monitor_output_20260917_074049/LINEARNO/monitor/output/elasticity/20260916_194317_elasticity_Transolver_train,base,400,400,4,7,0.4467907595
elasticity,/home/hwz/Transolver/LINEARNO/monitor/analysis/transolver_monitor_output_20260917_074049/LINEARNO/monitor/output/elasticity/20260916_194317_elasticity_Transolver_train,base,400,400,4,8,0.4467907464
elasticity,/home/hwz/Transolver/LINEARNO/monitor/analysis/transolver_monitor_output_20260917_074049/LINEARNO/monitor/output/elasticity/20260916_194317_elasticity_Transolver_train,base,400,400,5,1,0.5078230062
elasticity,/home/hwz/Transolver/LINEARNO/monitor/analysis/transolver_monitor_output_20260917_074049/LINEARNO/monitor/output/elasticity/20260916_194317_elasticity_Transolver_train,base,400,400,5,2,0.5525965169
elasticity,/home/hwz/Transolver/LINEARNO/monitor/analysis/transolver_monitor_output_20260917_074049/LINEARNO/monitor/output/elasticity/20260916_194317_elasticity_Transolver_train,base,400,400,5,3,0.6468929639
elasticity,/home/hwz/Transolver/LINEARNO/monitor/analysis/transolver_monitor_output_20260917_074049/LINEARNO/monitor/output/elasticity/20260916_194317_elasticity_Transolver_train,base,400,400,5,4,0.5477220872
elasticity,/home/hwz/Transolver/LINEARNO/monitor/analysis/transolver_monitor_output_20260917_074049/LINEARNO/monitor/output/elasticity/20260916_194317_elasticity_Transolver_train,base,400,400,5,5,1
elasticity,/home/hwz/Transolver/LINEARNO/monitor/analysis/transolver_monitor_output_20260917_074049/LINEARNO/monitor/output/elasticity/20260916_194317_elasticity_Transolver_train,base,400,400,5,6,0.546542339
elasticity,/home/hwz/Transolver/LINEARNO/monitor/analysis/transolver_monitor_output_20260917_074049/LINEARNO/monitor/output/elasticity/20260916_194317_elasticity_Transolver_train,base,400,400,5,7,0.5078206556
elasticity,/home/hwz/Transolver/LINEARNO/monitor/analysis/transolver_monitor_output_20260917_074049/LINEARNO/monitor/output/elasticity/20260916_194317_elasticity_Transolver_train,base,400,400,5,8,0.5078206435
elasticity,/home/hwz/Transolver/LINEARNO/monitor/analysis/transolver_monitor_output_20260917_074049/LINEARNO/monitor/output/elasticity/20260916_194317_elasticity_Transolver_train,base,400,400,6,1,0.6498413347
elasticity,/home/hwz/Transolver/LINEARNO/monitor/analysis/transolver_monitor_output_20260917_074049/LINEARNO/monitor/output/elasticity/20260916_194317_elasticity_Transolver_train,base,400,400,6,2,0.4796764711
elasticity,/home/hwz/Transolver/LINEARNO/monitor/analysis/transolver_monitor_output_20260917_074049/LINEARNO/monitor/output/elasticity/20260916_194317_elasticity_Transolver_train,base,400,400,6,3,0.5708157271
elasticity,/home/hwz/Transolver/LINEARNO/monitor/analysis/transolver_monitor_output_20260917_074049/LINEARNO/monitor/output/elasticity/20260916_194317_elasticity_Transolver_train,base,400,400,6,4,0.5092953937
elasticity,/home/hwz/Transolver/LINEARNO/monitor/analysis/transolver_monitor_output_20260917_074049/LINEARNO/monitor/output/elasticity/20260916_194317_elasticity_Transolver_train,base,400,400,6,5,0.546542339
elasticity,/home/hwz/Transolver/LINEARNO/monitor/analysis/transolver_monitor_output_20260917_074049/LINEARNO/monitor/output/elasticity/20260916_194317_elasticity_Transolver_train,base,400,400,6,6,1
elasticity,/home/hwz/Transolver/LINEARNO/monitor/analysis/transolver_monitor_output_20260917_074049/LINEARNO/monitor/output/elasticity/20260916_194317_elasticity_Transolver_train,base,400,400,6,7,0.649839621
elasticity,/home/hwz/Transolver/LINEARNO/monitor/analysis/transolver_monitor_output_20260917_074049/LINEARNO/monitor/output/elasticity/20260916_194317_elasticity_Transolver_train,base,400,400,6,8,0.6498396359
elasticity,/home/hwz/Transolver/LINEARNO/monitor/analysis/transolver_monitor_output_20260917_074049/LINEARNO/monitor/output/elasticity/20260916_194317_elasticity_Transolver_train,base,400,400,7,1,1
elasticity,/home/hwz/Transolver/LINEARNO/monitor/analysis/transolver_monitor_output_20260917_074049/LINEARNO/monitor/output/elasticity/20260916_194317_elasticity_Transolver_train,base,400,400,7,2,0.5052495534
elasticity,/home/hwz/Transolver/LINEARNO/monitor/analysis/transolver_monitor_output_20260917_074049/LINEARNO/monitor/output/elasticity/20260916_194317_elasticity_Transolver_train,base,400,400,7,3,0.5348195238
elasticity,/home/hwz/Transolver/LINEARNO/monitor/analysis/transolver_monitor_output_20260917_074049/LINEARNO/monitor/output/elasticity/20260916_194317_elasticity_Transolver_train,base,400,400,7,4,0.4467907595
elasticity,/home/hwz/Transolver/LINEARNO/monitor/analysis/transolver_monitor_output_20260917_074049/LINEARNO/monitor/output/elasticity/20260916_194317_elasticity_Transolver_train,base,400,400,7,5,0.5078206556
elasticity,/home/hwz/Transolver/LINEARNO/monitor/analysis/transolver_monitor_output_20260917_074049/LINEARNO/monitor/output/elasticity/20260916_194317_elasticity_Transolver_train,base,400,400,7,6,0.649839621
elasticity,/home/hwz/Transolver/LINEARNO/monitor/analysis/transolver_monitor_output_20260917_074049/LINEARNO/monitor/output/elasticity/20260916_194317_elasticity_Transolver_train,base,400,400,7,7,1
elasticity,/home/hwz/Transolver/LINEARNO/monitor/analysis/transolver_monitor_output_20260917_074049/LINEARNO/monitor/output/elasticity/20260916_194317_elasticity_Transolver_train,base,400,400,7,8,1
elasticity,/home/hwz/Transolver/LINEARNO/monitor/analysis/transolver_monitor_output_20260917_074049/LINEARNO/monitor/output/elasticity/20260916_194317_elasticity_Transolver_train,base,400,400,8,1,1
elasticity,/home/hwz/Transolver/LINEARNO/monitor/analysis/transolver_monitor_output_20260917_074049/LINEARNO/monitor/output/elasticity/20260916_194317_elasticity_Transolver_train,base,400,400,8,2,0.5052494919
elasticity,/home/hwz/Transolver/LINEARNO/monitor/analysis/transolver_monitor_output_20260917_074049/LINEARNO/monitor/output/elasticity/20260916_194317_elasticity_Transolver_train,base,400,400,8,3,0.5348194949
elasticity,/home/hwz/Transolver/LINEARNO/monitor/analysis/transolver_monitor_output_20260917_074049/LINEARNO/monitor/output/elasticity/20260916_194317_elasticity_Transolver_train,base,400,400,8,4,0.4467907464
elasticity,/home/hwz/Transolver/LINEARNO/monitor/analysis/transolver_monitor_output_20260917_074049/LINEARNO/monitor/output/elasticity/20260916_194317_elasticity_Transolver_train,base,400,400,8,5,0.5078206435
elasticity,/home/hwz/Transolver/LINEARNO/monitor/analysis/transolver_monitor_output_20260917_074049/LINEARNO/monitor/output/elasticity/20260916_194317_elasticity_Transolver_train,base,400,400,8,6,0.6498396359
elasticity,/home/hwz/Transolver/LINEARNO/monitor/analysis/transolver_monitor_output_20260917_074049/LINEARNO/monitor/output/elasticity/20260916_194317_elasticity_Transolver_train,base,400,400,8,7,1
elasticity,/home/hwz/Transolver/LINEARNO/monitor/analysis/transolver_monitor_output_20260917_074049/LINEARNO/monitor/output/elasticity/20260916_194317_elasticity_Transolver_train,base,400,400,8,8,1
elasticity,/home/hwz/Transolver/LINEARNO/monitor/analysis/transolver_monitor_output_20260917_074049/LINEARNO/monitor/output/elasticity/20260916_194317_elasticity_Transolver_train,base,500,500,1,1,1
elasticity,/home/hwz/Transolver/LINEARNO/monitor/analysis/transolver_monitor_output_20260917_074049/LINEARNO/monitor/output/elasticity/20260916_194317_elasticity_Transolver_train,base,500,500,1,2,0.4948561415
elasticity,/home/hwz/Transolver/LINEARNO/monitor/analysis/transolver_monitor_output_20260917_074049/LINEARNO/monitor/output/elasticity/20260916_194317_elasticity_Transolver_train,base,500,500,1,3,0.5327945882
elasticity,/home/hwz/Transolver/LINEARNO/monitor/analysis/transolver_monitor_output_20260917_074049/LINEARNO/monitor/output/elasticity/20260916_194317_elasticity_Transolver_train,base,500,500,1,4,0.447196505
elasticity,/home/hwz/Transolver/LINEARNO/monitor/analysis/transolver_monitor_output_20260917_074049/LINEARNO/monitor/output/elasticity/20260916_194317_elasticity_Transolver_train,base,500,500,1,5,0.5077463863
elasticity,/home/hwz/Transolver/LINEARNO/monitor/analysis/transolver_monitor_output_20260917_074049/LINEARNO/monitor/output/elasticity/20260916_194317_elasticity_Transolver_train,base,500,500,1,6,0.6496414002
elasticity,/home/hwz/Transolver/LINEARNO/monitor/analysis/transolver_monitor_output_20260917_074049/LINEARNO/monitor/output/elasticity/20260916_194317_elasticity_Transolver_train,base,500,500,1,7,1
elasticity,/home/hwz/Transolver/LINEARNO/monitor/analysis/transolver_monitor_output_20260917_074049/LINEARNO/monitor/output/elasticity/20260916_194317_elasticity_Transolver_train,base,500,500,1,8,1
elasticity,/home/hwz/Transolver/LINEARNO/monitor/analysis/transolver_monitor_output_20260917_074049/LINEARNO/monitor/output/elasticity/20260916_194317_elasticity_Transolver_train,base,500,500,2,1,0.4948561415
elasticity,/home/hwz/Transolver/LINEARNO/monitor/analysis/transolver_monitor_output_20260917_074049/LINEARNO/monitor/output/elasticity/20260916_194317_elasticity_Transolver_train,base,500,500,2,2,1
elasticity,/home/hwz/Transolver/LINEARNO/monitor/analysis/transolver_monitor_output_20260917_074049/LINEARNO/monitor/output/elasticity/20260916_194317_elasticity_Transolver_train,base,500,500,2,3,0.6469878228
elasticity,/home/hwz/Transolver/LINEARNO/monitor/analysis/transolver_monitor_output_20260917_074049/LINEARNO/monitor/output/elasticity/20260916_194317_elasticity_Transolver_train,base,500,500,2,4,0.5612892667
elasticity,/home/hwz/Transolver/LINEARNO/monitor/analysis/transolver_monitor_output_20260917_074049/LINEARNO/monitor/output/elasticity/20260916_194317_elasticity_Transolver_train,base,500,500,2,5,0.5526974173
elasticity,/home/hwz/Transolver/LINEARNO/monitor/analysis/transolver_monitor_output_20260917_074049/LINEARNO/monitor/output/elasticity/20260916_194317_elasticity_Transolver_train,base,500,500,2,6,0.4796114583
elasticity,/home/hwz/Transolver/LINEARNO/monitor/analysis/transolver_monitor_output_20260917_074049/LINEARNO/monitor/output/elasticity/20260916_194317_elasticity_Transolver_train,base,500,500,2,7,0.4948563073
elasticity,/home/hwz/Transolver/LINEARNO/monitor/analysis/transolver_monitor_output_20260917_074049/LINEARNO/monitor/output/elasticity/20260916_194317_elasticity_Transolver_train,base,500,500,2,8,0.4948559413
elasticity,/home/hwz/Transolver/LINEARNO/monitor/analysis/transolver_monitor_output_20260917_074049/LINEARNO/monitor/output/elasticity/20260916_194317_elasticity_Transolver_train,base,500,500,3,1,0.5327945882
elasticity,/home/hwz/Transolver/LINEARNO/monitor/analysis/transolver_monitor_output_20260917_074049/LINEARNO/monitor/output/elasticity/20260916_194317_elasticity_Transolver_train,base,500,500,3,2,0.6469878228
elasticity,/home/hwz/Transolver/LINEARNO/monitor/analysis/transolver_monitor_output_20260917_074049/LINEARNO/monitor/output/elasticity/20260916_194317_elasticity_Transolver_train,base,500,500,3,3,1
elasticity,/home/hwz/Transolver/LINEARNO/monitor/analysis/transolver_monitor_output_20260917_074049/LINEARNO/monitor/output/elasticity/20260916_194317_elasticity_Transolver_train,base,500,500,3,4,0.6457982007
elasticity,/home/hwz/Transolver/LINEARNO/monitor/analysis/transolver_monitor_output_20260917_074049/LINEARNO/monitor/output/elasticity/20260916_194317_elasticity_Transolver_train,base,500,500,3,5,0.6483360697
elasticity,/home/hwz/Transolver/LINEARNO/monitor/analysis/transolver_monitor_output_20260917_074049/LINEARNO/monitor/output/elasticity/20260916_194317_elasticity_Transolver_train,base,500,500,3,6,0.5716547547
elasticity,/home/hwz/Transolver/LINEARNO/monitor/analysis/transolver_monitor_output_20260917_074049/LINEARNO/monitor/output/elasticity/20260916_194317_elasticity_Transolver_train,base,500,500,3,7,0.5327948043
elasticity,/home/hwz/Transolver/LINEARNO/monitor/analysis/transolver_monitor_output_20260917_074049/LINEARNO/monitor/output/elasticity/20260916_194317_elasticity_Transolver_train,base,500,500,3,8,0.5327944597
elasticity,/home/hwz/Transolver/LINEARNO/monitor/analysis/transolver_monitor_output_20260917_074049/LINEARNO/monitor/output/elasticity/20260916_194317_elasticity_Transolver_train,base,500,500,4,1,0.447196505
elasticity,/home/hwz/Transolver/LINEARNO/monitor/analysis/transolver_monitor_output_20260917_074049/LINEARNO/monitor/output/elasticity/20260916_194317_elasticity_Transolver_train,base,500,500,4,2,0.5612892667
elasticity,/home/hwz/Transolver/LINEARNO/monitor/analysis/transolver_monitor_output_20260917_074049/LINEARNO/monitor/output/elasticity/20260916_194317_elasticity_Transolver_train,base,500,500,4,3,0.6457982007
elasticity,/home/hwz/Transolver/LINEARNO/monitor/analysis/transolver_monitor_output_20260917_074049/LINEARNO/monitor/output/elasticity/20260916_194317_elasticity_Transolver_train,base,500,500,4,4,1
elasticity,/home/hwz/Transolver/LINEARNO/monitor/analysis/transolver_monitor_output_20260917_074049/LINEARNO/monitor/output/elasticity/20260916_194317_elasticity_Transolver_train,base,500,500,4,5,0.550491767
elasticity,/home/hwz/Transolver/LINEARNO/monitor/analysis/transolver_monitor_output_20260917_074049/LINEARNO/monitor/output/elasticity/20260916_194317_elasticity_Transolver_train,base,500,500,4,6,0.5113985622
elasticity,/home/hwz/Transolver/LINEARNO/monitor/analysis/transolver_monitor_output_20260917_074049/LINEARNO/monitor/output/elasticity/20260916_194317_elasticity_Transolver_train,base,500,500,4,7,0.4471967276
elasticity,/home/hwz/Transolver/LINEARNO/monitor/analysis/transolver_monitor_output_20260917_074049/LINEARNO/monitor/output/elasticity/20260916_194317_elasticity_Transolver_train,base,500,500,4,8,0.4471964464
elasticity,/home/hwz/Transolver/LINEARNO/monitor/analysis/transolver_monitor_output_20260917_074049/LINEARNO/monitor/output/elasticity/20260916_194317_elasticity_Transolver_train,base,500,500,5,1,0.5077463863
elasticity,/home/hwz/Transolver/LINEARNO/monitor/analysis/transolver_monitor_output_20260917_074049/LINEARNO/monitor/output/elasticity/20260916_194317_elasticity_Transolver_train,base,500,500,5,2,0.5526974173
elasticity,/home/hwz/Transolver/LINEARNO/monitor/analysis/transolver_monitor_output_20260917_074049/LINEARNO/monitor/output/elasticity/20260916_194317_elasticity_Transolver_train,base,500,500,5,3,0.6483360697
elasticity,/home/hwz/Transolver/LINEARNO/monitor/analysis/transolver_monitor_output_20260917_074049/LINEARNO/monitor/output/elasticity/20260916_194317_elasticity_Transolver_train,base,500,500,5,4,0.550491767
elasticity,/home/hwz/Transolver/LINEARNO/monitor/analysis/transolver_monitor_output_20260917_074049/LINEARNO/monitor/output/elasticity/20260916_194317_elasticity_Transolver_train,base,500,500,5,5,1
elasticity,/home/hwz/Transolver/LINEARNO/monitor/analysis/transolver_monitor_output_20260917_074049/LINEARNO/monitor/output/elasticity/20260916_194317_elasticity_Transolver_train,base,500,500,5,6,0.5472397646
elasticity,/home/hwz/Transolver/LINEARNO/monitor/analysis/transolver_monitor_output_20260917_074049/LINEARNO/monitor/output/elasticity/20260916_194317_elasticity_Transolver_train,base,500,500,5,7,0.5077466471
elasticity,/home/hwz/Transolver/LINEARNO/monitor/analysis/transolver_monitor_output_20260917_074049/LINEARNO/monitor/output/elasticity/20260916_194317_elasticity_Transolver_train,base,500,500,5,8,0.5077463249
elasticity,/home/hwz/Transolver/LINEARNO/monitor/analysis/transolver_monitor_output_20260917_074049/LINEARNO/monitor/output/elasticity/20260916_194317_elasticity_Transolver_train,base,500,500,6,1,0.6496414002
elasticity,/home/hwz/Transolver/LINEARNO/monitor/analysis/transolver_monitor_output_20260917_074049/LINEARNO/monitor/output/elasticity/20260916_194317_elasticity_Transolver_train,base,500,500,6,2,0.4796114583
elasticity,/home/hwz/Transolver/LINEARNO/monitor/analysis/transolver_monitor_output_20260917_074049/LINEARNO/monitor/output/elasticity/20260916_194317_elasticity_Transolver_train,base,500,500,6,3,0.5716547547
elasticity,/home/hwz/Transolver/LINEARNO/monitor/analysis/transolver_monitor_output_20260917_074049/LINEARNO/monitor/output/elasticity/20260916_194317_elasticity_Transolver_train,base,500,500,6,4,0.5113985622
elasticity,/home/hwz/Transolver/LINEARNO/monitor/analysis/transolver_monitor_output_20260917_074049/LINEARNO/monitor/output/elasticity/20260916_194317_elasticity_Transolver_train,base,500,500,6,5,0.5472397646
elasticity,/home/hwz/Transolver/LINEARNO/monitor/analysis/transolver_monitor_output_20260917_074049/LINEARNO/monitor/output/elasticity/20260916_194317_elasticity_Transolver_train,base,500,500,6,6,1
elasticity,/home/hwz/Transolver/LINEARNO/monitor/analysis/transolver_monitor_output_20260917_074049/LINEARNO/monitor/output/elasticity/20260916_194317_elasticity_Transolver_train,base,500,500,6,7,0.6496420298
elasticity,/home/hwz/Transolver/LINEARNO/monitor/analysis/transolver_monitor_output_20260917_074049/LINEARNO/monitor/output/elasticity/20260916_194317_elasticity_Transolver_train,base,500,500,6,8,0.6496416554
elasticity,/home/hwz/Transolver/LINEARNO/monitor/analysis/transolver_monitor_output_20260917_074049/LINEARNO/monitor/output/elasticity/20260916_194317_elasticity_Transolver_train,base,500,500,7,1,1
elasticity,/home/hwz/Transolver/LINEARNO/monitor/analysis/transolver_monitor_output_20260917_074049/LINEARNO/monitor/output/elasticity/20260916_194317_elasticity_Transolver_train,base,500,500,7,2,0.4948563073
elasticity,/home/hwz/Transolver/LINEARNO/monitor/analysis/transolver_monitor_output_20260917_074049/LINEARNO/monitor/output/elasticity/20260916_194317_elasticity_Transolver_train,base,500,500,7,3,0.5327948043
elasticity,/home/hwz/Transolver/LINEARNO/monitor/analysis/transolver_monitor_output_20260917_074049/LINEARNO/monitor/output/elasticity/20260916_194317_elasticity_Transolver_train,base,500,500,7,4,0.4471967276
elasticity,/home/hwz/Transolver/LINEARNO/monitor/analysis/transolver_monitor_output_20260917_074049/LINEARNO/monitor/output/elasticity/20260916_194317_elasticity_Transolver_train,base,500,500,7,5,0.5077466471
elasticity,/home/hwz/Transolver/LINEARNO/monitor/analysis/transolver_monitor_output_20260917_074049/LINEARNO/monitor/output/elasticity/20260916_194317_elasticity_Transolver_train,base,500,500,7,6,0.6496420298
elasticity,/home/hwz/Transolver/LINEARNO/monitor/analysis/transolver_monitor_output_20260917_074049/LINEARNO/monitor/output/elasticity/20260916_194317_elasticity_Transolver_train,base,500,500,7,7,1
elasticity,/home/hwz/Transolver/LINEARNO/monitor/analysis/transolver_monitor_output_20260917_074049/LINEARNO/monitor/output/elasticity/20260916_194317_elasticity_Transolver_train,base,500,500,7,8,1
elasticity,/home/hwz/Transolver/LINEARNO/monitor/analysis/transolver_monitor_output_20260917_074049/LINEARNO/monitor/output/elasticity/20260916_194317_elasticity_Transolver_train,base,500,500,8,1,1
elasticity,/home/hwz/Transolver/LINEARNO/monitor/analysis/transolver_monitor_output_20260917_074049/LINEARNO/monitor/output/elasticity/20260916_194317_elasticity_Transolver_train,base,500,500,8,2,0.4948559413
elasticity,/home/hwz/Transolver/LINEARNO/monitor/analysis/transolver_monitor_output_20260917_074049/LINEARNO/monitor/output/elasticity/20260916_194317_elasticity_Transolver_train,base,500,500,8,3,0.5327944597
elasticity,/home/hwz/Transolver/LINEARNO/monitor/analysis/transolver_monitor_output_20260917_074049/LINEARNO/monitor/output/elasticity/20260916_194317_elasticity_Transolver_train,base,500,500,8,4,0.4471964464
elasticity,/home/hwz/Transolver/LINEARNO/monitor/analysis/transolver_monitor_output_20260917_074049/LINEARNO/monitor/output/elasticity/20260916_194317_elasticity_Transolver_train,base,500,500,8,5,0.5077463249
elasticity,/home/hwz/Transolver/LINEARNO/monitor/analysis/transolver_monitor_output_20260917_074049/LINEARNO/monitor/output/elasticity/20260916_194317_elasticity_Transolver_train,base,500,500,8,6,0.6496416554
elasticity,/home/hwz/Transolver/LINEARNO/monitor/analysis/transolver_monitor_output_20260917_074049/LINEARNO/monitor/output/elasticity/20260916_194317_elasticity_Transolver_train,base,500,500,8,7,1
elasticity,/home/hwz/Transolver/LINEARNO/monitor/analysis/transolver_monitor_output_20260917_074049/LINEARNO/monitor/output/elasticity/20260916_194317_elasticity_Transolver_train,base,500,500,8,8,1
pipe,/home/hwz/Transolver/LINEARNO/monitor/analysis/transolver_monitor_output_20260917_074049/LINEARNO/monitor/output/pipe/20260916_194330_pipe_Transolver_train,base,1,1,1,1,1
pipe,/home/hwz/Transolver/LINEARNO/monitor/analysis/transolver_monitor_output_20260917_074049/LINEARNO/monitor/output/pipe/20260916_194330_pipe_Transolver_train,base,1,1,1,2,0.9998899642
pipe,/home/hwz/Transolver/LINEARNO/monitor/analysis/transolver_monitor_output_20260917_074049/LINEARNO/monitor/output/pipe/20260916_194330_pipe_Transolver_train,base,1,1,1,3,0.999897819
pipe,/home/hwz/Transolver/LINEARNO/monitor/analysis/transolver_monitor_output_20260917_074049/LINEARNO/monitor/output/pipe/20260916_194330_pipe_Transolver_train,base,1,1,1,4,0.999883702
pipe,/home/hwz/Transolver/LINEARNO/monitor/analysis/transolver_monitor_output_20260917_074049/LINEARNO/monitor/output/pipe/20260916_194330_pipe_Transolver_train,base,1,1,1,5,0.9998815805
pipe,/home/hwz/Transolver/LINEARNO/monitor/analysis/transolver_monitor_output_20260917_074049/LINEARNO/monitor/output/pipe/20260916_194330_pipe_Transolver_train,base,1,1,1,6,0.9998707026
pipe,/home/hwz/Transolver/LINEARNO/monitor/analysis/transolver_monitor_output_20260917_074049/LINEARNO/monitor/output/pipe/20260916_194330_pipe_Transolver_train,base,1,1,1,7,0.9998652954
pipe,/home/hwz/Transolver/LINEARNO/monitor/analysis/transolver_monitor_output_20260917_074049/LINEARNO/monitor/output/pipe/20260916_194330_pipe_Transolver_train,base,1,1,1,8,0.9998696335
pipe,/home/hwz/Transolver/LINEARNO/monitor/analysis/transolver_monitor_output_20260917_074049/LINEARNO/monitor/output/pipe/20260916_194330_pipe_Transolver_train,base,1,1,2,1,0.9998899642
pipe,/home/hwz/Transolver/LINEARNO/monitor/analysis/transolver_monitor_output_20260917_074049/LINEARNO/monitor/output/pipe/20260916_194330_pipe_Transolver_train,base,1,1,2,2,1
pipe,/home/hwz/Transolver/LINEARNO/monitor/analysis/transolver_monitor_output_20260917_074049/LINEARNO/monitor/output/pipe/20260916_194330_pipe_Transolver_train,base,1,1,2,3,1
pipe,/home/hwz/Transolver/LINEARNO/monitor/analysis/transolver_monitor_output_20260917_074049/LINEARNO/monitor/output/pipe/20260916_194330_pipe_Transolver_train,base,1,1,2,4,1
pipe,/home/hwz/Transolver/LINEARNO/monitor/analysis/transolver_monitor_output_20260917_074049/LINEARNO/monitor/output/pipe/20260916_194330_pipe_Transolver_train,base,1,1,2,5,1
pipe,/home/hwz/Transolver/LINEARNO/monitor/analysis/transolver_monitor_output_20260917_074049/LINEARNO/monitor/output/pipe/20260916_194330_pipe_Transolver_train,base,1,1,2,6,1
pipe,/home/hwz/Transolver/LINEARNO/monitor/analysis/transolver_monitor_output_20260917_074049/LINEARNO/monitor/output/pipe/20260916_194330_pipe_Transolver_train,base,1,1,2,7,1
pipe,/home/hwz/Transolver/LINEARNO/monitor/analysis/transolver_monitor_output_20260917_074049/LINEARNO/monitor/output/pipe/20260916_194330_pipe_Transolver_train,base,1,1,2,8,1
pipe,/home/hwz/Transolver/LINEARNO/monitor/analysis/transolver_monitor_output_20260917_074049/LINEARNO/monitor/output/pipe/20260916_194330_pipe_Transolver_train,base,1,1,3,1,0.999897819
pipe,/home/hwz/Transolver/LINEARNO/monitor/analysis/transolver_monitor_output_20260917_074049/LINEARNO/monitor/output/pipe/20260916_194330_pipe_Transolver_train,base,1,1,3,2,1
pipe,/home/hwz/Transolver/LINEARNO/monitor/analysis/transolver_monitor_output_20260917_074049/LINEARNO/monitor/output/pipe/20260916_194330_pipe_Transolver_train,base,1,1,3,3,1
pipe,/home/hwz/Transolver/LINEARNO/monitor/analysis/transolver_monitor_output_20260917_074049/LINEARNO/monitor/output/pipe/20260916_194330_pipe_Transolver_train,base,1,1,3,4,1
pipe,/home/hwz/Transolver/LINEARNO/monitor/analysis/transolver_monitor_output_20260917_074049/LINEARNO/monitor/output/pipe/20260916_194330_pipe_Transolver_train,base,1,1,3,5,1
pipe,/home/hwz/Transolver/LINEARNO/monitor/analysis/transolver_monitor_output_20260917_074049/LINEARNO/monitor/output/pipe/20260916_194330_pipe_Transolver_train,base,1,1,3,6,1
pipe,/home/hwz/Transolver/LINEARNO/monitor/analysis/transolver_monitor_output_20260917_074049/LINEARNO/monitor/output/pipe/20260916_194330_pipe_Transolver_train,base,1,1,3,7,1
pipe,/home/hwz/Transolver/LINEARNO/monitor/analysis/transolver_monitor_output_20260917_074049/LINEARNO/monitor/output/pipe/20260916_194330_pipe_Transolver_train,base,1,1,3,8,1
pipe,/home/hwz/Transolver/LINEARNO/monitor/analysis/transolver_monitor_output_20260917_074049/LINEARNO/monitor/output/pipe/20260916_194330_pipe_Transolver_train,base,1,1,4,1,0.999883702
pipe,/home/hwz/Transolver/LINEARNO/monitor/analysis/transolver_monitor_output_20260917_074049/LINEARNO/monitor/output/pipe/20260916_194330_pipe_Transolver_train,base,1,1,4,2,1
pipe,/home/hwz/Transolver/LINEARNO/monitor/analysis/transolver_monitor_output_20260917_074049/LINEARNO/monitor/output/pipe/20260916_194330_pipe_Transolver_train,base,1,1,4,3,1
pipe,/home/hwz/Transolver/LINEARNO/monitor/analysis/transolver_monitor_output_20260917_074049/LINEARNO/monitor/output/pipe/20260916_194330_pipe_Transolver_train,base,1,1,4,4,1
pipe,/home/hwz/Transolver/LINEARNO/monitor/analysis/transolver_monitor_output_20260917_074049/LINEARNO/monitor/output/pipe/20260916_194330_pipe_Transolver_train,base,1,1,4,5,1
pipe,/home/hwz/Transolver/LINEARNO/monitor/analysis/transolver_monitor_output_20260917_074049/LINEARNO/monitor/output/pipe/20260916_194330_pipe_Transolver_train,base,1,1,4,6,1
pipe,/home/hwz/Transolver/LINEARNO/monitor/analysis/transolver_monitor_output_20260917_074049/LINEARNO/monitor/output/pipe/20260916_194330_pipe_Transolver_train,base,1,1,4,7,1
pipe,/home/hwz/Transolver/LINEARNO/monitor/analysis/transolver_monitor_output_20260917_074049/LINEARNO/monitor/output/pipe/20260916_194330_pipe_Transolver_train,base,1,1,4,8,1
pipe,/home/hwz/Transolver/LINEARNO/monitor/analysis/transolver_monitor_output_20260917_074049/LINEARNO/monitor/output/pipe/20260916_194330_pipe_Transolver_train,base,1,1,5,1,0.9998815805
pipe,/home/hwz/Transolver/LINEARNO/monitor/analysis/transolver_monitor_output_20260917_074049/LINEARNO/monitor/output/pipe/20260916_194330_pipe_Transolver_train,base,1,1,5,2,1
pipe,/home/hwz/Transolver/LINEARNO/monitor/analysis/transolver_monitor_output_20260917_074049/LINEARNO/monitor/output/pipe/20260916_194330_pipe_Transolver_train,base,1,1,5,3,1
pipe,/home/hwz/Transolver/LINEARNO/monitor/analysis/transolver_monitor_output_20260917_074049/LINEARNO/monitor/output/pipe/20260916_194330_pipe_Transolver_train,base,1,1,5,4,1
pipe,/home/hwz/Transolver/LINEARNO/monitor/analysis/transolver_monitor_output_20260917_074049/LINEARNO/monitor/output/pipe/20260916_194330_pipe_Transolver_train,base,1,1,5,5,1
pipe,/home/hwz/Transolver/LINEARNO/monitor/analysis/transolver_monitor_output_20260917_074049/LINEARNO/monitor/output/pipe/20260916_194330_pipe_Transolver_train,base,1,1,5,6,1
pipe,/home/hwz/Transolver/LINEARNO/monitor/analysis/transolver_monitor_output_20260917_074049/LINEARNO/monitor/output/pipe/20260916_194330_pipe_Transolver_train,base,1,1,5,7,1
pipe,/home/hwz/Transolver/LINEARNO/monitor/analysis/transolver_monitor_output_20260917_074049/LINEARNO/monitor/output/pipe/20260916_194330_pipe_Transolver_train,base,1,1,5,8,1
pipe,/home/hwz/Transolver/LINEARNO/monitor/analysis/transolver_monitor_output_20260917_074049/LINEARNO/monitor/output/pipe/20260916_194330_pipe_Transolver_train,base,1,1,6,1,0.9998707026
pipe,/home/hwz/Transolver/LINEARNO/monitor/analysis/transolver_monitor_output_20260917_074049/LINEARNO/monitor/output/pipe/20260916_194330_pipe_Transolver_train,base,1,1,6,2,1
pipe,/home/hwz/Transolver/LINEARNO/monitor/analysis/transolver_monitor_output_20260917_074049/LINEARNO/monitor/output/pipe/20260916_194330_pipe_Transolver_train,base,1,1,6,3,1
pipe,/home/hwz/Transolver/LINEARNO/monitor/analysis/transolver_monitor_output_20260917_074049/LINEARNO/monitor/output/pipe/20260916_194330_pipe_Transolver_train,base,1,1,6,4,1
pipe,/home/hwz/Transolver/LINEARNO/monitor/analysis/transolver_monitor_output_20260917_074049/LINEARNO/monitor/output/pipe/20260916_194330_pipe_Transolver_train,base,1,1,6,5,1
pipe,/home/hwz/Transolver/LINEARNO/monitor/analysis/transolver_monitor_output_20260917_074049/LINEARNO/monitor/output/pipe/20260916_194330_pipe_Transolver_train,base,1,1,6,6,1
pipe,/home/hwz/Transolver/LINEARNO/monitor/analysis/transolver_monitor_output_20260917_074049/LINEARNO/monitor/output/pipe/20260916_194330_pipe_Transolver_train,base,1,1,6,7,1
pipe,/home/hwz/Transolver/LINEARNO/monitor/analysis/transolver_monitor_output_20260917_074049/LINEARNO/monitor/output/pipe/20260916_194330_pipe_Transolver_train,base,1,1,6,8,1
pipe,/home/hwz/Transolver/LINEARNO/monitor/analysis/transolver_monitor_output_20260917_074049/LINEARNO/monitor/output/pipe/20260916_194330_pipe_Transolver_train,base,1,1,7,1,0.9998652954
pipe,/home/hwz/Transolver/LINEARNO/monitor/analysis/transolver_monitor_output_20260917_074049/LINEARNO/monitor/output/pipe/20260916_194330_pipe_Transolver_train,base,1,1,7,2,1
pipe,/home/hwz/Transolver/LINEARNO/monitor/analysis/transolver_monitor_output_20260917_074049/LINEARNO/monitor/output/pipe/20260916_194330_pipe_Transolver_train,base,1,1,7,3,1
pipe,/home/hwz/Transolver/LINEARNO/monitor/analysis/transolver_monitor_output_20260917_074049/LINEARNO/monitor/output/pipe/20260916_194330_pipe_Transolver_train,base,1,1,7,4,1
pipe,/home/hwz/Transolver/LINEARNO/monitor/analysis/transolver_monitor_output_20260917_074049/LINEARNO/monitor/output/pipe/20260916_194330_pipe_Transolver_train,base,1,1,7,5,1
pipe,/home/hwz/Transolver/LINEARNO/monitor/analysis/transolver_monitor_output_20260917_074049/LINEARNO/monitor/output/pipe/20260916_194330_pipe_Transolver_train,base,1,1,7,6,1
pipe,/home/hwz/Transolver/LINEARNO/monitor/analysis/transolver_monitor_output_20260917_074049/LINEARNO/monitor/output/pipe/20260916_194330_pipe_Transolver_train,base,1,1,7,7,1
pipe,/home/hwz/Transolver/LINEARNO/monitor/analysis/transolver_monitor_output_20260917_074049/LINEARNO/monitor/output/pipe/20260916_194330_pipe_Transolver_train,base,1,1,7,8,1
pipe,/home/hwz/Transolver/LINEARNO/monitor/analysis/transolver_monitor_output_20260917_074049/LINEARNO/monitor/output/pipe/20260916_194330_pipe_Transolver_train,base,1,1,8,1,0.9998696335
pipe,/home/hwz/Transolver/LINEARNO/monitor/analysis/transolver_monitor_output_20260917_074049/LINEARNO/monitor/output/pipe/20260916_194330_pipe_Transolver_train,base,1,1,8,2,1
pipe,/home/hwz/Transolver/LINEARNO/monitor/analysis/transolver_monitor_output_20260917_074049/LINEARNO/monitor/output/pipe/20260916_194330_pipe_Transolver_train,base,1,1,8,3,1
pipe,/home/hwz/Transolver/LINEARNO/monitor/analysis/transolver_monitor_output_20260917_074049/LINEARNO/monitor/output/pipe/20260916_194330_pipe_Transolver_train,base,1,1,8,4,1
pipe,/home/hwz/Transolver/LINEARNO/monitor/analysis/transolver_monitor_output_20260917_074049/LINEARNO/monitor/output/pipe/20260916_194330_pipe_Transolver_train,base,1,1,8,5,1
pipe,/home/hwz/Transolver/LINEARNO/monitor/analysis/transolver_monitor_output_20260917_074049/LINEARNO/monitor/output/pipe/20260916_194330_pipe_Transolver_train,base,1,1,8,6,1
pipe,/home/hwz/Transolver/LINEARNO/monitor/analysis/transolver_monitor_output_20260917_074049/LINEARNO/monitor/output/pipe/20260916_194330_pipe_Transolver_train,base,1,1,8,7,1
pipe,/home/hwz/Transolver/LINEARNO/monitor/analysis/transolver_monitor_output_20260917_074049/LINEARNO/monitor/output/pipe/20260916_194330_pipe_Transolver_train,base,1,1,8,8,1
pipe,/home/hwz/Transolver/LINEARNO/monitor/analysis/transolver_monitor_output_20260917_074049/LINEARNO/monitor/output/pipe/20260916_194330_pipe_Transolver_train,base,100,100,1,1,1
pipe,/home/hwz/Transolver/LINEARNO/monitor/analysis/transolver_monitor_output_20260917_074049/LINEARNO/monitor/output/pipe/20260916_194330_pipe_Transolver_train,base,100,100,1,2,0.7386421468
pipe,/home/hwz/Transolver/LINEARNO/monitor/analysis/transolver_monitor_output_20260917_074049/LINEARNO/monitor/output/pipe/20260916_194330_pipe_Transolver_train,base,100,100,1,3,0.6986452248
pipe,/home/hwz/Transolver/LINEARNO/monitor/analysis/transolver_monitor_output_20260917_074049/LINEARNO/monitor/output/pipe/20260916_194330_pipe_Transolver_train,base,100,100,1,4,0.7456687242
pipe,/home/hwz/Transolver/LINEARNO/monitor/analysis/transolver_monitor_output_20260917_074049/LINEARNO/monitor/output/pipe/20260916_194330_pipe_Transolver_train,base,100,100,1,5,0.7355419528
pipe,/home/hwz/Transolver/LINEARNO/monitor/analysis/transolver_monitor_output_20260917_074049/LINEARNO/monitor/output/pipe/20260916_194330_pipe_Transolver_train,base,100,100,1,6,0.6969498908
pipe,/home/hwz/Transolver/LINEARNO/monitor/analysis/transolver_monitor_output_20260917_074049/LINEARNO/monitor/output/pipe/20260916_194330_pipe_Transolver_train,base,100,100,1,7,0.5967818769
pipe,/home/hwz/Transolver/LINEARNO/monitor/analysis/transolver_monitor_output_20260917_074049/LINEARNO/monitor/output/pipe/20260916_194330_pipe_Transolver_train,base,100,100,1,8,0.7596930042
pipe,/home/hwz/Transolver/LINEARNO/monitor/analysis/transolver_monitor_output_20260917_074049/LINEARNO/monitor/output/pipe/20260916_194330_pipe_Transolver_train,base,100,100,2,1,0.7386421468
pipe,/home/hwz/Transolver/LINEARNO/monitor/analysis/transolver_monitor_output_20260917_074049/LINEARNO/monitor/output/pipe/20260916_194330_pipe_Transolver_train,base,100,100,2,2,1
pipe,/home/hwz/Transolver/LINEARNO/monitor/analysis/transolver_monitor_output_20260917_074049/LINEARNO/monitor/output/pipe/20260916_194330_pipe_Transolver_train,base,100,100,2,3,0.7776411641
pipe,/home/hwz/Transolver/LINEARNO/monitor/analysis/transolver_monitor_output_20260917_074049/LINEARNO/monitor/output/pipe/20260916_194330_pipe_Transolver_train,base,100,100,2,4,0.6746094236
pipe,/home/hwz/Transolver/LINEARNO/monitor/analysis/transolver_monitor_output_20260917_074049/LINEARNO/monitor/output/pipe/20260916_194330_pipe_Transolver_train,base,100,100,2,5,0.7234179284
pipe,/home/hwz/Transolver/LINEARNO/monitor/analysis/transolver_monitor_output_20260917_074049/LINEARNO/monitor/output/pipe/20260916_194330_pipe_Transolver_train,base,100,100,2,6,0.5920032933
pipe,/home/hwz/Transolver/LINEARNO/monitor/analysis/transolver_monitor_output_20260917_074049/LINEARNO/monitor/output/pipe/20260916_194330_pipe_Transolver_train,base,100,100,2,7,0.556129816
pipe,/home/hwz/Transolver/LINEARNO/monitor/analysis/transolver_monitor_output_20260917_074049/LINEARNO/monitor/output/pipe/20260916_194330_pipe_Transolver_train,base,100,100,2,8,0.6260012351
pipe,/home/hwz/Transolver/LINEARNO/monitor/analysis/transolver_monitor_output_20260917_074049/LINEARNO/monitor/output/pipe/20260916_194330_pipe_Transolver_train,base,100,100,3,1,0.6986452248
pipe,/home/hwz/Transolver/LINEARNO/monitor/analysis/transolver_monitor_output_20260917_074049/LINEARNO/monitor/output/pipe/20260916_194330_pipe_Transolver_train,base,100,100,3,2,0.7776411641
pipe,/home/hwz/Transolver/LINEARNO/monitor/analysis/transolver_monitor_output_20260917_074049/LINEARNO/monitor/output/pipe/20260916_194330_pipe_Transolver_train,base,100,100,3,3,1
pipe,/home/hwz/Transolver/LINEARNO/monitor/analysis/transolver_monitor_output_20260917_074049/LINEARNO/monitor/output/pipe/20260916_194330_pipe_Transolver_train,base,100,100,3,4,0.6970834173
pipe,/home/hwz/Transolver/LINEARNO/monitor/analysis/transolver_monitor_output_20260917_074049/LINEARNO/monitor/output/pipe/20260916_194330_pipe_Transolver_train,base,100,100,3,5,0.6675616186
pipe,/home/hwz/Transolver/LINEARNO/monitor/analysis/transolver_monitor_output_20260917_074049/LINEARNO/monitor/output/pipe/20260916_194330_pipe_Transolver_train,base,100,100,3,6,0.5016948767
pipe,/home/hwz/Transolver/LINEARNO/monitor/analysis/transolver_monitor_output_20260917_074049/LINEARNO/monitor/output/pipe/20260916_194330_pipe_Transolver_train,base,100,100,3,7,0.4720867379
pipe,/home/hwz/Transolver/LINEARNO/monitor/analysis/transolver_monitor_output_20260917_074049/LINEARNO/monitor/output/pipe/20260916_194330_pipe_Transolver_train,base,100,100,3,8,0.5440994706
pipe,/home/hwz/Transolver/LINEARNO/monitor/analysis/transolver_monitor_output_20260917_074049/LINEARNO/monitor/output/pipe/20260916_194330_pipe_Transolver_train,base,100,100,4,1,0.7456687242
pipe,/home/hwz/Transolver/LINEARNO/monitor/analysis/transolver_monitor_output_20260917_074049/LINEARNO/monitor/output/pipe/20260916_194330_pipe_Transolver_train,base,100,100,4,2,0.6746094236
pipe,/home/hwz/Transolver/LINEARNO/monitor/analysis/transolver_monitor_output_20260917_074049/LINEARNO/monitor/output/pipe/20260916_194330_pipe_Transolver_train,base,100,100,4,3,0.6970834173
pipe,/home/hwz/Transolver/LINEARNO/monitor/analysis/transolver_monitor_output_20260917_074049/LINEARNO/monitor/output/pipe/20260916_194330_pipe_Transolver_train,base,100,100,4,4,1
pipe,/home/hwz/Transolver/LINEARNO/monitor/analysis/transolver_monitor_output_20260917_074049/LINEARNO/monitor/output/pipe/20260916_194330_pipe_Transolver_train,base,100,100,4,5,0.6925469097
pipe,/home/hwz/Transolver/LINEARNO/monitor/analysis/transolver_monitor_output_20260917_074049/LINEARNO/monitor/output/pipe/20260916_194330_pipe_Transolver_train,base,100,100,4,6,0.5697442126
pipe,/home/hwz/Transolver/LINEARNO/monitor/analysis/transolver_monitor_output_20260917_074049/LINEARNO/monitor/output/pipe/20260916_194330_pipe_Transolver_train,base,100,100,4,7,0.4830527827
pipe,/home/hwz/Transolver/LINEARNO/monitor/analysis/transolver_monitor_output_20260917_074049/LINEARNO/monitor/output/pipe/20260916_194330_pipe_Transolver_train,base,100,100,4,8,0.6142465202
pipe,/home/hwz/Transolver/LINEARNO/monitor/analysis/transolver_monitor_output_20260917_074049/LINEARNO/monitor/output/pipe/20260916_194330_pipe_Transolver_train,base,100,100,5,1,0.7355419528
pipe,/home/hwz/Transolver/LINEARNO/monitor/analysis/transolver_monitor_output_20260917_074049/LINEARNO/monitor/output/pipe/20260916_194330_pipe_Transolver_train,base,100,100,5,2,0.7234179284
pipe,/home/hwz/Transolver/LINEARNO/monitor/analysis/transolver_monitor_output_20260917_074049/LINEARNO/monitor/output/pipe/20260916_194330_pipe_Transolver_train,base,100,100,5,3,0.6675616186
pipe,/home/hwz/Transolver/LINEARNO/monitor/analysis/transolver_monitor_output_20260917_074049/LINEARNO/monitor/output/pipe/20260916_194330_pipe_Transolver_train,base,100,100,5,4,0.6925469097
pipe,/home/hwz/Transolver/LINEARNO/monitor/analysis/transolver_monitor_output_20260917_074049/LINEARNO/monitor/output/pipe/20260916_194330_pipe_Transolver_train,base,100,100,5,5,1
pipe,/home/hwz/Transolver/LINEARNO/monitor/analysis/transolver_monitor_output_20260917_074049/LINEARNO/monitor/output/pipe/20260916_194330_pipe_Transolver_train,base,100,100,5,6,0.5943069886
pipe,/home/hwz/Transolver/LINEARNO/monitor/analysis/transolver_monitor_output_20260917_074049/LINEARNO/monitor/output/pipe/20260916_194330_pipe_Transolver_train,base,100,100,5,7,0.5810579937
pipe,/home/hwz/Transolver/LINEARNO/monitor/analysis/transolver_monitor_output_20260917_074049/LINEARNO/monitor/output/pipe/20260916_194330_pipe_Transolver_train,base,100,100,5,8,0.6186133232
pipe,/home/hwz/Transolver/LINEARNO/monitor/analysis/transolver_monitor_output_20260917_074049/LINEARNO/monitor/output/pipe/20260916_194330_pipe_Transolver_train,base,100,100,6,1,0.6969498908
pipe,/home/hwz/Transolver/LINEARNO/monitor/analysis/transolver_monitor_output_20260917_074049/LINEARNO/monitor/output/pipe/20260916_194330_pipe_Transolver_train,base,100,100,6,2,0.5920032933
pipe,/home/hwz/Transolver/LINEARNO/monitor/analysis/transolver_monitor_output_20260917_074049/LINEARNO/monitor/output/pipe/20260916_194330_pipe_Transolver_train,base,100,100,6,3,0.5016948767
pipe,/home/hwz/Transolver/LINEARNO/monitor/analysis/transolver_monitor_output_20260917_074049/LINEARNO/monitor/output/pipe/20260916_194330_pipe_Transolver_train,base,100,100,6,4,0.5697442126
pipe,/home/hwz/Transolver/LINEARNO/monitor/analysis/transolver_monitor_output_20260917_074049/LINEARNO/monitor/output/pipe/20260916_194330_pipe_Transolver_train,base,100,100,6,5,0.5943069886
pipe,/home/hwz/Transolver/LINEARNO/monitor/analysis/transolver_monitor_output_20260917_074049/LINEARNO/monitor/output/pipe/20260916_194330_pipe_Transolver_train,base,100,100,6,6,1
pipe,/home/hwz/Transolver/LINEARNO/monitor/analysis/transolver_monitor_output_20260917_074049/LINEARNO/monitor/output/pipe/20260916_194330_pipe_Transolver_train,base,100,100,6,7,0.6292139208
pipe,/home/hwz/Transolver/LINEARNO/monitor/analysis/transolver_monitor_output_20260917_074049/LINEARNO/monitor/output/pipe/20260916_194330_pipe_Transolver_train,base,100,100,6,8,0.6970272511
pipe,/home/hwz/Transolver/LINEARNO/monitor/analysis/transolver_monitor_output_20260917_074049/LINEARNO/monitor/output/pipe/20260916_194330_pipe_Transolver_train,base,100,100,7,1,0.5967818769
pipe,/home/hwz/Transolver/LINEARNO/monitor/analysis/transolver_monitor_output_20260917_074049/LINEARNO/monitor/output/pipe/20260916_194330_pipe_Transolver_train,base,100,100,7,2,0.556129816
pipe,/home/hwz/Transolver/LINEARNO/monitor/analysis/transolver_monitor_output_20260917_074049/LINEARNO/monitor/output/pipe/20260916_194330_pipe_Transolver_train,base,100,100,7,3,0.4720867379
pipe,/home/hwz/Transolver/LINEARNO/monitor/analysis/transolver_monitor_output_20260917_074049/LINEARNO/monitor/output/pipe/20260916_194330_pipe_Transolver_train,base,100,100,7,4,0.4830527827
pipe,/home/hwz/Transolver/LINEARNO/monitor/analysis/transolver_monitor_output_20260917_074049/LINEARNO/monitor/output/pipe/20260916_194330_pipe_Transolver_train,base,100,100,7,5,0.5810579937
pipe,/home/hwz/Transolver/LINEARNO/monitor/analysis/transolver_monitor_output_20260917_074049/LINEARNO/monitor/output/pipe/20260916_194330_pipe_Transolver_train,base,100,100,7,6,0.6292139208
pipe,/home/hwz/Transolver/LINEARNO/monitor/analysis/transolver_monitor_output_20260917_074049/LINEARNO/monitor/output/pipe/20260916_194330_pipe_Transolver_train,base,100,100,7,7,1
pipe,/home/hwz/Transolver/LINEARNO/monitor/analysis/transolver_monitor_output_20260917_074049/LINEARNO/monitor/output/pipe/20260916_194330_pipe_Transolver_train,base,100,100,7,8,0.6045068437
pipe,/home/hwz/Transolver/LINEARNO/monitor/analysis/transolver_monitor_output_20260917_074049/LINEARNO/monitor/output/pipe/20260916_194330_pipe_Transolver_train,base,100,100,8,1,0.7596930042
pipe,/home/hwz/Transolver/LINEARNO/monitor/analysis/transolver_monitor_output_20260917_074049/LINEARNO/monitor/output/pipe/20260916_194330_pipe_Transolver_train,base,100,100,8,2,0.6260012351
pipe,/home/hwz/Transolver/LINEARNO/monitor/analysis/transolver_monitor_output_20260917_074049/LINEARNO/monitor/output/pipe/20260916_194330_pipe_Transolver_train,base,100,100,8,3,0.5440994706
pipe,/home/hwz/Transolver/LINEARNO/monitor/analysis/transolver_monitor_output_20260917_074049/LINEARNO/monitor/output/pipe/20260916_194330_pipe_Transolver_train,base,100,100,8,4,0.6142465202
pipe,/home/hwz/Transolver/LINEARNO/monitor/analysis/transolver_monitor_output_20260917_074049/LINEARNO/monitor/output/pipe/20260916_194330_pipe_Transolver_train,base,100,100,8,5,0.6186133232
pipe,/home/hwz/Transolver/LINEARNO/monitor/analysis/transolver_monitor_output_20260917_074049/LINEARNO/monitor/output/pipe/20260916_194330_pipe_Transolver_train,base,100,100,8,6,0.6970272511
pipe,/home/hwz/Transolver/LINEARNO/monitor/analysis/transolver_monitor_output_20260917_074049/LINEARNO/monitor/output/pipe/20260916_194330_pipe_Transolver_train,base,100,100,8,7,0.6045068437
pipe,/home/hwz/Transolver/LINEARNO/monitor/analysis/transolver_monitor_output_20260917_074049/LINEARNO/monitor/output/pipe/20260916_194330_pipe_Transolver_train,base,100,100,8,8,1
pipe,/home/hwz/Transolver/LINEARNO/monitor/analysis/transolver_monitor_output_20260917_074049/LINEARNO/monitor/output/pipe/20260916_194330_pipe_Transolver_train,base,200,200,1,1,1
pipe,/home/hwz/Transolver/LINEARNO/monitor/analysis/transolver_monitor_output_20260917_074049/LINEARNO/monitor/output/pipe/20260916_194330_pipe_Transolver_train,base,200,200,1,2,0.7301328983
pipe,/home/hwz/Transolver/LINEARNO/monitor/analysis/transolver_monitor_output_20260917_074049/LINEARNO/monitor/output/pipe/20260916_194330_pipe_Transolver_train,base,200,200,1,3,0.7384199519
pipe,/home/hwz/Transolver/LINEARNO/monitor/analysis/transolver_monitor_output_20260917_074049/LINEARNO/monitor/output/pipe/20260916_194330_pipe_Transolver_train,base,200,200,1,4,0.7115926575
pipe,/home/hwz/Transolver/LINEARNO/monitor/analysis/transolver_monitor_output_20260917_074049/LINEARNO/monitor/output/pipe/20260916_194330_pipe_Transolver_train,base,200,200,1,5,0.7308066506
pipe,/home/hwz/Transolver/LINEARNO/monitor/analysis/transolver_monitor_output_20260917_074049/LINEARNO/monitor/output/pipe/20260916_194330_pipe_Transolver_train,base,200,200,1,6,0.6190943532
pipe,/home/hwz/Transolver/LINEARNO/monitor/analysis/transolver_monitor_output_20260917_074049/LINEARNO/monitor/output/pipe/20260916_194330_pipe_Transolver_train,base,200,200,1,7,0.5317628449
pipe,/home/hwz/Transolver/LINEARNO/monitor/analysis/transolver_monitor_output_20260917_074049/LINEARNO/monitor/output/pipe/20260916_194330_pipe_Transolver_train,base,200,200,1,8,0.6537274122
pipe,/home/hwz/Transolver/LINEARNO/monitor/analysis/transolver_monitor_output_20260917_074049/LINEARNO/monitor/output/pipe/20260916_194330_pipe_Transolver_train,base,200,200,2,1,0.7301328983
pipe,/home/hwz/Transolver/LINEARNO/monitor/analysis/transolver_monitor_output_20260917_074049/LINEARNO/monitor/output/pipe/20260916_194330_pipe_Transolver_train,base,200,200,2,2,1
pipe,/home/hwz/Transolver/LINEARNO/monitor/analysis/transolver_monitor_output_20260917_074049/LINEARNO/monitor/output/pipe/20260916_194330_pipe_Transolver_train,base,200,200,2,3,0.7540752869
pipe,/home/hwz/Transolver/LINEARNO/monitor/analysis/transolver_monitor_output_20260917_074049/LINEARNO/monitor/output/pipe/20260916_194330_pipe_Transolver_train,base,200,200,2,4,0.7104993686
pipe,/home/hwz/Transolver/LINEARNO/monitor/analysis/transolver_monitor_output_20260917_074049/LINEARNO/monitor/output/pipe/20260916_194330_pipe_Transolver_train,base,200,200,2,5,0.7332823854
pipe,/home/hwz/Transolver/LINEARNO/monitor/analysis/transolver_monitor_output_20260917_074049/LINEARNO/monitor/output/pipe/20260916_194330_pipe_Transolver_train,base,200,200,2,6,0.5785606736
pipe,/home/hwz/Transolver/LINEARNO/monitor/analysis/transolver_monitor_output_20260917_074049/LINEARNO/monitor/output/pipe/20260916_194330_pipe_Transolver_train,base,200,200,2,7,0.5443013879
pipe,/home/hwz/Transolver/LINEARNO/monitor/analysis/transolver_monitor_output_20260917_074049/LINEARNO/monitor/output/pipe/20260916_194330_pipe_Transolver_train,base,200,200,2,8,0.6265893709
pipe,/home/hwz/Transolver/LINEARNO/monitor/analysis/transolver_monitor_output_20260917_074049/LINEARNO/monitor/output/pipe/20260916_194330_pipe_Transolver_train,base,200,200,3,1,0.7384199519
pipe,/home/hwz/Transolver/LINEARNO/monitor/analysis/transolver_monitor_output_20260917_074049/LINEARNO/monitor/output/pipe/20260916_194330_pipe_Transolver_train,base,200,200,3,2,0.7540752869
pipe,/home/hwz/Transolver/LINEARNO/monitor/analysis/transolver_monitor_output_20260917_074049/LINEARNO/monitor/output/pipe/20260916_194330_pipe_Transolver_train,base,200,200,3,3,1
pipe,/home/hwz/Transolver/LINEARNO/monitor/analysis/transolver_monitor_output_20260917_074049/LINEARNO/monitor/output/pipe/20260916_194330_pipe_Transolver_train,base,200,200,3,4,0.7442440186
pipe,/home/hwz/Transolver/LINEARNO/monitor/analysis/transolver_monitor_output_20260917_074049/LINEARNO/monitor/output/pipe/20260916_194330_pipe_Transolver_train,base,200,200,3,5,0.7506571263
pipe,/home/hwz/Transolver/LINEARNO/monitor/analysis/transolver_monitor_output_20260917_074049/LINEARNO/monitor/output/pipe/20260916_194330_pipe_Transolver_train,base,200,200,3,6,0.5218883594
pipe,/home/hwz/Transolver/LINEARNO/monitor/analysis/transolver_monitor_output_20260917_074049/LINEARNO/monitor/output/pipe/20260916_194330_pipe_Transolver_train,base,200,200,3,7,0.488830803
pipe,/home/hwz/Transolver/LINEARNO/monitor/analysis/transolver_monitor_output_20260917_074049/LINEARNO/monitor/output/pipe/20260916_194330_pipe_Transolver_train,base,200,200,3,8,0.6094977185
pipe,/home/hwz/Transolver/LINEARNO/monitor/analysis/transolver_monitor_output_20260917_074049/LINEARNO/monitor/output/pipe/20260916_194330_pipe_Transolver_train,base,200,200,4,1,0.7115926575
pipe,/home/hwz/Transolver/LINEARNO/monitor/analysis/transolver_monitor_output_20260917_074049/LINEARNO/monitor/output/pipe/20260916_194330_pipe_Transolver_train,base,200,200,4,2,0.7104993686
pipe,/home/hwz/Transolver/LINEARNO/monitor/analysis/transolver_monitor_output_20260917_074049/LINEARNO/monitor/output/pipe/20260916_194330_pipe_Transolver_train,base,200,200,4,3,0.7442440186
pipe,/home/hwz/Transolver/LINEARNO/monitor/analysis/transolver_monitor_output_20260917_074049/LINEARNO/monitor/output/pipe/20260916_194330_pipe_Transolver_train,base,200,200,4,4,1
pipe,/home/hwz/Transolver/LINEARNO/monitor/analysis/transolver_monitor_output_20260917_074049/LINEARNO/monitor/output/pipe/20260916_194330_pipe_Transolver_train,base,200,200,4,5,0.7023082357
pipe,/home/hwz/Transolver/LINEARNO/monitor/analysis/transolver_monitor_output_20260917_074049/LINEARNO/monitor/output/pipe/20260916_194330_pipe_Transolver_train,base,200,200,4,6,0.515300978
pipe,/home/hwz/Transolver/LINEARNO/monitor/analysis/transolver_monitor_output_20260917_074049/LINEARNO/monitor/output/pipe/20260916_194330_pipe_Transolver_train,base,200,200,4,7,0.4727406832
pipe,/home/hwz/Transolver/LINEARNO/monitor/analysis/transolver_monitor_output_20260917_074049/LINEARNO/monitor/output/pipe/20260916_194330_pipe_Transolver_train,base,200,200,4,8,0.6005408205
pipe,/home/hwz/Transolver/LINEARNO/monitor/analysis/transolver_monitor_output_20260917_074049/LINEARNO/monitor/output/pipe/20260916_194330_pipe_Transolver_train,base,200,200,5,1,0.7308066506
pipe,/home/hwz/Transolver/LINEARNO/monitor/analysis/transolver_monitor_output_20260917_074049/LINEARNO/monitor/output/pipe/20260916_194330_pipe_Transolver_train,base,200,200,5,2,0.7332823854
pipe,/home/hwz/Transolver/LINEARNO/monitor/analysis/transolver_monitor_output_20260917_074049/LINEARNO/monitor/output/pipe/20260916_194330_pipe_Transolver_train,base,200,200,5,3,0.7506571263
pipe,/home/hwz/Transolver/LINEARNO/monitor/analysis/transolver_monitor_output_20260917_074049/LINEARNO/monitor/output/pipe/20260916_194330_pipe_Transolver_train,base,200,200,5,4,0.7023082357
pipe,/home/hwz/Transolver/LINEARNO/monitor/analysis/transolver_monitor_output_20260917_074049/LINEARNO/monitor/output/pipe/20260916_194330_pipe_Transolver_train,base,200,200,5,5,1
pipe,/home/hwz/Transolver/LINEARNO/monitor/analysis/transolver_monitor_output_20260917_074049/LINEARNO/monitor/output/pipe/20260916_194330_pipe_Transolver_train,base,200,200,5,6,0.5416098163
pipe,/home/hwz/Transolver/LINEARNO/monitor/analysis/transolver_monitor_output_20260917_074049/LINEARNO/monitor/output/pipe/20260916_194330_pipe_Transolver_train,base,200,200,5,7,0.533654104
pipe,/home/hwz/Transolver/LINEARNO/monitor/analysis/transolver_monitor_output_20260917_074049/LINEARNO/monitor/output/pipe/20260916_194330_pipe_Transolver_train,base,200,200,5,8,0.6349859992
pipe,/home/hwz/Transolver/LINEARNO/monitor/analysis/transolver_monitor_output_20260917_074049/LINEARNO/monitor/output/pipe/20260916_194330_pipe_Transolver_train,base,200,200,6,1,0.6190943532
pipe,/home/hwz/Transolver/LINEARNO/monitor/analysis/transolver_monitor_output_20260917_074049/LINEARNO/monitor/output/pipe/20260916_194330_pipe_Transolver_train,base,200,200,6,2,0.5785606736
pipe,/home/hwz/Transolver/LINEARNO/monitor/analysis/transolver_monitor_output_20260917_074049/LINEARNO/monitor/output/pipe/20260916_194330_pipe_Transolver_train,base,200,200,6,3,0.5218883594
pipe,/home/hwz/Transolver/LINEARNO/monitor/analysis/transolver_monitor_output_20260917_074049/LINEARNO/monitor/output/pipe/20260916_194330_pipe_Transolver_train,base,200,200,6,4,0.515300978
pipe,/home/hwz/Transolver/LINEARNO/monitor/analysis/transolver_monitor_output_20260917_074049/LINEARNO/monitor/output/pipe/20260916_194330_pipe_Transolver_train,base,200,200,6,5,0.5416098163
pipe,/home/hwz/Transolver/LINEARNO/monitor/analysis/transolver_monitor_output_20260917_074049/LINEARNO/monitor/output/pipe/20260916_194330_pipe_Transolver_train,base,200,200,6,6,1
pipe,/home/hwz/Transolver/LINEARNO/monitor/analysis/transolver_monitor_output_20260917_074049/LINEARNO/monitor/output/pipe/20260916_194330_pipe_Transolver_train,base,200,200,6,7,0.5529878978
pipe,/home/hwz/Transolver/LINEARNO/monitor/analysis/transolver_monitor_output_20260917_074049/LINEARNO/monitor/output/pipe/20260916_194330_pipe_Transolver_train,base,200,200,6,8,0.5305607934
pipe,/home/hwz/Transolver/LINEARNO/monitor/analysis/transolver_monitor_output_20260917_074049/LINEARNO/monitor/output/pipe/20260916_194330_pipe_Transolver_train,base,200,200,7,1,0.5317628449
pipe,/home/hwz/Transolver/LINEARNO/monitor/analysis/transolver_monitor_output_20260917_074049/LINEARNO/monitor/output/pipe/20260916_194330_pipe_Transolver_train,base,200,200,7,2,0.5443013879
pipe,/home/hwz/Transolver/LINEARNO/monitor/analysis/transolver_monitor_output_20260917_074049/LINEARNO/monitor/output/pipe/20260916_194330_pipe_Transolver_train,base,200,200,7,3,0.488830803
pipe,/home/hwz/Transolver/LINEARNO/monitor/analysis/transolver_monitor_output_20260917_074049/LINEARNO/monitor/output/pipe/20260916_194330_pipe_Transolver_train,base,200,200,7,4,0.4727406832
pipe,/home/hwz/Transolver/LINEARNO/monitor/analysis/transolver_monitor_output_20260917_074049/LINEARNO/monitor/output/pipe/20260916_194330_pipe_Transolver_train,base,200,200,7,5,0.533654104
pipe,/home/hwz/Transolver/LINEARNO/monitor/analysis/transolver_monitor_output_20260917_074049/LINEARNO/monitor/output/pipe/20260916_194330_pipe_Transolver_train,base,200,200,7,6,0.5529878978
pipe,/home/hwz/Transolver/LINEARNO/monitor/analysis/transolver_monitor_output_20260917_074049/LINEARNO/monitor/output/pipe/20260916_194330_pipe_Transolver_train,base,200,200,7,7,1
pipe,/home/hwz/Transolver/LINEARNO/monitor/analysis/transolver_monitor_output_20260917_074049/LINEARNO/monitor/output/pipe/20260916_194330_pipe_Transolver_train,base,200,200,7,8,0.503216886
pipe,/home/hwz/Transolver/LINEARNO/monitor/analysis/transolver_monitor_output_20260917_074049/LINEARNO/monitor/output/pipe/20260916_194330_pipe_Transolver_train,base,200,200,8,1,0.6537274122
pipe,/home/hwz/Transolver/LINEARNO/monitor/analysis/transolver_monitor_output_20260917_074049/LINEARNO/monitor/output/pipe/20260916_194330_pipe_Transolver_train,base,200,200,8,2,0.6265893709
pipe,/home/hwz/Transolver/LINEARNO/monitor/analysis/transolver_monitor_output_20260917_074049/LINEARNO/monitor/output/pipe/20260916_194330_pipe_Transolver_train,base,200,200,8,3,0.6094977185
pipe,/home/hwz/Transolver/LINEARNO/monitor/analysis/transolver_monitor_output_20260917_074049/LINEARNO/monitor/output/pipe/20260916_194330_pipe_Transolver_train,base,200,200,8,4,0.6005408205
pipe,/home/hwz/Transolver/LINEARNO/monitor/analysis/transolver_monitor_output_20260917_074049/LINEARNO/monitor/output/pipe/20260916_194330_pipe_Transolver_train,base,200,200,8,5,0.6349859992
pipe,/home/hwz/Transolver/LINEARNO/monitor/analysis/transolver_monitor_output_20260917_074049/LINEARNO/monitor/output/pipe/20260916_194330_pipe_Transolver_train,base,200,200,8,6,0.5305607934
pipe,/home/hwz/Transolver/LINEARNO/monitor/analysis/transolver_monitor_output_20260917_074049/LINEARNO/monitor/output/pipe/20260916_194330_pipe_Transolver_train,base,200,200,8,7,0.503216886
pipe,/home/hwz/Transolver/LINEARNO/monitor/analysis/transolver_monitor_output_20260917_074049/LINEARNO/monitor/output/pipe/20260916_194330_pipe_Transolver_train,base,200,200,8,8,1
pipe,/home/hwz/Transolver/LINEARNO/monitor/analysis/transolver_monitor_output_20260917_074049/LINEARNO/monitor/output/pipe/20260916_194330_pipe_Transolver_train,base,300,300,1,1,1
pipe,/home/hwz/Transolver/LINEARNO/monitor/analysis/transolver_monitor_output_20260917_074049/LINEARNO/monitor/output/pipe/20260916_194330_pipe_Transolver_train,base,300,300,1,2,0.7506009694
pipe,/home/hwz/Transolver/LINEARNO/monitor/analysis/transolver_monitor_output_20260917_074049/LINEARNO/monitor/output/pipe/20260916_194330_pipe_Transolver_train,base,300,300,1,3,0.7495325431
pipe,/home/hwz/Transolver/LINEARNO/monitor/analysis/transolver_monitor_output_20260917_074049/LINEARNO/monitor/output/pipe/20260916_194330_pipe_Transolver_train,base,300,300,1,4,0.7181917578
pipe,/home/hwz/Transolver/LINEARNO/monitor/analysis/transolver_monitor_output_20260917_074049/LINEARNO/monitor/output/pipe/20260916_194330_pipe_Transolver_train,base,300,300,1,5,0.7099135974
pipe,/home/hwz/Transolver/LINEARNO/monitor/analysis/transolver_monitor_output_20260917_074049/LINEARNO/monitor/output/pipe/20260916_194330_pipe_Transolver_train,base,300,300,1,6,0.5709380144
pipe,/home/hwz/Transolver/LINEARNO/monitor/analysis/transolver_monitor_output_20260917_074049/LINEARNO/monitor/output/pipe/20260916_194330_pipe_Transolver_train,base,300,300,1,7,0.5290457057
pipe,/home/hwz/Transolver/LINEARNO/monitor/analysis/transolver_monitor_output_20260917_074049/LINEARNO/monitor/output/pipe/20260916_194330_pipe_Transolver_train,base,300,300,1,8,0.643475635
pipe,/home/hwz/Transolver/LINEARNO/monitor/analysis/transolver_monitor_output_20260917_074049/LINEARNO/monitor/output/pipe/20260916_194330_pipe_Transolver_train,base,300,300,2,1,0.7506009694
pipe,/home/hwz/Transolver/LINEARNO/monitor/analysis/transolver_monitor_output_20260917_074049/LINEARNO/monitor/output/pipe/20260916_194330_pipe_Transolver_train,base,300,300,2,2,1
pipe,/home/hwz/Transolver/LINEARNO/monitor/analysis/transolver_monitor_output_20260917_074049/LINEARNO/monitor/output/pipe/20260916_194330_pipe_Transolver_train,base,300,300,2,3,0.7625906207
pipe,/home/hwz/Transolver/LINEARNO/monitor/analysis/transolver_monitor_output_20260917_074049/LINEARNO/monitor/output/pipe/20260916_194330_pipe_Transolver_train,base,300,300,2,4,0.7163097253
pipe,/home/hwz/Transolver/LINEARNO/monitor/analysis/transolver_monitor_output_20260917_074049/LINEARNO/monitor/output/pipe/20260916_194330_pipe_Transolver_train,base,300,300,2,5,0.7290450623
pipe,/home/hwz/Transolver/LINEARNO/monitor/analysis/transolver_monitor_output_20260917_074049/LINEARNO/monitor/output/pipe/20260916_194330_pipe_Transolver_train,base,300,300,2,6,0.5587647278
pipe,/home/hwz/Transolver/LINEARNO/monitor/analysis/transolver_monitor_output_20260917_074049/LINEARNO/monitor/output/pipe/20260916_194330_pipe_Transolver_train,base,300,300,2,7,0.5606766082
pipe,/home/hwz/Transolver/LINEARNO/monitor/analysis/transolver_monitor_output_20260917_074049/LINEARNO/monitor/output/pipe/20260916_194330_pipe_Transolver_train,base,300,300,2,8,0.6288010981
pipe,/home/hwz/Transolver/LINEARNO/monitor/analysis/transolver_monitor_output_20260917_074049/LINEARNO/monitor/output/pipe/20260916_194330_pipe_Transolver_train,base,300,300,3,1,0.7495325431
pipe,/home/hwz/Transolver/LINEARNO/monitor/analysis/transolver_monitor_output_20260917_074049/LINEARNO/monitor/output/pipe/20260916_194330_pipe_Transolver_train,base,300,300,3,2,0.7625906207
pipe,/home/hwz/Transolver/LINEARNO/monitor/analysis/transolver_monitor_output_20260917_074049/LINEARNO/monitor/output/pipe/20260916_194330_pipe_Transolver_train,base,300,300,3,3,1
pipe,/home/hwz/Transolver/LINEARNO/monitor/analysis/transolver_monitor_output_20260917_074049/LINEARNO/monitor/output/pipe/20260916_194330_pipe_Transolver_train,base,300,300,3,4,0.7441959772
pipe,/home/hwz/Transolver/LINEARNO/monitor/analysis/transolver_monitor_output_20260917_074049/LINEARNO/monitor/output/pipe/20260916_194330_pipe_Transolver_train,base,300,300,3,5,0.7304208875
pipe,/home/hwz/Transolver/LINEARNO/monitor/analysis/transolver_monitor_output_20260917_074049/LINEARNO/monitor/output/pipe/20260916_194330_pipe_Transolver_train,base,300,300,3,6,0.5042815935
pipe,/home/hwz/Transolver/LINEARNO/monitor/analysis/transolver_monitor_output_20260917_074049/LINEARNO/monitor/output/pipe/20260916_194330_pipe_Transolver_train,base,300,300,3,7,0.5095495861
pipe,/home/hwz/Transolver/LINEARNO/monitor/analysis/transolver_monitor_output_20260917_074049/LINEARNO/monitor/output/pipe/20260916_194330_pipe_Transolver_train,base,300,300,3,8,0.6258990755
pipe,/home/hwz/Transolver/LINEARNO/monitor/analysis/transolver_monitor_output_20260917_074049/LINEARNO/monitor/output/pipe/20260916_194330_pipe_Transolver_train,base,300,300,4,1,0.7181917578
pipe,/home/hwz/Transolver/LINEARNO/monitor/analysis/transolver_monitor_output_20260917_074049/LINEARNO/monitor/output/pipe/20260916_194330_pipe_Transolver_train,base,300,300,4,2,0.7163097253
pipe,/home/hwz/Transolver/LINEARNO/monitor/analysis/transolver_monitor_output_20260917_074049/LINEARNO/monitor/output/pipe/20260916_194330_pipe_Transolver_train,base,300,300,4,3,0.7441959772
pipe,/home/hwz/Transolver/LINEARNO/monitor/analysis/transolver_monitor_output_20260917_074049/LINEARNO/monitor/output/pipe/20260916_194330_pipe_Transolver_train,base,300,300,4,4,1
pipe,/home/hwz/Transolver/LINEARNO/monitor/analysis/transolver_monitor_output_20260917_074049/LINEARNO/monitor/output/pipe/20260916_194330_pipe_Transolver_train,base,300,300,4,5,0.6989841452
pipe,/home/hwz/Transolver/LINEARNO/monitor/analysis/transolver_monitor_output_20260917_074049/LINEARNO/monitor/output/pipe/20260916_194330_pipe_Transolver_train,base,300,300,4,6,0.5051711979
pipe,/home/hwz/Transolver/LINEARNO/monitor/analysis/transolver_monitor_output_20260917_074049/LINEARNO/monitor/output/pipe/20260916_194330_pipe_Transolver_train,base,300,300,4,7,0.4877885599
pipe,/home/hwz/Transolver/LINEARNO/monitor/analysis/transolver_monitor_output_20260917_074049/LINEARNO/monitor/output/pipe/20260916_194330_pipe_Transolver_train,base,300,300,4,8,0.6081290627
pipe,/home/hwz/Transolver/LINEARNO/monitor/analysis/transolver_monitor_output_20260917_074049/LINEARNO/monitor/output/pipe/20260916_194330_pipe_Transolver_train,base,300,300,5,1,0.7099135974
pipe,/home/hwz/Transolver/LINEARNO/monitor/analysis/transolver_monitor_output_20260917_074049/LINEARNO/monitor/output/pipe/20260916_194330_pipe_Transolver_train,base,300,300,5,2,0.7290450623
pipe,/home/hwz/Transolver/LINEARNO/monitor/analysis/transolver_monitor_output_20260917_074049/LINEARNO/monitor/output/pipe/20260916_194330_pipe_Transolver_train,base,300,300,5,3,0.7304208875
pipe,/home/hwz/Transolver/LINEARNO/monitor/analysis/transolver_monitor_output_20260917_074049/LINEARNO/monitor/output/pipe/20260916_194330_pipe_Transolver_train,base,300,300,5,4,0.6989841452
pipe,/home/hwz/Transolver/LINEARNO/monitor/analysis/transolver_monitor_output_20260917_074049/LINEARNO/monitor/output/pipe/20260916_194330_pipe_Transolver_train,base,300,300,5,5,1
pipe,/home/hwz/Transolver/LINEARNO/monitor/analysis/transolver_monitor_output_20260917_074049/LINEARNO/monitor/output/pipe/20260916_194330_pipe_Transolver_train,base,300,300,5,6,0.5402856441
pipe,/home/hwz/Transolver/LINEARNO/monitor/analysis/transolver_monitor_output_20260917_074049/LINEARNO/monitor/output/pipe/20260916_194330_pipe_Transolver_train,base,300,300,5,7,0.5453163777
pipe,/home/hwz/Transolver/LINEARNO/monitor/analysis/transolver_monitor_output_20260917_074049/LINEARNO/monitor/output/pipe/20260916_194330_pipe_Transolver_train,base,300,300,5,8,0.6208854793
pipe,/home/hwz/Transolver/LINEARNO/monitor/analysis/transolver_monitor_output_20260917_074049/LINEARNO/monitor/output/pipe/20260916_194330_pipe_Transolver_train,base,300,300,6,1,0.5709380144
pipe,/home/hwz/Transolver/LINEARNO/monitor/analysis/transolver_monitor_output_20260917_074049/LINEARNO/monitor/output/pipe/20260916_194330_pipe_Transolver_train,base,300,300,6,2,0.5587647278
pipe,/home/hwz/Transolver/LINEARNO/monitor/analysis/transolver_monitor_output_20260917_074049/LINEARNO/monitor/output/pipe/20260916_194330_pipe_Transolver_train,base,300,300,6,3,0.5042815935
pipe,/home/hwz/Transolver/LINEARNO/monitor/analysis/transolver_monitor_output_20260917_074049/LINEARNO/monitor/output/pipe/20260916_194330_pipe_Transolver_train,base,300,300,6,4,0.5051711979
pipe,/home/hwz/Transolver/LINEARNO/monitor/analysis/transolver_monitor_output_20260917_074049/LINEARNO/monitor/output/pipe/20260916_194330_pipe_Transolver_train,base,300,300,6,5,0.5402856441
pipe,/home/hwz/Transolver/LINEARNO/monitor/analysis/transolver_monitor_output_20260917_074049/LINEARNO/monitor/output/pipe/20260916_194330_pipe_Transolver_train,base,300,300,6,6,1
pipe,/home/hwz/Transolver/LINEARNO/monitor/analysis/transolver_monitor_output_20260917_074049/LINEARNO/monitor/output/pipe/20260916_194330_pipe_Transolver_train,base,300,300,6,7,0.5488062063
pipe,/home/hwz/Transolver/LINEARNO/monitor/analysis/transolver_monitor_output_20260917_074049/LINEARNO/monitor/output/pipe/20260916_194330_pipe_Transolver_train,base,300,300,6,8,0.5205973992
pipe,/home/hwz/Transolver/LINEARNO/monitor/analysis/transolver_monitor_output_20260917_074049/LINEARNO/monitor/output/pipe/20260916_194330_pipe_Transolver_train,base,300,300,7,1,0.5290457057
pipe,/home/hwz/Transolver/LINEARNO/monitor/analysis/transolver_monitor_output_20260917_074049/LINEARNO/monitor/output/pipe/20260916_194330_pipe_Transolver_train,base,300,300,7,2,0.5606766082
pipe,/home/hwz/Transolver/LINEARNO/monitor/analysis/transolver_monitor_output_20260917_074049/LINEARNO/monitor/output/pipe/20260916_194330_pipe_Transolver_train,base,300,300,7,3,0.5095495861
pipe,/home/hwz/Transolver/LINEARNO/monitor/analysis/transolver_monitor_output_20260917_074049/LINEARNO/monitor/output/pipe/20260916_194330_pipe_Transolver_train,base,300,300,7,4,0.4877885599
pipe,/home/hwz/Transolver/LINEARNO/monitor/analysis/transolver_monitor_output_20260917_074049/LINEARNO/monitor/output/pipe/20260916_194330_pipe_Transolver_train,base,300,300,7,5,0.5453163777
pipe,/home/hwz/Transolver/LINEARNO/monitor/analysis/transolver_monitor_output_20260917_074049/LINEARNO/monitor/output/pipe/20260916_194330_pipe_Transolver_train,base,300,300,7,6,0.5488062063
pipe,/home/hwz/Transolver/LINEARNO/monitor/analysis/transolver_monitor_output_20260917_074049/LINEARNO/monitor/output/pipe/20260916_194330_pipe_Transolver_train,base,300,300,7,7,1
pipe,/home/hwz/Transolver/LINEARNO/monitor/analysis/transolver_monitor_output_20260917_074049/LINEARNO/monitor/output/pipe/20260916_194330_pipe_Transolver_train,base,300,300,7,8,0.5193098187
pipe,/home/hwz/Transolver/LINEARNO/monitor/analysis/transolver_monitor_output_20260917_074049/LINEARNO/monitor/output/pipe/20260916_194330_pipe_Transolver_train,base,300,300,8,1,0.643475635
pipe,/home/hwz/Transolver/LINEARNO/monitor/analysis/transolver_monitor_output_20260917_074049/LINEARNO/monitor/output/pipe/20260916_194330_pipe_Transolver_train,base,300,300,8,2,0.6288010981
pipe,/home/hwz/Transolver/LINEARNO/monitor/analysis/transolver_monitor_output_20260917_074049/LINEARNO/monitor/output/pipe/20260916_194330_pipe_Transolver_train,base,300,300,8,3,0.6258990755
pipe,/home/hwz/Transolver/LINEARNO/monitor/analysis/transolver_monitor_output_20260917_074049/LINEARNO/monitor/output/pipe/20260916_194330_pipe_Transolver_train,base,300,300,8,4,0.6081290627
pipe,/home/hwz/Transolver/LINEARNO/monitor/analysis/transolver_monitor_output_20260917_074049/LINEARNO/monitor/output/pipe/20260916_194330_pipe_Transolver_train,base,300,300,8,5,0.6208854793
pipe,/home/hwz/Transolver/LINEARNO/monitor/analysis/transolver_monitor_output_20260917_074049/LINEARNO/monitor/output/pipe/20260916_194330_pipe_Transolver_train,base,300,300,8,6,0.5205973992
pipe,/home/hwz/Transolver/LINEARNO/monitor/analysis/transolver_monitor_output_20260917_074049/LINEARNO/monitor/output/pipe/20260916_194330_pipe_Transolver_train,base,300,300,8,7,0.5193098187
pipe,/home/hwz/Transolver/LINEARNO/monitor/analysis/transolver_monitor_output_20260917_074049/LINEARNO/monitor/output/pipe/20260916_194330_pipe_Transolver_train,base,300,300,8,8,1
pipe,/home/hwz/Transolver/LINEARNO/monitor/analysis/transolver_monitor_output_20260917_074049/LINEARNO/monitor/output/pipe/20260916_194330_pipe_Transolver_train,base,400,400,1,1,1
pipe,/home/hwz/Transolver/LINEARNO/monitor/analysis/transolver_monitor_output_20260917_074049/LINEARNO/monitor/output/pipe/20260916_194330_pipe_Transolver_train,base,400,400,1,2,0.766256243
pipe,/home/hwz/Transolver/LINEARNO/monitor/analysis/transolver_monitor_output_20260917_074049/LINEARNO/monitor/output/pipe/20260916_194330_pipe_Transolver_train,base,400,400,1,3,0.7571139056
pipe,/home/hwz/Transolver/LINEARNO/monitor/analysis/transolver_monitor_output_20260917_074049/LINEARNO/monitor/output/pipe/20260916_194330_pipe_Transolver_train,base,400,400,1,4,0.7298760861
pipe,/home/hwz/Transolver/LINEARNO/monitor/analysis/transolver_monitor_output_20260917_074049/LINEARNO/monitor/output/pipe/20260916_194330_pipe_Transolver_train,base,400,400,1,5,0.7447519563
pipe,/home/hwz/Transolver/LINEARNO/monitor/analysis/transolver_monitor_output_20260917_074049/LINEARNO/monitor/output/pipe/20260916_194330_pipe_Transolver_train,base,400,400,1,6,0.595935381
pipe,/home/hwz/Transolver/LINEARNO/monitor/analysis/transolver_monitor_output_20260917_074049/LINEARNO/monitor/output/pipe/20260916_194330_pipe_Transolver_train,base,400,400,1,7,0.5381261315
pipe,/home/hwz/Transolver/LINEARNO/monitor/analysis/transolver_monitor_output_20260917_074049/LINEARNO/monitor/output/pipe/20260916_194330_pipe_Transolver_train,base,400,400,1,8,0.6577708181
pipe,/home/hwz/Transolver/LINEARNO/monitor/analysis/transolver_monitor_output_20260917_074049/LINEARNO/monitor/output/pipe/20260916_194330_pipe_Transolver_train,base,400,400,2,1,0.766256243
pipe,/home/hwz/Transolver/LINEARNO/monitor/analysis/transolver_monitor_output_20260917_074049/LINEARNO/monitor/output/pipe/20260916_194330_pipe_Transolver_train,base,400,400,2,2,1
pipe,/home/hwz/Transolver/LINEARNO/monitor/analysis/transolver_monitor_output_20260917_074049/LINEARNO/monitor/output/pipe/20260916_194330_pipe_Transolver_train,base,400,400,2,3,0.769342538
pipe,/home/hwz/Transolver/LINEARNO/monitor/analysis/transolver_monitor_output_20260917_074049/LINEARNO/monitor/output/pipe/20260916_194330_pipe_Transolver_train,base,400,400,2,4,0.71965882
pipe,/home/hwz/Transolver/LINEARNO/monitor/analysis/transolver_monitor_output_20260917_074049/LINEARNO/monitor/output/pipe/20260916_194330_pipe_Transolver_train,base,400,400,2,5,0.7595875636
pipe,/home/hwz/Transolver/LINEARNO/monitor/analysis/transolver_monitor_output_20260917_074049/LINEARNO/monitor/output/pipe/20260916_194330_pipe_Transolver_train,base,400,400,2,6,0.5887396447
pipe,/home/hwz/Transolver/LINEARNO/monitor/analysis/transolver_monitor_output_20260917_074049/LINEARNO/monitor/output/pipe/20260916_194330_pipe_Transolver_train,base,400,400,2,7,0.5761459265
pipe,/home/hwz/Transolver/LINEARNO/monitor/analysis/transolver_monitor_output_20260917_074049/LINEARNO/monitor/output/pipe/20260916_194330_pipe_Transolver_train,base,400,400,2,8,0.6449561575
pipe,/home/hwz/Transolver/LINEARNO/monitor/analysis/transolver_monitor_output_20260917_074049/LINEARNO/monitor/output/pipe/20260916_194330_pipe_Transolver_train,base,400,400,3,1,0.7571139056
pipe,/home/hwz/Transolver/LINEARNO/monitor/analysis/transolver_monitor_output_20260917_074049/LINEARNO/monitor/output/pipe/20260916_194330_pipe_Transolver_train,base,400,400,3,2,0.769342538
pipe,/home/hwz/Transolver/LINEARNO/monitor/analysis/transolver_monitor_output_20260917_074049/LINEARNO/monitor/output/pipe/20260916_194330_pipe_Transolver_train,base,400,400,3,3,1
pipe,/home/hwz/Transolver/LINEARNO/monitor/analysis/transolver_monitor_output_20260917_074049/LINEARNO/monitor/output/pipe/20260916_194330_pipe_Transolver_train,base,400,400,3,4,0.7479103766
pipe,/home/hwz/Transolver/LINEARNO/monitor/analysis/transolver_monitor_output_20260917_074049/LINEARNO/monitor/output/pipe/20260916_194330_pipe_Transolver_train,base,400,400,3,5,0.7600847334
pipe,/home/hwz/Transolver/LINEARNO/monitor/analysis/transolver_monitor_output_20260917_074049/LINEARNO/monitor/output/pipe/20260916_194330_pipe_Transolver_train,base,400,400,3,6,0.5291883126
pipe,/home/hwz/Transolver/LINEARNO/monitor/analysis/transolver_monitor_output_20260917_074049/LINEARNO/monitor/output/pipe/20260916_194330_pipe_Transolver_train,base,400,400,3,7,0.5258579291
pipe,/home/hwz/Transolver/LINEARNO/monitor/analysis/transolver_monitor_output_20260917_074049/LINEARNO/monitor/output/pipe/20260916_194330_pipe_Transolver_train,base,400,400,3,8,0.6385267228
pipe,/home/hwz/Transolver/LINEARNO/monitor/analysis/transolver_monitor_output_20260917_074049/LINEARNO/monitor/output/pipe/20260916_194330_pipe_Transolver_train,base,400,400,4,1,0.7298760861
pipe,/home/hwz/Transolver/LINEARNO/monitor/analysis/transolver_monitor_output_20260917_074049/LINEARNO/monitor/output/pipe/20260916_194330_pipe_Transolver_train,base,400,400,4,2,0.71965882
pipe,/home/hwz/Transolver/LINEARNO/monitor/analysis/transolver_monitor_output_20260917_074049/LINEARNO/monitor/output/pipe/20260916_194330_pipe_Transolver_train,base,400,400,4,3,0.7479103766
pipe,/home/hwz/Transolver/LINEARNO/monitor/analysis/transolver_monitor_output_20260917_074049/LINEARNO/monitor/output/pipe/20260916_194330_pipe_Transolver_train,base,400,400,4,4,1
pipe,/home/hwz/Transolver/LINEARNO/monitor/analysis/transolver_monitor_output_20260917_074049/LINEARNO/monitor/output/pipe/20260916_194330_pipe_Transolver_train,base,400,400,4,5,0.7196930367
pipe,/home/hwz/Transolver/LINEARNO/monitor/analysis/transolver_monitor_output_20260917_074049/LINEARNO/monitor/output/pipe/20260916_194330_pipe_Transolver_train,base,400,400,4,6,0.5237083165
pipe,/home/hwz/Transolver/LINEARNO/monitor/analysis/transolver_monitor_output_20260917_074049/LINEARNO/monitor/output/pipe/20260916_194330_pipe_Transolver_train,base,400,400,4,7,0.4939102726
pipe,/home/hwz/Transolver/LINEARNO/monitor/analysis/transolver_monitor_output_20260917_074049/LINEARNO/monitor/output/pipe/20260916_194330_pipe_Transolver_train,base,400,400,4,8,0.6151861185
pipe,/home/hwz/Transolver/LINEARNO/monitor/analysis/transolver_monitor_output_20260917_074049/LINEARNO/monitor/output/pipe/20260916_194330_pipe_Transolver_train,base,400,400,5,1,0.7447519563
pipe,/home/hwz/Transolver/LINEARNO/monitor/analysis/transolver_monitor_output_20260917_074049/LINEARNO/monitor/output/pipe/20260916_194330_pipe_Transolver_train,base,400,400,5,2,0.7595875636
pipe,/home/hwz/Transolver/LINEARNO/monitor/analysis/transolver_monitor_output_20260917_074049/LINEARNO/monitor/output/pipe/20260916_194330_pipe_Transolver_train,base,400,400,5,3,0.7600847334
pipe,/home/hwz/Transolver/LINEARNO/monitor/analysis/transolver_monitor_output_20260917_074049/LINEARNO/monitor/output/pipe/20260916_194330_pipe_Transolver_train,base,400,400,5,4,0.7196930367
pipe,/home/hwz/Transolver/LINEARNO/monitor/analysis/transolver_monitor_output_20260917_074049/LINEARNO/monitor/output/pipe/20260916_194330_pipe_Transolver_train,base,400,400,5,5,1
pipe,/home/hwz/Transolver/LINEARNO/monitor/analysis/transolver_monitor_output_20260917_074049/LINEARNO/monitor/output/pipe/20260916_194330_pipe_Transolver_train,base,400,400,5,6,0.5476291282
pipe,/home/hwz/Transolver/LINEARNO/monitor/analysis/transolver_monitor_output_20260917_074049/LINEARNO/monitor/output/pipe/20260916_194330_pipe_Transolver_train,base,400,400,5,7,0.558854755
pipe,/home/hwz/Transolver/LINEARNO/monitor/analysis/transolver_monitor_output_20260917_074049/LINEARNO/monitor/output/pipe/20260916_194330_pipe_Transolver_train,base,400,400,5,8,0.6384344716
pipe,/home/hwz/Transolver/LINEARNO/monitor/analysis/transolver_monitor_output_20260917_074049/LINEARNO/monitor/output/pipe/20260916_194330_pipe_Transolver_train,base,400,400,6,1,0.595935381
pipe,/home/hwz/Transolver/LINEARNO/monitor/analysis/transolver_monitor_output_20260917_074049/LINEARNO/monitor/output/pipe/20260916_194330_pipe_Transolver_train,base,400,400,6,2,0.5887396447
pipe,/home/hwz/Transolver/LINEARNO/monitor/analysis/transolver_monitor_output_20260917_074049/LINEARNO/monitor/output/pipe/20260916_194330_pipe_Transolver_train,base,400,400,6,3,0.5291883126
pipe,/home/hwz/Transolver/LINEARNO/monitor/analysis/transolver_monitor_output_20260917_074049/LINEARNO/monitor/output/pipe/20260916_194330_pipe_Transolver_train,base,400,400,6,4,0.5237083165
pipe,/home/hwz/Transolver/LINEARNO/monitor/analysis/transolver_monitor_output_20260917_074049/LINEARNO/monitor/output/pipe/20260916_194330_pipe_Transolver_train,base,400,400,6,5,0.5476291282
pipe,/home/hwz/Transolver/LINEARNO/monitor/analysis/transolver_monitor_output_20260917_074049/LINEARNO/monitor/output/pipe/20260916_194330_pipe_Transolver_train,base,400,400,6,6,1
pipe,/home/hwz/Transolver/LINEARNO/monitor/analysis/transolver_monitor_output_20260917_074049/LINEARNO/monitor/output/pipe/20260916_194330_pipe_Transolver_train,base,400,400,6,7,0.5545841185
pipe,/home/hwz/Transolver/LINEARNO/monitor/analysis/transolver_monitor_output_20260917_074049/LINEARNO/monitor/output/pipe/20260916_194330_pipe_Transolver_train,base,400,400,6,8,0.5405966593
pipe,/home/hwz/Transolver/LINEARNO/monitor/analysis/transolver_monitor_output_20260917_074049/LINEARNO/monitor/output/pipe/20260916_194330_pipe_Transolver_train,base,400,400,7,1,0.5381261315
pipe,/home/hwz/Transolver/LINEARNO/monitor/analysis/transolver_monitor_output_20260917_074049/LINEARNO/monitor/output/pipe/20260916_194330_pipe_Transolver_train,base,400,400,7,2,0.5761459265
pipe,/home/hwz/Transolver/LINEARNO/monitor/analysis/transolver_monitor_output_20260917_074049/LINEARNO/monitor/output/pipe/20260916_194330_pipe_Transolver_train,base,400,400,7,3,0.5258579291
pipe,/home/hwz/Transolver/LINEARNO/monitor/analysis/transolver_monitor_output_20260917_074049/LINEARNO/monitor/output/pipe/20260916_194330_pipe_Transolver_train,base,400,400,7,4,0.4939102726
pipe,/home/hwz/Transolver/LINEARNO/monitor/analysis/transolver_monitor_output_20260917_074049/LINEARNO/monitor/output/pipe/20260916_194330_pipe_Transolver_train,base,400,400,7,5,0.558854755
pipe,/home/hwz/Transolver/LINEARNO/monitor/analysis/transolver_monitor_output_20260917_074049/LINEARNO/monitor/output/pipe/20260916_194330_pipe_Transolver_train,base,400,400,7,6,0.5545841185
pipe,/home/hwz/Transolver/LINEARNO/monitor/analysis/transolver_monitor_output_20260917_074049/LINEARNO/monitor/output/pipe/20260916_194330_pipe_Transolver_train,base,400,400,7,7,1
pipe,/home/hwz/Transolver/LINEARNO/monitor/analysis/transolver_monitor_output_20260917_074049/LINEARNO/monitor/output/pipe/20260916_194330_pipe_Transolver_train,base,400,400,7,8,0.5280440506
pipe,/home/hwz/Transolver/LINEARNO/monitor/analysis/transolver_monitor_output_20260917_074049/LINEARNO/monitor/output/pipe/20260916_194330_pipe_Transolver_train,base,400,400,8,1,0.6577708181
pipe,/home/hwz/Transolver/LINEARNO/monitor/analysis/transolver_monitor_output_20260917_074049/LINEARNO/monitor/output/pipe/20260916_194330_pipe_Transolver_train,base,400,400,8,2,0.6449561575
pipe,/home/hwz/Transolver/LINEARNO/monitor/analysis/transolver_monitor_output_20260917_074049/LINEARNO/monitor/output/pipe/20260916_194330_pipe_Transolver_train,base,400,400,8,3,0.6385267228
pipe,/home/hwz/Transolver/LINEARNO/monitor/analysis/transolver_monitor_output_20260917_074049/LINEARNO/monitor/output/pipe/20260916_194330_pipe_Transolver_train,base,400,400,8,4,0.6151861185
pipe,/home/hwz/Transolver/LINEARNO/monitor/analysis/transolver_monitor_output_20260917_074049/LINEARNO/monitor/output/pipe/20260916_194330_pipe_Transolver_train,base,400,400,8,5,0.6384344716
pipe,/home/hwz/Transolver/LINEARNO/monitor/analysis/transolver_monitor_output_20260917_074049/LINEARNO/monitor/output/pipe/20260916_194330_pipe_Transolver_train,base,400,400,8,6,0.5405966593
pipe,/home/hwz/Transolver/LINEARNO/monitor/analysis/transolver_monitor_output_20260917_074049/LINEARNO/monitor/output/pipe/20260916_194330_pipe_Transolver_train,base,400,400,8,7,0.5280440506
pipe,/home/hwz/Transolver/LINEARNO/monitor/analysis/transolver_monitor_output_20260917_074049/LINEARNO/monitor/output/pipe/20260916_194330_pipe_Transolver_train,base,400,400,8,8,1
pipe,/home/hwz/Transolver/LINEARNO/monitor/analysis/transolver_monitor_output_20260917_074049/LINEARNO/monitor/output/pipe/20260916_194330_pipe_Transolver_train,base,500,500,1,1,1
pipe,/home/hwz/Transolver/LINEARNO/monitor/analysis/transolver_monitor_output_20260917_074049/LINEARNO/monitor/output/pipe/20260916_194330_pipe_Transolver_train,base,500,500,1,2,0.7725344263
pipe,/home/hwz/Transolver/LINEARNO/monitor/analysis/transolver_monitor_output_20260917_074049/LINEARNO/monitor/output/pipe/20260916_194330_pipe_Transolver_train,base,500,500,1,3,0.7567553464
pipe,/home/hwz/Transolver/LINEARNO/monitor/analysis/transolver_monitor_output_20260917_074049/LINEARNO/monitor/output/pipe/20260916_194330_pipe_Transolver_train,base,500,500,1,4,0.734309393
pipe,/home/hwz/Transolver/LINEARNO/monitor/analysis/transolver_monitor_output_20260917_074049/LINEARNO/monitor/output/pipe/20260916_194330_pipe_Transolver_train,base,500,500,1,5,0.7374830954
pipe,/home/hwz/Transolver/LINEARNO/monitor/analysis/transolver_monitor_output_20260917_074049/LINEARNO/monitor/output/pipe/20260916_194330_pipe_Transolver_train,base,500,500,1,6,0.5692665456
pipe,/home/hwz/Transolver/LINEARNO/monitor/analysis/transolver_monitor_output_20260917_074049/LINEARNO/monitor/output/pipe/20260916_194330_pipe_Transolver_train,base,500,500,1,7,0.4971467433
pipe,/home/hwz/Transolver/LINEARNO/monitor/analysis/transolver_monitor_output_20260917_074049/LINEARNO/monitor/output/pipe/20260916_194330_pipe_Transolver_train,base,500,500,1,8,0.6398102734
pipe,/home/hwz/Transolver/LINEARNO/monitor/analysis/transolver_monitor_output_20260917_074049/LINEARNO/monitor/output/pipe/20260916_194330_pipe_Transolver_train,base,500,500,2,1,0.7725344263
pipe,/home/hwz/Transolver/LINEARNO/monitor/analysis/transolver_monitor_output_20260917_074049/LINEARNO/monitor/output/pipe/20260916_194330_pipe_Transolver_train,base,500,500,2,2,1
pipe,/home/hwz/Transolver/LINEARNO/monitor/analysis/transolver_monitor_output_20260917_074049/LINEARNO/monitor/output/pipe/20260916_194330_pipe_Transolver_train,base,500,500,2,3,0.7709900495
pipe,/home/hwz/Transolver/LINEARNO/monitor/analysis/transolver_monitor_output_20260917_074049/LINEARNO/monitor/output/pipe/20260916_194330_pipe_Transolver_train,base,500,500,2,4,0.7246489627
pipe,/home/hwz/Transolver/LINEARNO/monitor/analysis/transolver_monitor_output_20260917_074049/LINEARNO/monitor/output/pipe/20260916_194330_pipe_Transolver_train,base,500,500,2,5,0.7580746338
pipe,/home/hwz/Transolver/LINEARNO/monitor/analysis/transolver_monitor_output_20260917_074049/LINEARNO/monitor/output/pipe/20260916_194330_pipe_Transolver_train,base,500,500,2,6,0.5640094578
pipe,/home/hwz/Transolver/LINEARNO/monitor/analysis/transolver_monitor_output_20260917_074049/LINEARNO/monitor/output/pipe/20260916_194330_pipe_Transolver_train,base,500,500,2,7,0.5390405245
pipe,/home/hwz/Transolver/LINEARNO/monitor/analysis/transolver_monitor_output_20260917_074049/LINEARNO/monitor/output/pipe/20260916_194330_pipe_Transolver_train,base,500,500,2,8,0.6276455894
pipe,/home/hwz/Transolver/LINEARNO/monitor/analysis/transolver_monitor_output_20260917_074049/LINEARNO/monitor/output/pipe/20260916_194330_pipe_Transolver_train,base,500,500,3,1,0.7567553464
pipe,/home/hwz/Transolver/LINEARNO/monitor/analysis/transolver_monitor_output_20260917_074049/LINEARNO/monitor/output/pipe/20260916_194330_pipe_Transolver_train,base,500,500,3,2,0.7709900495
pipe,/home/hwz/Transolver/LINEARNO/monitor/analysis/transolver_monitor_output_20260917_074049/LINEARNO/monitor/output/pipe/20260916_194330_pipe_Transolver_train,base,500,500,3,3,1
pipe,/home/hwz/Transolver/LINEARNO/monitor/analysis/transolver_monitor_output_20260917_074049/LINEARNO/monitor/output/pipe/20260916_194330_pipe_Transolver_train,base,500,500,3,4,0.7482566535
pipe,/home/hwz/Transolver/LINEARNO/monitor/analysis/transolver_monitor_output_20260917_074049/LINEARNO/monitor/output/pipe/20260916_194330_pipe_Transolver_train,base,500,500,3,5,0.7541994974
pipe,/home/hwz/Transolver/LINEARNO/monitor/analysis/transolver_monitor_output_20260917_074049/LINEARNO/monitor/output/pipe/20260916_194330_pipe_Transolver_train,base,500,500,3,6,0.5026647393
pipe,/home/hwz/Transolver/LINEARNO/monitor/analysis/transolver_monitor_output_20260917_074049/LINEARNO/monitor/output/pipe/20260916_194330_pipe_Transolver_train,base,500,500,3,7,0.4877511654
pipe,/home/hwz/Transolver/LINEARNO/monitor/analysis/transolver_monitor_output_20260917_074049/LINEARNO/monitor/output/pipe/20260916_194330_pipe_Transolver_train,base,500,500,3,8,0.6188747073
pipe,/home/hwz/Transolver/LINEARNO/monitor/analysis/transolver_monitor_output_20260917_074049/LINEARNO/monitor/output/pipe/20260916_194330_pipe_Transolver_train,base,500,500,4,1,0.734309393
pipe,/home/hwz/Transolver/LINEARNO/monitor/analysis/transolver_monitor_output_20260917_074049/LINEARNO/monitor/output/pipe/20260916_194330_pipe_Transolver_train,base,500,500,4,2,0.7246489627
pipe,/home/hwz/Transolver/LINEARNO/monitor/analysis/transolver_monitor_output_20260917_074049/LINEARNO/monitor/output/pipe/20260916_194330_pipe_Transolver_train,base,500,500,4,3,0.7482566535
pipe,/home/hwz/Transolver/LINEARNO/monitor/analysis/transolver_monitor_output_20260917_074049/LINEARNO/monitor/output/pipe/20260916_194330_pipe_Transolver_train,base,500,500,4,4,1
pipe,/home/hwz/Transolver/LINEARNO/monitor/analysis/transolver_monitor_output_20260917_074049/LINEARNO/monitor/output/pipe/20260916_194330_pipe_Transolver_train,base,500,500,4,5,0.7180166077
pipe,/home/hwz/Transolver/LINEARNO/monitor/analysis/transolver_monitor_output_20260917_074049/LINEARNO/monitor/output/pipe/20260916_194330_pipe_Transolver_train,base,500,500,4,6,0.5008093878
pipe,/home/hwz/Transolver/LINEARNO/monitor/analysis/transolver_monitor_output_20260917_074049/LINEARNO/monitor/output/pipe/20260916_194330_pipe_Transolver_train,base,500,500,4,7,0.4641825268
pipe,/home/hwz/Transolver/LINEARNO/monitor/analysis/transolver_monitor_output_20260917_074049/LINEARNO/monitor/output/pipe/20260916_194330_pipe_Transolver_train,base,500,500,4,8,0.5992344161
pipe,/home/hwz/Transolver/LINEARNO/monitor/analysis/transolver_monitor_output_20260917_074049/LINEARNO/monitor/output/pipe/20260916_194330_pipe_Transolver_train,base,500,500,5,1,0.7374830954
pipe,/home/hwz/Transolver/LINEARNO/monitor/analysis/transolver_monitor_output_20260917_074049/LINEARNO/monitor/output/pipe/20260916_194330_pipe_Transolver_train,base,500,500,5,2,0.7580746338
pipe,/home/hwz/Transolver/LINEARNO/monitor/analysis/transolver_monitor_output_20260917_074049/LINEARNO/monitor/output/pipe/20260916_194330_pipe_Transolver_train,base,500,500,5,3,0.7541994974
pipe,/home/hwz/Transolver/LINEARNO/monitor/analysis/transolver_monitor_output_20260917_074049/LINEARNO/monitor/output/pipe/20260916_194330_pipe_Transolver_train,base,500,500,5,4,0.7180166077
pipe,/home/hwz/Transolver/LINEARNO/monitor/analysis/transolver_monitor_output_20260917_074049/LINEARNO/monitor/output/pipe/20260916_194330_pipe_Transolver_train,base,500,500,5,5,1
pipe,/home/hwz/Transolver/LINEARNO/monitor/analysis/transolver_monitor_output_20260917_074049/LINEARNO/monitor/output/pipe/20260916_194330_pipe_Transolver_train,base,500,500,5,6,0.5306218462
pipe,/home/hwz/Transolver/LINEARNO/monitor/analysis/transolver_monitor_output_20260917_074049/LINEARNO/monitor/output/pipe/20260916_194330_pipe_Transolver_train,base,500,500,5,7,0.5215108432
pipe,/home/hwz/Transolver/LINEARNO/monitor/analysis/transolver_monitor_output_20260917_074049/LINEARNO/monitor/output/pipe/20260916_194330_pipe_Transolver_train,base,500,500,5,8,0.6172803361
pipe,/home/hwz/Transolver/LINEARNO/monitor/analysis/transolver_monitor_output_20260917_074049/LINEARNO/monitor/output/pipe/20260916_194330_pipe_Transolver_train,base,500,500,6,1,0.5692665456
pipe,/home/hwz/Transolver/LINEARNO/monitor/analysis/transolver_monitor_output_20260917_074049/LINEARNO/monitor/output/pipe/20260916_194330_pipe_Transolver_train,base,500,500,6,2,0.5640094578
pipe,/home/hwz/Transolver/LINEARNO/monitor/analysis/transolver_monitor_output_20260917_074049/LINEARNO/monitor/output/pipe/20260916_194330_pipe_Transolver_train,base,500,500,6,3,0.5026647393
pipe,/home/hwz/Transolver/LINEARNO/monitor/analysis/transolver_monitor_output_20260917_074049/LINEARNO/monitor/output/pipe/20260916_194330_pipe_Transolver_train,base,500,500,6,4,0.5008093878
pipe,/home/hwz/Transolver/LINEARNO/monitor/analysis/transolver_monitor_output_20260917_074049/LINEARNO/monitor/output/pipe/20260916_194330_pipe_Transolver_train,base,500,500,6,5,0.5306218462
pipe,/home/hwz/Transolver/LINEARNO/monitor/analysis/transolver_monitor_output_20260917_074049/LINEARNO/monitor/output/pipe/20260916_194330_pipe_Transolver_train,base,500,500,6,6,1
pipe,/home/hwz/Transolver/LINEARNO/monitor/analysis/transolver_monitor_output_20260917_074049/LINEARNO/monitor/output/pipe/20260916_194330_pipe_Transolver_train,base,500,500,6,7,0.5237898221
pipe,/home/hwz/Transolver/LINEARNO/monitor/analysis/transolver_monitor_output_20260917_074049/LINEARNO/monitor/output/pipe/20260916_194330_pipe_Transolver_train,base,500,500,6,8,0.5131164361
pipe,/home/hwz/Transolver/LINEARNO/monitor/analysis/transolver_monitor_output_20260917_074049/LINEARNO/monitor/output/pipe/20260916_194330_pipe_Transolver_train,base,500,500,7,1,0.4971467433
pipe,/home/hwz/Transolver/LINEARNO/monitor/analysis/transolver_monitor_output_20260917_074049/LINEARNO/monitor/output/pipe/20260916_194330_pipe_Transolver_train,base,500,500,7,2,0.5390405245
pipe,/home/hwz/Transolver/LINEARNO/monitor/analysis/transolver_monitor_output_20260917_074049/LINEARNO/monitor/output/pipe/20260916_194330_pipe_Transolver_train,base,500,500,7,3,0.4877511654
pipe,/home/hwz/Transolver/LINEARNO/monitor/analysis/transolver_monitor_output_20260917_074049/LINEARNO/monitor/output/pipe/20260916_194330_pipe_Transolver_train,base,500,500,7,4,0.4641825268
pipe,/home/hwz/Transolver/LINEARNO/monitor/analysis/transolver_monitor_output_20260917_074049/LINEARNO/monitor/output/pipe/20260916_194330_pipe_Transolver_train,base,500,500,7,5,0.5215108432
pipe,/home/hwz/Transolver/LINEARNO/monitor/analysis/transolver_monitor_output_20260917_074049/LINEARNO/monitor/output/pipe/20260916_194330_pipe_Transolver_train,base,500,500,7,6,0.5237898221
pipe,/home/hwz/Transolver/LINEARNO/monitor/analysis/transolver_monitor_output_20260917_074049/LINEARNO/monitor/output/pipe/20260916_194330_pipe_Transolver_train,base,500,500,7,7,1
pipe,/home/hwz/Transolver/LINEARNO/monitor/analysis/transolver_monitor_output_20260917_074049/LINEARNO/monitor/output/pipe/20260916_194330_pipe_Transolver_train,base,500,500,7,8,0.4907414829
pipe,/home/hwz/Transolver/LINEARNO/monitor/analysis/transolver_monitor_output_20260917_074049/LINEARNO/monitor/output/pipe/20260916_194330_pipe_Transolver_train,base,500,500,8,1,0.6398102734
pipe,/home/hwz/Transolver/LINEARNO/monitor/analysis/transolver_monitor_output_20260917_074049/LINEARNO/monitor/output/pipe/20260916_194330_pipe_Transolver_train,base,500,500,8,2,0.6276455894
pipe,/home/hwz/Transolver/LINEARNO/monitor/analysis/transolver_monitor_output_20260917_074049/LINEARNO/monitor/output/pipe/20260916_194330_pipe_Transolver_train,base,500,500,8,3,0.6188747073
pipe,/home/hwz/Transolver/LINEARNO/monitor/analysis/transolver_monitor_output_20260917_074049/LINEARNO/monitor/output/pipe/20260916_194330_pipe_Transolver_train,base,500,500,8,4,0.5992344161
pipe,/home/hwz/Transolver/LINEARNO/monitor/analysis/transolver_monitor_output_20260917_074049/LINEARNO/monitor/output/pipe/20260916_194330_pipe_Transolver_train,base,500,500,8,5,0.6172803361
pipe,/home/hwz/Transolver/LINEARNO/monitor/analysis/transolver_monitor_output_20260917_074049/LINEARNO/monitor/output/pipe/20260916_194330_pipe_Transolver_train,base,500,500,8,6,0.5131164361
pipe,/home/hwz/Transolver/LINEARNO/monitor/analysis/transolver_monitor_output_20260917_074049/LINEARNO/monitor/output/pipe/20260916_194330_pipe_Transolver_train,base,500,500,8,7,0.4907414829
pipe,/home/hwz/Transolver/LINEARNO/monitor/analysis/transolver_monitor_output_20260917_074049/LINEARNO/monitor/output/pipe/20260916_194330_pipe_Transolver_train,base,500,500,8,8,1
